{
  "name": "AS4--3501-6-UD",
  "thick": 0.125,
  "angle": 45.0,
  "core": false,
  "rho": 1.58e-09,
  "gsm": 197.5,
  "Ex": 142000.0,
  "Ey": 10300.0,
  "Es": 5700.0,
  "nux": 0.27,
  "nuy": 0.01958450704225352,
  "Xt": 2280.0,
  "Xc": 1440.0,
  "Yt": 57.0,
  "Yc": 228.0,
  "S": 71.0,
  "Qxys": [
    [
      142754.86156976683,
      2795.7835917290254,
      0.0
    ],
    [
      2795.7835917290254,
      10354.754043440835,
      0.0
    ],
    [
      0.0,
      0.0,
      5700.0
    ]
  ],
  "Sxys": [
    [
      7.042253521126761e-06,
      -1.9014084507042254e-06,
      0.0
    ],
    [
      -1.9014084507042254e-06,
      9.70873786407767e-05,
      0.0
    ],
    [
      0.0,
      0.0,
      0.00017543859649122806
    ]
  ],
  "Qxys_vec": [
    [
      142754.86156976683
    ],
    [
      10354.754043440835
    ],
    [
      2795.7835917290254
    ],
    [
      5700.0
    ]
  ],
  "Sxys_vec": [
    [
      7.042253521126761e-06
    ],
    [
      9.70873786407767e-05
    ],
    [
      -1.9014084507042254e-06
    ],
    [
      0.00017543859649122806
    ]
  ],
  "Ts_p": [
    [
      0.5000000000000001,
      0.5000000000000001,
      1.0000000000000002
    ],
    [
      0.5000000000000001,
      0.5000000000000001,
      -1.0000000000000002
    ],
    [
      -0.5000000000000001,
      0.5000000000000001,
      0.0
    ]
  ],
  "Ts_n": [
    [
      0.4999999999999999,
      0.4999999999999999,
      -0.9999999999999998
    ],
    [
      0.4999999999999999,
      0.4999999999999999,
      0.9999999999999998
    ],
    [
      0.4999999999999999,
      -0.4999999999999999,
      -0.0
    ]
  ],
  "Te_p": [
    [
      0.5000000000000001,
      0.5000000000000001,
      0.5000000000000001
    ],
    [
      0.5000000000000001,
      0.5000000000000001,
      -0.5000000000000001
    ],
    [
      -1.0000000000000002,
      1.0000000000000002,
      0.0
    ]
  ],
  "Te_n": [
    [
      0.4999999999999999,
      0.4999999999999999,
      -0.4999999999999999
    ],
    [
      0.4999999999999999,
      0.4999999999999999,
      0.4999999999999999
    ],
    [
      0.9999999999999998,
      -0.9999999999999998,
      0.0
    ]
  ],
  "Tstiff_p": [
    [
      0.25000000000000006,
      0.25000000000000006,
      0.5000000000000002,
      1.0000000000000004
    ],
    [
      0.25000000000000006,
      0.25000000000000006,
      0.5000000000000002,
      1.0000000000000004
    ],
    [
      0.2500000000000001,
      0.2500000000000001,
      0.5000000000000001,
      -1.0000000000000004
    ],
    [
      0.2500000000000001,
      0.2500000000000001,
      -0.5000000000000002,
      0.0
    ],
    [
      0.25000000000000006,
      -0.25000000000000006,
      0.0,
      0.0
    ],
    [
      0.25000000000000006,
      -0.25000000000000006,
      0.0,
      0.0
    ]
  ],
  "Tcompl_p": [
    [
      0.25000000000000006,
      0.25000000000000006,
      0.5000000000000002,
      0.2500000000000001
    ],
    [
      0.25000000000000006,
      0.25000000000000006,
      0.5000000000000002,
      0.2500000000000001
    ],
    [
      0.2500000000000001,
      0.2500000000000001,
      0.5000000000000001,
      -0.2500000000000001
    ],
    [
      1.0000000000000004,
      1.0000000000000004,
      -2.000000000000001,
      0.0
    ],
    [
      0.5000000000000001,
      -0.5000000000000001,
      0.0,
      0.0
    ],
    [
      0.5000000000000001,
      -0.5000000000000001,
      0.0,
      0.0
    ]
  ],
  "Tstiff_n": [
    [
      0.24999999999999978,
      0.2499999999999997,
      0.49999999999999944,
      0.9999999999999997,
      0.9999999999999993,
      0.9999999999999993
    ],
    [
      0.24999999999999933,
      0.25000000000000033,
      0.5,
      0.9999999999999994,
      -0.9999999999999991,
      -0.9999999999999991
    ],
    [
      0.24999999999999986,
      0.24999999999999975,
      0.4999999999999997,
      -0.9999999999999996,
      -3.558934159973681e-16,
      -3.558934159973681e-16
    ],
    [
      0.24999999999999972,
      0.24999999999999992,
      -0.5000000000000001,
      -3.398511423699081e-17,
      -7.196563164114692e-17,
      -7.196563164114692e-17
    ]
  ],
  "Tcompl_n": [
    [
      0.25000000000000006,
      0.24999999999999997,
      0.49999999999999994,
      0.24999999999999975,
      0.4999999999999997,
      0.4999999999999997
    ],
    [
      0.24999999999999978,
      0.24999999999999994,
      0.5,
      0.2499999999999997,
      -0.4999999999999999,
      -0.4999999999999999
    ],
    [
      0.24999999999999986,
      0.24999999999999983,
      0.49999999999999994,
      -0.24999999999999986,
      1.0612488825548276e-16,
      1.0612488825548276e-16
    ],
    [
      0.9999999999999988,
      0.9999999999999994,
      -2.0000000000000004,
      -4.2375560845201367e-16,
      9.289979767371254e-16,
      9.289979767371254e-16
    ]
  ],
  "Q126": [
    [
      45375.29569916643,
      33975.29569916643,
      33100.0268815815
    ],
    [
      33975.29569916643,
      45375.29569916643,
      33100.0268815815
    ],
    [
      33100.02688158149,
      33100.02688158149,
      36879.512107437404
    ]
  ],
  "S126": [
    [
      6.894135293793077e-05,
      -1.8777945307683263e-05,
      -4.5022562559824974e-05
    ],
    [
      -1.8777945307683263e-05,
      6.894135293793077e-05,
      -4.5022562559824974e-05
    ],
    [
      -4.5022562559824974e-05,
      -4.5022562559824974e-05,
      0.00010793244906331191
    ]
  ],
  "Q126_vec": [
    [
      45375.29569916644
    ],
    [
      45375.29569916644
    ],
    [
      33975.29569916644
    ],
    [
      36879.51210743742
    ],
    [
      33100.02688158151
    ],
    [
      33100.02688158151
    ]
  ],
  "S126_vec": [
    [
      6.89413529379308e-05
    ],
    [
      6.89413529379308e-05
    ],
    [
      -1.877794530768327e-05
    ],
    [
      0.00010793244906331196
    ],
    [
      -4.502256255982499e-05
    ],
    [
      -4.502256255982499e-05
    ]
  ],
  "Fxx": 3.0458089668615986e-07,
  "Fyy": 7.694675284702985e-05,
  "Fss": 0.00019837333862328903,
  "Fxy": -2.4205635180282233e-06,
  "Fx": -0.0002558479532163743,
  "Fy": 0.013157894736842105
}