{
  "name": "Boron--Epoxy-B56--5505",
  "thick": 0.125,
  "angle": 0.0,
  "core": false,
  "rho": 2.03e-09,
  "gsm": 253.74999999999997,
  "Ex": 201000.0,
  "Ey": 21700.0,
  "Es": 5400.0,
  "nux": 0.17,
  "nuy": 0.018353233830845774,
  "Xt": 1380.0,
  "Xc": 1600.0,
  "Yt": 56.0,
  "Yc": 125.0,
  "S": 62.0,
  "Qxys": [
    [
      201629.09280083678,
      3700.545887275059,
      0.0
    ],
    [
      3700.545887275059,
      21767.916983970936,
      0.0
    ],
    [
      0.0,
      0.0,
      5400.0
    ]
  ],
  "Sxys": [
    [
      4.975124378109453e-06,
      -8.457711442786071e-07,
      0.0
    ],
    [
      -8.45771144278607e-07,
      4.608294930875576e-05,
      0.0
    ],
    [
      0.0,
      0.0,
      0.00018518518518518518
    ]
  ],
  "Qxys_vec": [
    [
      201629.09280083678
    ],
    [
      21767.916983970936
    ],
    [
      3700.545887275059
    ],
    [
      5400.0
    ]
  ],
  "Sxys_vec": [
    [
      4.975124378109453e-06
    ],
    [
      4.608294930875576e-05
    ],
    [
      -8.457711442786071e-07
    ],
    [
      0.00018518518518518518
    ]
  ],
  "Ts_p": [
    [
      1.0,
      0.0,
      0.0
    ],
    [
      0.0,
      1.0,
      -0.0
    ],
    [
      -0.0,
      0.0,
      1.0
    ]
  ],
  "Ts_n": [
    [
      1.0,
      0.0,
      0.0
    ],
    [
      0.0,
      1.0,
      0.0
    ],
    [
      0.0,
      0.0,
      1.0
    ]
  ],
  "Te_p": [
    [
      1.0,
      0.0,
      0.0
    ],
    [
      0.0,
      1.0,
      -0.0
    ],
    [
      -0.0,
      0.0,
      1.0
    ]
  ],
  "Te_n": [
    [
      1.0,
      0.0,
      0.0
    ],
    [
      0.0,
      1.0,
      0.0
    ],
    [
      0.0,
      0.0,
      1.0
    ]
  ],
  "Tstiff_p": [
    [
      1.0,
      0.0,
      0.0,
      0.0
    ],
    [
      0.0,
      1.0,
      0.0,
      0.0
    ],
    [
      0.0,
      0.0,
      1.0,
      -0.0
    ],
    [
      0.0,
      0.0,
      -0.0,
      1.0
    ],
    [
      0.0,
      -0.0,
      0.0,
      0.0
    ],
    [
      0.0,
      -0.0,
      0.0,
      0.0
    ]
  ],
  "Tcompl_p": [
    [
      1.0,
      0.0,
      0.0,
      0.0
    ],
    [
      0.0,
      1.0,
      0.0,
      0.0
    ],
    [
      0.0,
      0.0,
      1.0,
      -0.0
    ],
    [
      0.0,
      0.0,
      -0.0,
      1.0
    ],
    [
      0.0,
      -0.0,
      0.0,
      0.0
    ],
    [
      0.0,
      -0.0,
      0.0,
      0.0
    ]
  ],
  "Tstiff_n": [
    [
      1.0,
      0.0,
      0.0,
      0.0,
      0.0,
      0.0
    ],
    [
      0.0,
      1.0,
      0.0,
      0.0,
      0.0,
      0.0
    ],
    [
      0.0,
      0.0,
      1.0,
      0.0,
      0.0,
      0.0
    ],
    [
      0.0,
      0.0,
      0.0,
      1.0,
      0.0,
      0.0
    ]
  ],
  "Tcompl_n": [
    [
      1.0,
      0.0,
      0.0,
      0.0,
      0.0,
      0.0
    ],
    [
      0.0,
      1.0,
      0.0,
      0.0,
      0.0,
      0.0
    ],
    [
      0.0,
      0.0,
      1.0,
      0.0,
      0.0,
      0.0
    ],
    [
      0.0,
      0.0,
      0.0,
      1.0,
      0.0,
      0.0
    ]
  ],
  "Q126": [
    [
      201629.09280083678,
      3700.545887275059,
      0.0
    ],
    [
      3700.545887275059,
      21767.916983970936,
      0.0
    ],
    [
      0.0,
      0.0,
      5400.0
    ]
  ],
  "S126": [
    [
      4.975124378109453e-06,
      -8.457711442786071e-07,
      0.0
    ],
    [
      -8.45771144278607e-07,
      4.608294930875576e-05,
      0.0
    ],
    [
      0.0,
      0.0,
      0.00018518518518518518
    ]
  ],
  "Q126_vec": [
    [
      201629.09280083678
    ],
    [
      21767.916983970936
    ],
    [
      3700.545887275059
    ],
    [
      5400.0
    ],
    [
      0.0
    ],
    [
      0.0
    ]
  ],
  "S126_vec": [
    [
      4.975124378109453e-06
    ],
    [
      4.608294930875576e-05
    ],
    [
      -8.457711442786071e-07
    ],
    [
      0.00018518518518518518
    ],
    [
      0.0
    ],
    [
      0.0
    ]
  ],
  "Fxx": 4.5289855072463766e-07,
  "Fyy": 0.00014285714285714287,
  "Fss": 0.00026014568158168577,
  "Fxy": -4.021809075548668e-06,
  "Fx": 9.963768115942029e-05,
  "Fy": 0.009857142857142856
}