{
  "name": "CFRP-T300--5208",
  "thick": 0.125,
  "angle": 45.0,
  "core": false,
  "rho": 1.6e-09,
  "gsm": 200.0,
  "Ex": 181000.0,
  "Ey": 10300.0,
  "Es": 7170.0,
  "nux": 0.28,
  "nuy": 0.015933701657458565,
  "Xt": 1500.0,
  "Xc": 1500.0,
  "Yt": 40.0,
  "Yc": 246.0,
  "S": 68.0,
  "Qxys": [
    [
      181811.13884441793,
      2896.924444349731,
      0.0
    ],
    [
      2896.9244443497314,
      10346.158729820467,
      0.0
    ],
    [
      0.0,
      0.0,
      7170.0
    ]
  ],
  "Sxys": [
    [
      5.524861878453038e-06,
      -1.546961325966851e-06,
      0.0
    ],
    [
      -1.546961325966851e-06,
      9.70873786407767e-05,
      0.0
    ],
    [
      0.0,
      0.0,
      0.0001394700139470014
    ]
  ],
  "Qxys_vec": [
    [
      181811.13884441793
    ],
    [
      10346.158729820467
    ],
    [
      2896.924444349731
    ],
    [
      7170.0
    ]
  ],
  "Sxys_vec": [
    [
      5.524861878453038e-06
    ],
    [
      9.70873786407767e-05
    ],
    [
      -1.546961325966851e-06
    ],
    [
      0.0001394700139470014
    ]
  ],
  "Ts_p": [
    [
      0.5000000000000001,
      0.5000000000000001,
      1.0000000000000002
    ],
    [
      0.5000000000000001,
      0.5000000000000001,
      -1.0000000000000002
    ],
    [
      -0.5000000000000001,
      0.5000000000000001,
      0.0
    ]
  ],
  "Ts_n": [
    [
      0.4999999999999999,
      0.4999999999999999,
      -0.9999999999999998
    ],
    [
      0.4999999999999999,
      0.4999999999999999,
      0.9999999999999998
    ],
    [
      0.4999999999999999,
      -0.4999999999999999,
      -0.0
    ]
  ],
  "Te_p": [
    [
      0.5000000000000001,
      0.5000000000000001,
      0.5000000000000001
    ],
    [
      0.5000000000000001,
      0.5000000000000001,
      -0.5000000000000001
    ],
    [
      -1.0000000000000002,
      1.0000000000000002,
      0.0
    ]
  ],
  "Te_n": [
    [
      0.4999999999999999,
      0.4999999999999999,
      -0.4999999999999999
    ],
    [
      0.4999999999999999,
      0.4999999999999999,
      0.4999999999999999
    ],
    [
      0.9999999999999998,
      -0.9999999999999998,
      0.0
    ]
  ],
  "Tstiff_p": [
    [
      0.25000000000000006,
      0.25000000000000006,
      0.5000000000000002,
      1.0000000000000004
    ],
    [
      0.25000000000000006,
      0.25000000000000006,
      0.5000000000000002,
      1.0000000000000004
    ],
    [
      0.2500000000000001,
      0.2500000000000001,
      0.5000000000000001,
      -1.0000000000000004
    ],
    [
      0.2500000000000001,
      0.2500000000000001,
      -0.5000000000000002,
      0.0
    ],
    [
      0.25000000000000006,
      -0.25000000000000006,
      0.0,
      0.0
    ],
    [
      0.25000000000000006,
      -0.25000000000000006,
      0.0,
      0.0
    ]
  ],
  "Tcompl_p": [
    [
      0.25000000000000006,
      0.25000000000000006,
      0.5000000000000002,
      0.2500000000000001
    ],
    [
      0.25000000000000006,
      0.25000000000000006,
      0.5000000000000002,
      0.2500000000000001
    ],
    [
      0.2500000000000001,
      0.2500000000000001,
      0.5000000000000001,
      -0.2500000000000001
    ],
    [
      1.0000000000000004,
      1.0000000000000004,
      -2.000000000000001,
      0.0
    ],
    [
      0.5000000000000001,
      -0.5000000000000001,
      0.0,
      0.0
    ],
    [
      0.5000000000000001,
      -0.5000000000000001,
      0.0,
      0.0
    ]
  ],
  "Tstiff_n": [
    [
      0.24999999999999978,
      0.2499999999999997,
      0.49999999999999944,
      0.9999999999999997,
      0.9999999999999993,
      0.9999999999999993
    ],
    [
      0.24999999999999933,
      0.25000000000000033,
      0.5,
      0.9999999999999994,
      -0.9999999999999991,
      -0.9999999999999991
    ],
    [
      0.24999999999999986,
      0.24999999999999975,
      0.4999999999999997,
      -0.9999999999999996,
      -3.558934159973681e-16,
      -3.558934159973681e-16
    ],
    [
      0.24999999999999972,
      0.24999999999999992,
      -0.5000000000000001,
      -3.398511423699081e-17,
      -7.196563164114692e-17,
      -7.196563164114692e-17
    ]
  ],
  "Tcompl_n": [
    [
      0.25000000000000006,
      0.24999999999999997,
      0.49999999999999994,
      0.24999999999999975,
      0.4999999999999997,
      0.4999999999999997
    ],
    [
      0.24999999999999978,
      0.24999999999999994,
      0.5,
      0.2499999999999997,
      -0.4999999999999999,
      -0.4999999999999999
    ],
    [
      0.24999999999999986,
      0.24999999999999983,
      0.49999999999999994,
      -0.24999999999999986,
      1.0612488825548276e-16,
      1.0612488825548276e-16
    ],
    [
      0.9999999999999988,
      0.9999999999999994,
      -2.0000000000000004,
      -4.2375560845201367e-16,
      9.289979767371254e-16,
      9.289979767371254e-16
    ]
  ],
  "Q126": [
    [
      56657.78661573447,
      42317.78661573447,
      42866.24502864937
    ],
    [
      42317.78661573447,
      56657.78661573447,
      42866.24502864937
    ],
    [
      42866.24502864936,
      42866.24502864936,
      46590.86217138473
    ]
  ],
  "S126": [
    [
      5.9747082953574364e-05,
      -9.987924019926339e-06,
      -4.578125838116183e-05
    ],
    [
      -9.987924019926339e-06,
      5.9747082953574364e-05,
      -4.578125838116183e-05
    ],
    [
      -4.578125838116183e-05,
      -4.578125838116183e-05,
      0.00010570616317116345
    ]
  ],
  "Q126_vec": [
    [
      56657.786615734476
    ],
    [
      56657.786615734476
    ],
    [
      42317.78661573448
    ],
    [
      46590.86217138476
    ],
    [
      42866.24502864937
    ],
    [
      42866.24502864937
    ]
  ],
  "S126_vec": [
    [
      5.974708295357438e-05
    ],
    [
      5.974708295357438e-05
    ],
    [
      -9.987924019926342e-06
    ],
    [
      0.00010570616317116349
    ],
    [
      -4.5781258381161845e-05
    ],
    [
      -4.5781258381161845e-05
    ]
  ],
  "Fxx": 4.4444444444444444e-07,
  "Fyy": 0.0001016260162601626,
  "Fss": 0.00021626297577854672,
  "Fxy": -3.3603243272729658e-06,
  "Fx": 0.0,
  "Fy": 0.020934959349593496
}