{
  "name": "WGlass--Epoxy-120--3501-6",
  "thick": 0.3,
  "angle": 0.0,
  "core": false,
  "rho": 1.97e-09,
  "gsm": 591.0,
  "Ex": 27500.0,
  "Ey": 26700.0,
  "Es": 5500.0,
  "nux": 0.14,
  "nuy": 0.13592727272727276,
  "Xt": 435.0,
  "Xc": 435.0,
  "Yt": 386.0,
  "Yc": 386.0,
  "S": 55.0,
  "Qxys": [
    [
      28033.47187274342,
      3810.5133767387247,
      0.0
    ],
    [
      3810.513376738724,
      27217.952690990885,
      0.0
    ],
    [
      0.0,
      0.0,
      5500.0
    ]
  ],
  "Sxys": [
    [
      3.6363636363636364e-05,
      -5.090909090909092e-06,
      0.0
    ],
    [
      -5.090909090909091e-06,
      3.745318352059925e-05,
      0.0
    ],
    [
      0.0,
      0.0,
      0.0001818181818181818
    ]
  ],
  "Qxys_vec": [
    [
      28033.47187274342
    ],
    [
      27217.952690990885
    ],
    [
      3810.5133767387247
    ],
    [
      5500.0
    ]
  ],
  "Sxys_vec": [
    [
      3.6363636363636364e-05
    ],
    [
      3.745318352059925e-05
    ],
    [
      -5.090909090909092e-06
    ],
    [
      0.0001818181818181818
    ]
  ],
  "Ts_p": [
    [
      1.0,
      0.0,
      0.0
    ],
    [
      0.0,
      1.0,
      -0.0
    ],
    [
      -0.0,
      0.0,
      1.0
    ]
  ],
  "Ts_n": [
    [
      1.0,
      0.0,
      0.0
    ],
    [
      0.0,
      1.0,
      0.0
    ],
    [
      0.0,
      0.0,
      1.0
    ]
  ],
  "Te_p": [
    [
      1.0,
      0.0,
      0.0
    ],
    [
      0.0,
      1.0,
      -0.0
    ],
    [
      -0.0,
      0.0,
      1.0
    ]
  ],
  "Te_n": [
    [
      1.0,
      0.0,
      0.0
    ],
    [
      0.0,
      1.0,
      0.0
    ],
    [
      0.0,
      0.0,
      1.0
    ]
  ],
  "Tstiff_p": [
    [
      1.0,
      0.0,
      0.0,
      0.0
    ],
    [
      0.0,
      1.0,
      0.0,
      0.0
    ],
    [
      0.0,
      0.0,
      1.0,
      -0.0
    ],
    [
      0.0,
      0.0,
      -0.0,
      1.0
    ],
    [
      0.0,
      -0.0,
      0.0,
      0.0
    ],
    [
      0.0,
      -0.0,
      0.0,
      0.0
    ]
  ],
  "Tcompl_p": [
    [
      1.0,
      0.0,
      0.0,
      0.0
    ],
    [
      0.0,
      1.0,
      0.0,
      0.0
    ],
    [
      0.0,
      0.0,
      1.0,
      -0.0
    ],
    [
      0.0,
      0.0,
      -0.0,
      1.0
    ],
    [
      0.0,
      -0.0,
      0.0,
      0.0
    ],
    [
      0.0,
      -0.0,
      0.0,
      0.0
    ]
  ],
  "Tstiff_n": [
    [
      1.0,
      0.0,
      0.0,
      0.0,
      0.0,
      0.0
    ],
    [
      0.0,
      1.0,
      0.0,
      0.0,
      0.0,
      0.0
    ],
    [
      0.0,
      0.0,
      1.0,
      0.0,
      0.0,
      0.0
    ],
    [
      0.0,
      0.0,
      0.0,
      1.0,
      0.0,
      0.0
    ]
  ],
  "Tcompl_n": [
    [
      1.0,
      0.0,
      0.0,
      0.0,
      0.0,
      0.0
    ],
    [
      0.0,
      1.0,
      0.0,
      0.0,
      0.0,
      0.0
    ],
    [
      0.0,
      0.0,
      1.0,
      0.0,
      0.0,
      0.0
    ],
    [
      0.0,
      0.0,
      0.0,
      1.0,
      0.0,
      0.0
    ]
  ],
  "Q126": [
    [
      28033.47187274342,
      3810.5133767387247,
      0.0
    ],
    [
      3810.513376738724,
      27217.952690990885,
      0.0
    ],
    [
      0.0,
      0.0,
      5500.0
    ]
  ],
  "S126": [
    [
      3.6363636363636364e-05,
      -5.090909090909092e-06,
      0.0
    ],
    [
      -5.090909090909091e-06,
      3.745318352059925e-05,
      0.0
    ],
    [
      0.0,
      0.0,
      0.0001818181818181818
    ]
  ],
  "Q126_vec": [
    [
      28033.47187274342
    ],
    [
      27217.952690990885
    ],
    [
      3810.5133767387247
    ],
    [
      5500.0
    ],
    [
      0.0
    ],
    [
      0.0
    ]
  ],
  "S126_vec": [
    [
      3.6363636363636364e-05
    ],
    [
      3.745318352059925e-05
    ],
    [
      -5.090909090909092e-06
    ],
    [
      0.0001818181818181818
    ],
    [
      0.0
    ],
    [
      0.0
    ]
  ],
  "Fxx": 5.2847139648566525e-06,
  "Fyy": 6.71158957287444e-06,
  "Fss": 0.00033057851239669424,
  "Fxy": -2.977785718539694e-06,
  "Fx": 0.0,
  "Fy": 0.0
}