{
  "name": "CFRP-AS4--3501-6",
  "thick": 0.125,
  "angle": 90.0,
  "core": false,
  "rho": 1.6e-09,
  "gsm": 200.0,
  "Ex": 147000.0,
  "Ey": 10300.0,
  "Es": 7000.0,
  "nux": 0.27,
  "nuy": 0.018918367346938775,
  "Xt": 2280.0,
  "Xc": 1725.0,
  "Yt": 57.0,
  "Yc": 228.0,
  "S": 76.0,
  "Qxys": [
    [
      147754.7251050314,
      2795.278166782941,
      0.0
    ],
    [
      2795.278166782941,
      10352.882099196077,
      0.0
    ],
    [
      0.0,
      0.0,
      7000.0
    ]
  ],
  "Sxys": [
    [
      6.8027210884353745e-06,
      -1.836734693877551e-06,
      0.0
    ],
    [
      -1.8367346938775512e-06,
      9.70873786407767e-05,
      0.0
    ],
    [
      0.0,
      0.0,
      0.00014285714285714287
    ]
  ],
  "Qxys_vec": [
    [
      147754.7251050314
    ],
    [
      10352.882099196077
    ],
    [
      2795.278166782941
    ],
    [
      7000.0
    ]
  ],
  "Sxys_vec": [
    [
      6.8027210884353745e-06
    ],
    [
      9.70873786407767e-05
    ],
    [
      -1.836734693877551e-06
    ],
    [
      0.00014285714285714287
    ]
  ],
  "Ts_p": [
    [
      3.749399456654644e-33,
      1.0,
      1.2246467991473532e-16
    ],
    [
      1.0,
      3.749399456654644e-33,
      -1.2246467991473532e-16
    ],
    [
      -6.123233995736766e-17,
      6.123233995736766e-17,
      -1.0
    ]
  ],
  "Ts_n": [
    [
      3.749399456654644e-33,
      1.0,
      -1.2246467991473532e-16
    ],
    [
      1.0,
      3.749399456654644e-33,
      1.2246467991473532e-16
    ],
    [
      6.123233995736766e-17,
      -6.123233995736766e-17,
      -1.0
    ]
  ],
  "Te_p": [
    [
      3.749399456654644e-33,
      1.0,
      6.123233995736766e-17
    ],
    [
      1.0,
      3.749399456654644e-33,
      -6.123233995736766e-17
    ],
    [
      -1.2246467991473532e-16,
      1.2246467991473532e-16,
      -1.0
    ]
  ],
  "Te_n": [
    [
      3.749399456654644e-33,
      1.0,
      -6.123233995736766e-17
    ],
    [
      1.0,
      3.749399456654644e-33,
      6.123233995736766e-17
    ],
    [
      1.2246467991473532e-16,
      -1.2246467991473532e-16,
      -1.0
    ]
  ],
  "Tstiff_p": [
    [
      1.4057996285562142e-65,
      1.0,
      7.498798913309288e-33,
      1.4997597826618576e-32
    ],
    [
      1.0,
      1.4057996285562142e-65,
      7.498798913309288e-33,
      1.4997597826618576e-32
    ],
    [
      3.749399456654644e-33,
      3.749399456654644e-33,
      1.0,
      -1.4997597826618576e-32
    ],
    [
      3.749399456654644e-33,
      3.749399456654644e-33,
      -7.498798913309288e-33,
      1.0
    ],
    [
      2.2958450216584675e-49,
      -6.123233995736766e-17,
      6.123233995736766e-17,
      1.2246467991473532e-16
    ],
    [
      6.123233995736766e-17,
      -2.2958450216584675e-49,
      -6.123233995736766e-17,
      -1.2246467991473532e-16
    ]
  ],
  "Tcompl_p": [
    [
      1.4057996285562142e-65,
      1.0,
      7.498798913309288e-33,
      3.749399456654644e-33
    ],
    [
      1.0,
      1.4057996285562142e-65,
      7.498798913309288e-33,
      3.749399456654644e-33
    ],
    [
      3.749399456654644e-33,
      3.749399456654644e-33,
      1.0,
      -3.749399456654644e-33
    ],
    [
      1.4997597826618576e-32,
      1.4997597826618576e-32,
      -2.999519565323715e-32,
      1.0
    ],
    [
      4.591690043316935e-49,
      -1.2246467991473532e-16,
      1.2246467991473532e-16,
      6.123233995736766e-17
    ],
    [
      1.2246467991473532e-16,
      -4.591690043316935e-49,
      -1.2246467991473532e-16,
      -6.123233995736766e-17
    ]
  ],
  "Tstiff_n": [
    [
      0.0,
      1.0,
      3.749399456654644e-33,
      3.749399456654644e-33,
      2.2958450216584675e-49,
      6.123233995736766e-17
    ],
    [
      1.0,
      0.0,
      -1.9964430161419188e-16,
      -2.1558094170188028e-16,
      -6.123233995736765e-17,
      2.825507618319156e-32
    ],
    [
      9.292203183926515e-17,
      1.7304920569175275e-33,
      1.0,
      2.6750717624194736e-16,
      6.123233995736766e-17,
      -6.123233995736766e-17
    ],
    [
      3.879637355338369e-16,
      2.5957380853762914e-33,
      1.214228495515463e-16,
      1.0000000000000002,
      1.2246467991473532e-16,
      -1.2246467991473532e-16
    ]
  ],
  "Tcompl_n": [
    [
      0.0,
      1.0,
      3.749399456654644e-33,
      1.4997597826618576e-32,
      4.591690043316935e-49,
      1.2246467991473532e-16
    ],
    [
      0.9999999999999999,
      0.0,
      4.474001311799096e-17,
      -4.0074665690505488e-16,
      -1.2246467991473527e-16,
      8.547582046848231e-32
    ],
    [
      -9.583950890716593e-17,
      3.374459510989181e-33,
      1.0,
      -1.49115910848339e-16,
      1.2246467991473535e-16,
      -1.224646799147353e-16
    ],
    [
      6.179754226139741e-17,
      -1.0123378532967542e-32,
      -1.1400757616257197e-16,
      1.0000000000000004,
      6.123233995736766e-17,
      -6.123233995736766e-17
    ]
  ],
  "Q126": [
    [
      10352.882099196077,
      2795.278166782941,
      3.944829861504874e-13
    ],
    [
      2795.278166782941,
      147754.7251050314,
      8.01895337555168e-12
    ],
    [
      3.944829861504874e-13,
      8.01895337555168e-12,
      7000.0
    ]
  ],
  "S126": [
    [
      9.70873786407767e-05,
      -1.8367346938775512e-06,
      -3.3672327386106246e-21
    ],
    [
      -1.836734693877551e-06,
      6.8027210884353745e-06,
      -7.689448949748347e-21
    ],
    [
      -3.3672327386106242e-21,
      -7.689448949748347e-21,
      0.00014285714285714287
    ]
  ],
  "Q126_vec": [
    [
      10352.882099196077
    ],
    [
      147754.7251050314
    ],
    [
      2795.278166782941
    ],
    [
      7000.0
    ],
    [
      3.944829861504875e-13
    ],
    [
      8.01895337555168e-12
    ]
  ],
  "S126_vec": [
    [
      9.70873786407767e-05
    ],
    [
      6.8027210884353745e-06
    ],
    [
      -1.836734693877551e-06
    ],
    [
      0.00014285714285714287
    ],
    [
      -3.3672327386106242e-21
    ],
    [
      -7.689448949748347e-21
    ]
  ],
  "Fxx": 2.542588354945334e-07,
  "Fyy": 7.694675284702985e-05,
  "Fss": 0.00017313019390581717,
  "Fxy": -2.211582678421241e-06,
  "Fx": -0.00014111365369946603,
  "Fy": 0.013157894736842105
}