{
  "name": "Kevlar49--Epoxy",
  "thick": 0.125,
  "angle": -90.0,
  "core": false,
  "rho": 1.38e-09,
  "gsm": 172.5,
  "Ex": 80000.0,
  "Ey": 5500.0,
  "Es": 2200.0,
  "nux": 0.34,
  "nuy": 0.023375000000000003,
  "Xt": 1400.0,
  "Xc": 335.0,
  "Yt": 30.0,
  "Yc": 158.0,
  "S": 49.0,
  "Qxys": [
    [
      80640.89350109998,
      1884.9808855882125,
      0.0
    ],
    [
      1884.9808855882125,
      5544.0614282006245,
      0.0
    ],
    [
      0.0,
      0.0,
      2200.0
    ]
  ],
  "Sxys": [
    [
      1.25e-05,
      -4.250000000000001e-06,
      0.0
    ],
    [
      -4.25e-06,
      0.0001818181818181818,
      0.0
    ],
    [
      0.0,
      0.0,
      0.00045454545454545455
    ]
  ],
  "Qxys_vec": [
    [
      80640.89350109998
    ],
    [
      5544.0614282006245
    ],
    [
      1884.9808855882125
    ],
    [
      2200.0
    ]
  ],
  "Sxys_vec": [
    [
      1.25e-05
    ],
    [
      0.0001818181818181818
    ],
    [
      -4.250000000000001e-06
    ],
    [
      0.00045454545454545455
    ]
  ],
  "Ts_p": [
    [
      3.749399456654644e-33,
      1.0,
      -1.2246467991473532e-16
    ],
    [
      1.0,
      3.749399456654644e-33,
      1.2246467991473532e-16
    ],
    [
      6.123233995736766e-17,
      -6.123233995736766e-17,
      -1.0
    ]
  ],
  "Ts_n": [
    [
      3.749399456654644e-33,
      1.0,
      1.2246467991473532e-16
    ],
    [
      1.0,
      3.749399456654644e-33,
      -1.2246467991473532e-16
    ],
    [
      -6.123233995736766e-17,
      6.123233995736766e-17,
      -1.0
    ]
  ],
  "Te_p": [
    [
      3.749399456654644e-33,
      1.0,
      -6.123233995736766e-17
    ],
    [
      1.0,
      3.749399456654644e-33,
      6.123233995736766e-17
    ],
    [
      1.2246467991473532e-16,
      -1.2246467991473532e-16,
      -1.0
    ]
  ],
  "Te_n": [
    [
      3.749399456654644e-33,
      1.0,
      6.123233995736766e-17
    ],
    [
      1.0,
      3.749399456654644e-33,
      -6.123233995736766e-17
    ],
    [
      -1.2246467991473532e-16,
      1.2246467991473532e-16,
      -1.0
    ]
  ],
  "Tstiff_p": [
    [
      1.4057996285562142e-65,
      1.0,
      7.498798913309288e-33,
      1.4997597826618576e-32
    ],
    [
      1.0,
      1.4057996285562142e-65,
      7.498798913309288e-33,
      1.4997597826618576e-32
    ],
    [
      3.749399456654644e-33,
      3.749399456654644e-33,
      1.0,
      -1.4997597826618576e-32
    ],
    [
      3.749399456654644e-33,
      3.749399456654644e-33,
      -7.498798913309288e-33,
      1.0
    ],
    [
      -2.2958450216584675e-49,
      6.123233995736766e-17,
      -6.123233995736766e-17,
      -1.2246467991473532e-16
    ],
    [
      -6.123233995736766e-17,
      2.2958450216584675e-49,
      6.123233995736766e-17,
      1.2246467991473532e-16
    ]
  ],
  "Tcompl_p": [
    [
      1.4057996285562142e-65,
      1.0,
      7.498798913309288e-33,
      3.749399456654644e-33
    ],
    [
      1.0,
      1.4057996285562142e-65,
      7.498798913309288e-33,
      3.749399456654644e-33
    ],
    [
      3.749399456654644e-33,
      3.749399456654644e-33,
      1.0,
      -3.749399456654644e-33
    ],
    [
      1.4997597826618576e-32,
      1.4997597826618576e-32,
      -2.999519565323715e-32,
      1.0
    ],
    [
      -4.591690043316935e-49,
      1.2246467991473532e-16,
      -1.2246467991473532e-16,
      -6.123233995736766e-17
    ],
    [
      -1.2246467991473532e-16,
      4.591690043316935e-49,
      1.2246467991473532e-16,
      6.123233995736766e-17
    ]
  ],
  "Tstiff_n": [
    [
      0.0,
      1.0,
      3.749399456654644e-33,
      3.749399456654644e-33,
      -2.2958450216584675e-49,
      -6.123233995736766e-17
    ],
    [
      1.0,
      0.0,
      -1.9964430161419188e-16,
      -2.1558094170188028e-16,
      6.123233995736765e-17,
      -2.825507618319156e-32
    ],
    [
      9.292203183926515e-17,
      1.7304920569175275e-33,
      1.0,
      2.6750717624194736e-16,
      -6.123233995736766e-17,
      6.123233995736766e-17
    ],
    [
      3.879637355338369e-16,
      2.5957380853762914e-33,
      1.214228495515463e-16,
      1.0000000000000002,
      -1.2246467991473532e-16,
      1.2246467991473532e-16
    ]
  ],
  "Tcompl_n": [
    [
      0.0,
      1.0,
      3.749399456654644e-33,
      1.4997597826618576e-32,
      -4.591690043316935e-49,
      -1.2246467991473532e-16
    ],
    [
      0.9999999999999999,
      0.0,
      4.474001311799096e-17,
      -4.0074665690505488e-16,
      1.2246467991473527e-16,
      -8.547582046848231e-32
    ],
    [
      -9.583950890716593e-17,
      3.374459510989181e-33,
      1.0,
      -1.49115910848339e-16,
      -1.2246467991473535e-16,
      1.224646799147353e-16
    ],
    [
      6.179754226139741e-17,
      -1.0123378532967542e-32,
      -1.1400757616257197e-16,
      1.0000000000000004,
      -6.123233995736766e-17,
      6.123233995736766e-17
    ]
  ],
  "Q126": [
    [
      5544.0614282006245,
      1884.9808855882125,
      -4.536823209578521e-14
    ],
    [
      1884.9808855882125,
      80640.89350109998,
      -4.552986519113339e-12
    ],
    [
      -4.5368232095785185e-14,
      -4.552986519113339e-12,
      2200.0
    ]
  ],
  "S126": [
    [
      0.0001818181818181818,
      -4.25e-06,
      -5.0461014701230716e-21
    ],
    [
      -4.250000000000001e-06,
      1.25e-05,
      2.5781598410231664e-20
    ],
    [
      -5.0461014701230716e-21,
      2.5781598410231664e-20,
      0.00045454545454545455
    ]
  ],
  "Q126_vec": [
    [
      5544.0614282006245
    ],
    [
      80640.89350109998
    ],
    [
      1884.9808855882125
    ],
    [
      2200.0
    ],
    [
      -4.536823209578521e-14
    ],
    [
      -4.552986519113339e-12
    ]
  ],
  "S126_vec": [
    [
      0.0001818181818181818
    ],
    [
      1.25e-05
    ],
    [
      -4.250000000000001e-06
    ],
    [
      0.00045454545454545455
    ],
    [
      -5.0461014701230716e-21
    ],
    [
      2.5781598410231664e-20
    ]
  ],
  "Fxx": 2.132196162046908e-06,
  "Fyy": 0.0002109704641350211,
  "Fss": 0.00041649312786339027,
  "Fxy": -1.0604602938511498e-05,
  "Fx": -0.0022707889125799575,
  "Fy": 0.0270042194092827
}