{
  "name": "AS4--3501-6-UD",
  "thick": 0.125,
  "angle": 90.0,
  "core": false,
  "rho": 1.58e-09,
  "gsm": 197.5,
  "Ex": 142000.0,
  "Ey": 10300.0,
  "Es": 5700.0,
  "nux": 0.27,
  "nuy": 0.01958450704225352,
  "Xt": 2280.0,
  "Xc": 1440.0,
  "Yt": 57.0,
  "Yc": 228.0,
  "S": 71.0,
  "Qxys": [
    [
      142754.86156976683,
      2795.7835917290254,
      0.0
    ],
    [
      2795.7835917290254,
      10354.754043440835,
      0.0
    ],
    [
      0.0,
      0.0,
      5700.0
    ]
  ],
  "Sxys": [
    [
      7.042253521126761e-06,
      -1.9014084507042254e-06,
      0.0
    ],
    [
      -1.9014084507042254e-06,
      9.70873786407767e-05,
      0.0
    ],
    [
      0.0,
      0.0,
      0.00017543859649122806
    ]
  ],
  "Qxys_vec": [
    [
      142754.86156976683
    ],
    [
      10354.754043440835
    ],
    [
      2795.7835917290254
    ],
    [
      5700.0
    ]
  ],
  "Sxys_vec": [
    [
      7.042253521126761e-06
    ],
    [
      9.70873786407767e-05
    ],
    [
      -1.9014084507042254e-06
    ],
    [
      0.00017543859649122806
    ]
  ],
  "Ts_p": [
    [
      3.749399456654644e-33,
      1.0,
      1.2246467991473532e-16
    ],
    [
      1.0,
      3.749399456654644e-33,
      -1.2246467991473532e-16
    ],
    [
      -6.123233995736766e-17,
      6.123233995736766e-17,
      -1.0
    ]
  ],
  "Ts_n": [
    [
      3.749399456654644e-33,
      1.0,
      -1.2246467991473532e-16
    ],
    [
      1.0,
      3.749399456654644e-33,
      1.2246467991473532e-16
    ],
    [
      6.123233995736766e-17,
      -6.123233995736766e-17,
      -1.0
    ]
  ],
  "Te_p": [
    [
      3.749399456654644e-33,
      1.0,
      6.123233995736766e-17
    ],
    [
      1.0,
      3.749399456654644e-33,
      -6.123233995736766e-17
    ],
    [
      -1.2246467991473532e-16,
      1.2246467991473532e-16,
      -1.0
    ]
  ],
  "Te_n": [
    [
      3.749399456654644e-33,
      1.0,
      -6.123233995736766e-17
    ],
    [
      1.0,
      3.749399456654644e-33,
      6.123233995736766e-17
    ],
    [
      1.2246467991473532e-16,
      -1.2246467991473532e-16,
      -1.0
    ]
  ],
  "Tstiff_p": [
    [
      1.4057996285562142e-65,
      1.0,
      7.498798913309288e-33,
      1.4997597826618576e-32
    ],
    [
      1.0,
      1.4057996285562142e-65,
      7.498798913309288e-33,
      1.4997597826618576e-32
    ],
    [
      3.749399456654644e-33,
      3.749399456654644e-33,
      1.0,
      -1.4997597826618576e-32
    ],
    [
      3.749399456654644e-33,
      3.749399456654644e-33,
      -7.498798913309288e-33,
      1.0
    ],
    [
      2.2958450216584675e-49,
      -6.123233995736766e-17,
      6.123233995736766e-17,
      1.2246467991473532e-16
    ],
    [
      6.123233995736766e-17,
      -2.2958450216584675e-49,
      -6.123233995736766e-17,
      -1.2246467991473532e-16
    ]
  ],
  "Tcompl_p": [
    [
      1.4057996285562142e-65,
      1.0,
      7.498798913309288e-33,
      3.749399456654644e-33
    ],
    [
      1.0,
      1.4057996285562142e-65,
      7.498798913309288e-33,
      3.749399456654644e-33
    ],
    [
      3.749399456654644e-33,
      3.749399456654644e-33,
      1.0,
      -3.749399456654644e-33
    ],
    [
      1.4997597826618576e-32,
      1.4997597826618576e-32,
      -2.999519565323715e-32,
      1.0
    ],
    [
      4.591690043316935e-49,
      -1.2246467991473532e-16,
      1.2246467991473532e-16,
      6.123233995736766e-17
    ],
    [
      1.2246467991473532e-16,
      -4.591690043316935e-49,
      -1.2246467991473532e-16,
      -6.123233995736766e-17
    ]
  ],
  "Tstiff_n": [
    [
      0.0,
      1.0,
      3.749399456654644e-33,
      3.749399456654644e-33,
      2.2958450216584675e-49,
      6.123233995736766e-17
    ],
    [
      1.0,
      0.0,
      -1.9964430161419188e-16,
      -2.1558094170188028e-16,
      -6.123233995736765e-17,
      2.825507618319156e-32
    ],
    [
      9.292203183926515e-17,
      1.7304920569175275e-33,
      1.0,
      2.6750717624194736e-16,
      6.123233995736766e-17,
      -6.123233995736766e-17
    ],
    [
      3.879637355338369e-16,
      2.5957380853762914e-33,
      1.214228495515463e-16,
      1.0000000000000002,
      1.2246467991473532e-16,
      -1.2246467991473532e-16
    ]
  ],
  "Tcompl_n": [
    [
      0.0,
      1.0,
      3.749399456654644e-33,
      1.4997597826618576e-32,
      4.591690043316935e-49,
      1.2246467991473532e-16
    ],
    [
      0.9999999999999999,
      0.0,
      4.474001311799096e-17,
      -4.0074665690505488e-16,
      -1.2246467991473527e-16,
      8.547582046848231e-32
    ],
    [
      -9.583950890716593e-17,
      3.374459510989181e-33,
      1.0,
      -1.49115910848339e-16,
      1.2246467991473535e-16,
      -1.224646799147353e-16
    ],
    [
      6.179754226139741e-17,
      -1.0123378532967542e-32,
      -1.1400757616257197e-16,
      1.0000000000000004,
      6.123233995736766e-17,
      -6.123233995736766e-17
    ]
  ],
  "Q126": [
    [
      10354.754043440835,
      2795.7835917290254,
      2.3519522708707687e-13
    ],
    [
      2795.7835917290254,
      142754.86156976683,
      7.871973167356948e-12
    ],
    [
      2.351952270870768e-13,
      7.871973167356948e-12,
      5700.0
    ]
  ],
  "S126": [
    [
      9.70873786407767e-05,
      -1.9014084507042254e-06,
      -1.3801143443117705e-21
    ],
    [
      -1.9014084507042254e-06,
      7.042253521126761e-06,
      -9.647233081348454e-21
    ],
    [
      -1.3801143443117707e-21,
      -9.647233081348453e-21,
      0.00017543859649122806
    ]
  ],
  "Q126_vec": [
    [
      10354.754043440835
    ],
    [
      142754.86156976683
    ],
    [
      2795.7835917290254
    ],
    [
      5700.0
    ],
    [
      2.351952270870768e-13
    ],
    [
      7.871973167356948e-12
    ]
  ],
  "S126_vec": [
    [
      9.70873786407767e-05
    ],
    [
      7.042253521126761e-06
    ],
    [
      -1.9014084507042254e-06
    ],
    [
      0.00017543859649122806
    ],
    [
      -1.3801143443117696e-21
    ],
    [
      -9.647233081348454e-21
    ]
  ],
  "Fxx": 3.0458089668615986e-07,
  "Fyy": 7.694675284702985e-05,
  "Fss": 0.00019837333862328903,
  "Fxy": -2.4205635180282233e-06,
  "Fx": -0.0002558479532163743,
  "Fy": 0.013157894736842105
}