{
  "name": "GrFRP-GY70--934",
  "thick": 0.125,
  "angle": 0.0,
  "core": false,
  "rho": 1.59e-09,
  "gsm": 198.75,
  "Ex": 294000.0,
  "Ey": 6400.0,
  "Es": 4900.0,
  "nux": 0.23,
  "nuy": 0.005006802721088436,
  "Xt": 985.0,
  "Xc": 690.0,
  "Yt": 29.0,
  "Yc": 98.0,
  "S": 49.0,
  "Qxys": [
    [
      294338.9503232021,
      1473.6970574005225,
      0.0
    ],
    [
      1473.6970574005222,
      6407.378510437053,
      0.0
    ],
    [
      0.0,
      0.0,
      4900.0
    ]
  ],
  "Sxys": [
    [
      3.4013605442176872e-06,
      -7.823129251700681e-07,
      0.0
    ],
    [
      -7.823129251700681e-07,
      0.00015625,
      0.0
    ],
    [
      0.0,
      0.0,
      0.00020408163265306123
    ]
  ],
  "Qxys_vec": [
    [
      294338.9503232021
    ],
    [
      6407.378510437053
    ],
    [
      1473.6970574005225
    ],
    [
      4900.0
    ]
  ],
  "Sxys_vec": [
    [
      3.4013605442176872e-06
    ],
    [
      0.00015625
    ],
    [
      -7.823129251700681e-07
    ],
    [
      0.00020408163265306123
    ]
  ],
  "Ts_p": [
    [
      1.0,
      0.0,
      0.0
    ],
    [
      0.0,
      1.0,
      -0.0
    ],
    [
      -0.0,
      0.0,
      1.0
    ]
  ],
  "Ts_n": [
    [
      1.0,
      0.0,
      0.0
    ],
    [
      0.0,
      1.0,
      0.0
    ],
    [
      0.0,
      0.0,
      1.0
    ]
  ],
  "Te_p": [
    [
      1.0,
      0.0,
      0.0
    ],
    [
      0.0,
      1.0,
      -0.0
    ],
    [
      -0.0,
      0.0,
      1.0
    ]
  ],
  "Te_n": [
    [
      1.0,
      0.0,
      0.0
    ],
    [
      0.0,
      1.0,
      0.0
    ],
    [
      0.0,
      0.0,
      1.0
    ]
  ],
  "Tstiff_p": [
    [
      1.0,
      0.0,
      0.0,
      0.0
    ],
    [
      0.0,
      1.0,
      0.0,
      0.0
    ],
    [
      0.0,
      0.0,
      1.0,
      -0.0
    ],
    [
      0.0,
      0.0,
      -0.0,
      1.0
    ],
    [
      0.0,
      -0.0,
      0.0,
      0.0
    ],
    [
      0.0,
      -0.0,
      0.0,
      0.0
    ]
  ],
  "Tcompl_p": [
    [
      1.0,
      0.0,
      0.0,
      0.0
    ],
    [
      0.0,
      1.0,
      0.0,
      0.0
    ],
    [
      0.0,
      0.0,
      1.0,
      -0.0
    ],
    [
      0.0,
      0.0,
      -0.0,
      1.0
    ],
    [
      0.0,
      -0.0,
      0.0,
      0.0
    ],
    [
      0.0,
      -0.0,
      0.0,
      0.0
    ]
  ],
  "Tstiff_n": [
    [
      1.0,
      0.0,
      0.0,
      0.0,
      0.0,
      0.0
    ],
    [
      0.0,
      1.0,
      0.0,
      0.0,
      0.0,
      0.0
    ],
    [
      0.0,
      0.0,
      1.0,
      0.0,
      0.0,
      0.0
    ],
    [
      0.0,
      0.0,
      0.0,
      1.0,
      0.0,
      0.0
    ]
  ],
  "Tcompl_n": [
    [
      1.0,
      0.0,
      0.0,
      0.0,
      0.0,
      0.0
    ],
    [
      0.0,
      1.0,
      0.0,
      0.0,
      0.0,
      0.0
    ],
    [
      0.0,
      0.0,
      1.0,
      0.0,
      0.0,
      0.0
    ],
    [
      0.0,
      0.0,
      0.0,
      1.0,
      0.0,
      0.0
    ]
  ],
  "Q126": [
    [
      294338.9503232021,
      1473.6970574005225,
      0.0
    ],
    [
      1473.6970574005222,
      6407.378510437053,
      0.0
    ],
    [
      0.0,
      0.0,
      4900.0
    ]
  ],
  "S126": [
    [
      3.4013605442176872e-06,
      -7.823129251700681e-07,
      0.0
    ],
    [
      -7.823129251700681e-07,
      0.00015625,
      0.0
    ],
    [
      0.0,
      0.0,
      0.00020408163265306123
    ]
  ],
  "Q126_vec": [
    [
      294338.9503232021
    ],
    [
      6407.378510437053
    ],
    [
      1473.6970574005225
    ],
    [
      4900.0
    ],
    [
      0.0
    ],
    [
      0.0
    ]
  ],
  "S126_vec": [
    [
      3.4013605442176872e-06
    ],
    [
      0.00015625
    ],
    [
      -7.823129251700681e-07
    ],
    [
      0.00020408163265306123
    ],
    [
      0.0
    ],
    [
      0.0
    ]
  ],
  "Fxx": 1.471345545501361e-06,
  "Fyy": 0.0003518648838845883,
  "Fss": 0.00041649312786339027,
  "Fxy": -1.1376673827638976e-05,
  "Fx": -0.00043404693592290146,
  "Fy": 0.024278676988036596
}