{
  "name": "CFRP-AS4--3501-6",
  "thick": 0.125,
  "angle": -45.0,
  "core": false,
  "rho": 1.6e-09,
  "gsm": 200.0,
  "Ex": 147000.0,
  "Ey": 10300.0,
  "Es": 7000.0,
  "nux": 0.27,
  "nuy": 0.018918367346938775,
  "Xt": 2280.0,
  "Xc": 1725.0,
  "Yt": 57.0,
  "Yc": 228.0,
  "S": 76.0,
  "Qxys": [
    [
      147754.7251050314,
      2795.278166782941,
      0.0
    ],
    [
      2795.278166782941,
      10352.882099196077,
      0.0
    ],
    [
      0.0,
      0.0,
      7000.0
    ]
  ],
  "Sxys": [
    [
      6.8027210884353745e-06,
      -1.836734693877551e-06,
      0.0
    ],
    [
      -1.8367346938775512e-06,
      9.70873786407767e-05,
      0.0
    ],
    [
      0.0,
      0.0,
      0.00014285714285714287
    ]
  ],
  "Qxys_vec": [
    [
      147754.7251050314
    ],
    [
      10352.882099196077
    ],
    [
      2795.278166782941
    ],
    [
      7000.0
    ]
  ],
  "Sxys_vec": [
    [
      6.8027210884353745e-06
    ],
    [
      9.70873786407767e-05
    ],
    [
      -1.836734693877551e-06
    ],
    [
      0.00014285714285714287
    ]
  ],
  "Ts_p": [
    [
      0.5000000000000001,
      0.5000000000000001,
      -1.0000000000000002
    ],
    [
      0.5000000000000001,
      0.5000000000000001,
      1.0000000000000002
    ],
    [
      0.5000000000000001,
      -0.5000000000000001,
      0.0
    ]
  ],
  "Ts_n": [
    [
      0.4999999999999999,
      0.4999999999999999,
      0.9999999999999998
    ],
    [
      0.4999999999999999,
      0.4999999999999999,
      -0.9999999999999998
    ],
    [
      -0.4999999999999999,
      0.4999999999999999,
      0.0
    ]
  ],
  "Te_p": [
    [
      0.5000000000000001,
      0.5000000000000001,
      -0.5000000000000001
    ],
    [
      0.5000000000000001,
      0.5000000000000001,
      0.5000000000000001
    ],
    [
      1.0000000000000002,
      -1.0000000000000002,
      0.0
    ]
  ],
  "Te_n": [
    [
      0.4999999999999999,
      0.4999999999999999,
      0.4999999999999999
    ],
    [
      0.4999999999999999,
      0.4999999999999999,
      -0.4999999999999999
    ],
    [
      -0.9999999999999998,
      0.9999999999999998,
      -0.0
    ]
  ],
  "Tstiff_p": [
    [
      0.25000000000000006,
      0.25000000000000006,
      0.5000000000000002,
      1.0000000000000004
    ],
    [
      0.25000000000000006,
      0.25000000000000006,
      0.5000000000000002,
      1.0000000000000004
    ],
    [
      0.2500000000000001,
      0.2500000000000001,
      0.5000000000000001,
      -1.0000000000000004
    ],
    [
      0.2500000000000001,
      0.2500000000000001,
      -0.5000000000000002,
      0.0
    ],
    [
      -0.25000000000000006,
      0.25000000000000006,
      0.0,
      0.0
    ],
    [
      -0.25000000000000006,
      0.25000000000000006,
      0.0,
      0.0
    ]
  ],
  "Tcompl_p": [
    [
      0.25000000000000006,
      0.25000000000000006,
      0.5000000000000002,
      0.2500000000000001
    ],
    [
      0.25000000000000006,
      0.25000000000000006,
      0.5000000000000002,
      0.2500000000000001
    ],
    [
      0.2500000000000001,
      0.2500000000000001,
      0.5000000000000001,
      -0.2500000000000001
    ],
    [
      1.0000000000000004,
      1.0000000000000004,
      -2.000000000000001,
      0.0
    ],
    [
      -0.5000000000000001,
      0.5000000000000001,
      0.0,
      0.0
    ],
    [
      -0.5000000000000001,
      0.5000000000000001,
      0.0,
      0.0
    ]
  ],
  "Tstiff_n": [
    [
      0.24999999999999978,
      0.2499999999999997,
      0.49999999999999944,
      0.9999999999999997,
      -0.9999999999999993,
      -0.9999999999999993
    ],
    [
      0.24999999999999933,
      0.25000000000000033,
      0.5,
      0.9999999999999994,
      0.9999999999999991,
      0.9999999999999991
    ],
    [
      0.24999999999999986,
      0.24999999999999975,
      0.4999999999999997,
      -0.9999999999999996,
      3.558934159973681e-16,
      3.558934159973681e-16
    ],
    [
      0.24999999999999972,
      0.24999999999999992,
      -0.5000000000000001,
      -3.398511423699081e-17,
      7.196563164114692e-17,
      7.196563164114692e-17
    ]
  ],
  "Tcompl_n": [
    [
      0.25000000000000006,
      0.24999999999999997,
      0.49999999999999994,
      0.24999999999999975,
      -0.4999999999999997,
      -0.4999999999999997
    ],
    [
      0.24999999999999978,
      0.24999999999999994,
      0.5,
      0.2499999999999997,
      0.4999999999999999,
      0.4999999999999999
    ],
    [
      0.24999999999999986,
      0.24999999999999983,
      0.49999999999999994,
      -0.24999999999999986,
      -1.0612488825548276e-16,
      -1.0612488825548276e-16
    ],
    [
      0.9999999999999988,
      0.9999999999999994,
      -2.0000000000000004,
      -4.2375560845201367e-16,
      -9.289979767371254e-16,
      -9.289979767371254e-16
    ]
  ],
  "Q126": [
    [
      47924.54088444833,
      33924.54088444833,
      -34350.46075145883
    ],
    [
      33924.54088444833,
      47924.54088444833,
      -34350.46075145883
    ],
    [
      -34350.460751458835,
      -34350.460751458835,
      38129.2627176654
    ]
  ],
  "S126": [
    [
      6.0768443299649964e-05,
      -1.0660128128921472e-05,
      4.5142328776170665e-05
    ],
    [
      -1.0660128128921472e-05,
      6.0768443299649964e-05,
      4.5142328776170665e-05
    ],
    [
      4.5142328776170665e-05,
      4.5142328776170665e-05,
      0.00010756356911696718
    ]
  ],
  "Q126_vec": [
    [
      47924.540884448346
    ],
    [
      47924.540884448346
    ],
    [
      33924.54088444835
    ],
    [
      38129.26271766541
    ],
    [
      -34350.460751458835
    ],
    [
      -34350.460751458835
    ]
  ],
  "S126_vec": [
    [
      6.0768443299649984e-05
    ],
    [
      6.0768443299649984e-05
    ],
    [
      -1.0660128128921475e-05
    ],
    [
      0.00010756356911696723
    ],
    [
      4.514232877617068e-05
    ],
    [
      4.514232877617068e-05
    ]
  ],
  "Fxx": 2.542588354945334e-07,
  "Fyy": 7.694675284702985e-05,
  "Fss": 0.00017313019390581717,
  "Fxy": -2.211582678421241e-06,
  "Fx": -0.00014111365369946603,
  "Fy": 0.013157894736842105
}