{
  "name": "CFRP-IM7--977-3",
  "thick": 0.125,
  "angle": 90.0,
  "core": false,
  "rho": 1.61e-09,
  "gsm": 201.25,
  "Ex": 190000.0,
  "Ey": 9900.0,
  "Es": 7800.0,
  "nux": 0.35,
  "nuy": 0.01823684210526316,
  "Xt": 3250.0,
  "Xc": 1590.0,
  "Yt": 62.0,
  "Yc": 200.0,
  "S": 75.0,
  "Qxys": [
    [
      191220.54058205732,
      3487.258805878045,
      0.0
    ],
    [
      3487.258805878045,
      9963.596588222987,
      0.0
    ],
    [
      0.0,
      0.0,
      7800.0
    ]
  ],
  "Sxys": [
    [
      5.263157894736842e-06,
      -1.8421052631578948e-06,
      0.0
    ],
    [
      -1.8421052631578946e-06,
      0.00010101010101010101,
      0.0
    ],
    [
      0.0,
      0.0,
      0.0001282051282051282
    ]
  ],
  "Qxys_vec": [
    [
      191220.54058205732
    ],
    [
      9963.596588222987
    ],
    [
      3487.258805878045
    ],
    [
      7800.0
    ]
  ],
  "Sxys_vec": [
    [
      5.263157894736842e-06
    ],
    [
      0.00010101010101010101
    ],
    [
      -1.8421052631578948e-06
    ],
    [
      0.0001282051282051282
    ]
  ],
  "Ts_p": [
    [
      3.749399456654644e-33,
      1.0,
      1.2246467991473532e-16
    ],
    [
      1.0,
      3.749399456654644e-33,
      -1.2246467991473532e-16
    ],
    [
      -6.123233995736766e-17,
      6.123233995736766e-17,
      -1.0
    ]
  ],
  "Ts_n": [
    [
      3.749399456654644e-33,
      1.0,
      -1.2246467991473532e-16
    ],
    [
      1.0,
      3.749399456654644e-33,
      1.2246467991473532e-16
    ],
    [
      6.123233995736766e-17,
      -6.123233995736766e-17,
      -1.0
    ]
  ],
  "Te_p": [
    [
      3.749399456654644e-33,
      1.0,
      6.123233995736766e-17
    ],
    [
      1.0,
      3.749399456654644e-33,
      -6.123233995736766e-17
    ],
    [
      -1.2246467991473532e-16,
      1.2246467991473532e-16,
      -1.0
    ]
  ],
  "Te_n": [
    [
      3.749399456654644e-33,
      1.0,
      -6.123233995736766e-17
    ],
    [
      1.0,
      3.749399456654644e-33,
      6.123233995736766e-17
    ],
    [
      1.2246467991473532e-16,
      -1.2246467991473532e-16,
      -1.0
    ]
  ],
  "Tstiff_p": [
    [
      1.4057996285562142e-65,
      1.0,
      7.498798913309288e-33,
      1.4997597826618576e-32
    ],
    [
      1.0,
      1.4057996285562142e-65,
      7.498798913309288e-33,
      1.4997597826618576e-32
    ],
    [
      3.749399456654644e-33,
      3.749399456654644e-33,
      1.0,
      -1.4997597826618576e-32
    ],
    [
      3.749399456654644e-33,
      3.749399456654644e-33,
      -7.498798913309288e-33,
      1.0
    ],
    [
      2.2958450216584675e-49,
      -6.123233995736766e-17,
      6.123233995736766e-17,
      1.2246467991473532e-16
    ],
    [
      6.123233995736766e-17,
      -2.2958450216584675e-49,
      -6.123233995736766e-17,
      -1.2246467991473532e-16
    ]
  ],
  "Tcompl_p": [
    [
      1.4057996285562142e-65,
      1.0,
      7.498798913309288e-33,
      3.749399456654644e-33
    ],
    [
      1.0,
      1.4057996285562142e-65,
      7.498798913309288e-33,
      3.749399456654644e-33
    ],
    [
      3.749399456654644e-33,
      3.749399456654644e-33,
      1.0,
      -3.749399456654644e-33
    ],
    [
      1.4997597826618576e-32,
      1.4997597826618576e-32,
      -2.999519565323715e-32,
      1.0
    ],
    [
      4.591690043316935e-49,
      -1.2246467991473532e-16,
      1.2246467991473532e-16,
      6.123233995736766e-17
    ],
    [
      1.2246467991473532e-16,
      -4.591690043316935e-49,
      -1.2246467991473532e-16,
      -6.123233995736766e-17
    ]
  ],
  "Tstiff_n": [
    [
      0.0,
      1.0,
      3.749399456654644e-33,
      3.749399456654644e-33,
      2.2958450216584675e-49,
      6.123233995736766e-17
    ],
    [
      1.0,
      0.0,
      -1.9964430161419188e-16,
      -2.1558094170188028e-16,
      -6.123233995736765e-17,
      2.825507618319156e-32
    ],
    [
      9.292203183926515e-17,
      1.7304920569175275e-33,
      1.0,
      2.6750717624194736e-16,
      6.123233995736766e-17,
      -6.123233995736766e-17
    ],
    [
      3.879637355338369e-16,
      2.5957380853762914e-33,
      1.214228495515463e-16,
      1.0000000000000002,
      1.2246467991473532e-16,
      -1.2246467991473532e-16
    ]
  ],
  "Tcompl_n": [
    [
      0.0,
      1.0,
      3.749399456654644e-33,
      1.4997597826618576e-32,
      4.591690043316935e-49,
      1.2246467991473532e-16
    ],
    [
      0.9999999999999999,
      0.0,
      4.474001311799096e-17,
      -4.0074665690505488e-16,
      -1.2246467991473527e-16,
      8.547582046848231e-32
    ],
    [
      -9.583950890716593e-17,
      3.374459510989181e-33,
      1.0,
      -1.49115910848339e-16,
      1.2246467991473535e-16,
      -1.224646799147353e-16
    ],
    [
      6.179754226139741e-17,
      -1.0123378532967542e-32,
      -1.1400757616257197e-16,
      1.0000000000000004,
      6.123233995736766e-17,
      -6.123233995736766e-17
    ]
  ],
  "Q126": [
    [
      9963.596588222987,
      3487.258805878045,
      5.586631865676456e-13
    ],
    [
      3487.258805878045,
      191220.54058205732,
      1.0540123627696369e-11
    ],
    [
      5.586631865676455e-13,
      1.0540123627696369e-11,
      7800.0
    ]
  ],
  "S126": [
    [
      0.00010101010101010101,
      -1.8421052631578946e-06,
      -4.745462525244668e-21
    ],
    [
      -1.8421052631578948e-06,
      5.263157894736842e-06,
      -6.980156216192775e-21
    ],
    [
      -4.745462525244668e-21,
      -6.980156216192775e-21,
      0.0001282051282051282
    ]
  ],
  "Q126_vec": [
    [
      9963.596588222987
    ],
    [
      191220.54058205732
    ],
    [
      3487.258805878045
    ],
    [
      7800.0
    ],
    [
      5.586631865676456e-13
    ],
    [
      1.0540123627696369e-11
    ]
  ],
  "S126_vec": [
    [
      0.00010101010101010101
    ],
    [
      5.263157894736842e-06
    ],
    [
      -1.8421052631578948e-06
    ],
    [
      0.0001282051282051282
    ],
    [
      -4.745462525244669e-21
    ],
    [
      -6.980156216192775e-21
    ]
  ],
  "Fxx": 1.935171746492501e-07,
  "Fyy": 8.064516129032258e-05,
  "Fss": 0.00017777777777777779,
  "Fxy": -1.9752356670810382e-06,
  "Fx": -0.00032123850991775516,
  "Fy": 0.011129032258064515
}