{
  "name": "CFRP-ModI--WRD9371-PI",
  "thick": 0.125,
  "angle": 0.0,
  "core": false,
  "rho": 1.54e-09,
  "gsm": 192.5,
  "Ex": 216000.0,
  "Ey": 5000.0,
  "Es": 4500.0,
  "nux": 0.25,
  "nuy": 0.005787037037037037,
  "Xt": 807.0,
  "Xc": 655.0,
  "Yt": 15.0,
  "Yc": 71.0,
  "S": 22.0,
  "Qxys": [
    [
      216312.95276731384,
      1251.8110692552884,
      0.0
    ],
    [
      1251.8110692552884,
      5007.244277021154,
      0.0
    ],
    [
      0.0,
      0.0,
      4500.0
    ]
  ],
  "Sxys": [
    [
      4.6296296296296296e-06,
      -1.1574074074074074e-06,
      0.0
    ],
    [
      -1.1574074074074074e-06,
      0.0002,
      0.0
    ],
    [
      0.0,
      0.0,
      0.00022222222222222223
    ]
  ],
  "Qxys_vec": [
    [
      216312.95276731384
    ],
    [
      5007.244277021154
    ],
    [
      1251.8110692552884
    ],
    [
      4500.0
    ]
  ],
  "Sxys_vec": [
    [
      4.6296296296296296e-06
    ],
    [
      0.0002
    ],
    [
      -1.1574074074074074e-06
    ],
    [
      0.00022222222222222223
    ]
  ],
  "Ts_p": [
    [
      1.0,
      0.0,
      0.0
    ],
    [
      0.0,
      1.0,
      -0.0
    ],
    [
      -0.0,
      0.0,
      1.0
    ]
  ],
  "Ts_n": [
    [
      1.0,
      0.0,
      0.0
    ],
    [
      0.0,
      1.0,
      0.0
    ],
    [
      0.0,
      0.0,
      1.0
    ]
  ],
  "Te_p": [
    [
      1.0,
      0.0,
      0.0
    ],
    [
      0.0,
      1.0,
      -0.0
    ],
    [
      -0.0,
      0.0,
      1.0
    ]
  ],
  "Te_n": [
    [
      1.0,
      0.0,
      0.0
    ],
    [
      0.0,
      1.0,
      0.0
    ],
    [
      0.0,
      0.0,
      1.0
    ]
  ],
  "Tstiff_p": [
    [
      1.0,
      0.0,
      0.0,
      0.0
    ],
    [
      0.0,
      1.0,
      0.0,
      0.0
    ],
    [
      0.0,
      0.0,
      1.0,
      -0.0
    ],
    [
      0.0,
      0.0,
      -0.0,
      1.0
    ],
    [
      0.0,
      -0.0,
      0.0,
      0.0
    ],
    [
      0.0,
      -0.0,
      0.0,
      0.0
    ]
  ],
  "Tcompl_p": [
    [
      1.0,
      0.0,
      0.0,
      0.0
    ],
    [
      0.0,
      1.0,
      0.0,
      0.0
    ],
    [
      0.0,
      0.0,
      1.0,
      -0.0
    ],
    [
      0.0,
      0.0,
      -0.0,
      1.0
    ],
    [
      0.0,
      -0.0,
      0.0,
      0.0
    ],
    [
      0.0,
      -0.0,
      0.0,
      0.0
    ]
  ],
  "Tstiff_n": [
    [
      1.0,
      0.0,
      0.0,
      0.0,
      0.0,
      0.0
    ],
    [
      0.0,
      1.0,
      0.0,
      0.0,
      0.0,
      0.0
    ],
    [
      0.0,
      0.0,
      1.0,
      0.0,
      0.0,
      0.0
    ],
    [
      0.0,
      0.0,
      0.0,
      1.0,
      0.0,
      0.0
    ]
  ],
  "Tcompl_n": [
    [
      1.0,
      0.0,
      0.0,
      0.0,
      0.0,
      0.0
    ],
    [
      0.0,
      1.0,
      0.0,
      0.0,
      0.0,
      0.0
    ],
    [
      0.0,
      0.0,
      1.0,
      0.0,
      0.0,
      0.0
    ],
    [
      0.0,
      0.0,
      0.0,
      1.0,
      0.0,
      0.0
    ]
  ],
  "Q126": [
    [
      216312.95276731384,
      1251.8110692552884,
      0.0
    ],
    [
      1251.8110692552884,
      5007.244277021154,
      0.0
    ],
    [
      0.0,
      0.0,
      4500.0
    ]
  ],
  "S126": [
    [
      4.6296296296296296e-06,
      -1.1574074074074074e-06,
      0.0
    ],
    [
      -1.1574074074074074e-06,
      0.0002,
      0.0
    ],
    [
      0.0,
      0.0,
      0.00022222222222222223
    ]
  ],
  "Q126_vec": [
    [
      216312.95276731384
    ],
    [
      5007.244277021154
    ],
    [
      1251.8110692552884
    ],
    [
      4500.0
    ],
    [
      0.0
    ],
    [
      0.0
    ]
  ],
  "S126_vec": [
    [
      4.6296296296296296e-06
    ],
    [
      0.0002
    ],
    [
      -1.1574074074074074e-06
    ],
    [
      0.00022222222222222223
    ],
    [
      0.0
    ],
    [
      0.0
    ]
  ],
  "Fxx": 1.8918433175364416e-06,
  "Fyy": 0.0009389671361502347,
  "Fss": 0.002066115702479339,
  "Fxy": -2.1073553935633114e-05,
  "Fx": -0.0002875601842655391,
  "Fy": 0.05258215962441314
}