{
  "name": "CFRP-AS4--3501-6",
  "thick": 0.125,
  "angle": 0.0,
  "core": false,
  "rho": 1.6e-09,
  "gsm": 200.0,
  "Ex": 147000.0,
  "Ey": 10300.0,
  "Es": 7000.0,
  "nux": 0.27,
  "nuy": 0.018918367346938775,
  "Xt": 2280.0,
  "Xc": 1725.0,
  "Yt": 57.0,
  "Yc": 228.0,
  "S": 76.0,
  "Qxys": [
    [
      147754.7251050314,
      2795.278166782941,
      0.0
    ],
    [
      2795.278166782941,
      10352.882099196077,
      0.0
    ],
    [
      0.0,
      0.0,
      7000.0
    ]
  ],
  "Sxys": [
    [
      6.8027210884353745e-06,
      -1.836734693877551e-06,
      0.0
    ],
    [
      -1.8367346938775512e-06,
      9.70873786407767e-05,
      0.0
    ],
    [
      0.0,
      0.0,
      0.00014285714285714287
    ]
  ],
  "Qxys_vec": [
    [
      147754.7251050314
    ],
    [
      10352.882099196077
    ],
    [
      2795.278166782941
    ],
    [
      7000.0
    ]
  ],
  "Sxys_vec": [
    [
      6.8027210884353745e-06
    ],
    [
      9.70873786407767e-05
    ],
    [
      -1.836734693877551e-06
    ],
    [
      0.00014285714285714287
    ]
  ],
  "Ts_p": [
    [
      1.0,
      0.0,
      0.0
    ],
    [
      0.0,
      1.0,
      -0.0
    ],
    [
      -0.0,
      0.0,
      1.0
    ]
  ],
  "Ts_n": [
    [
      1.0,
      0.0,
      0.0
    ],
    [
      0.0,
      1.0,
      0.0
    ],
    [
      0.0,
      0.0,
      1.0
    ]
  ],
  "Te_p": [
    [
      1.0,
      0.0,
      0.0
    ],
    [
      0.0,
      1.0,
      -0.0
    ],
    [
      -0.0,
      0.0,
      1.0
    ]
  ],
  "Te_n": [
    [
      1.0,
      0.0,
      0.0
    ],
    [
      0.0,
      1.0,
      0.0
    ],
    [
      0.0,
      0.0,
      1.0
    ]
  ],
  "Tstiff_p": [
    [
      1.0,
      0.0,
      0.0,
      0.0
    ],
    [
      0.0,
      1.0,
      0.0,
      0.0
    ],
    [
      0.0,
      0.0,
      1.0,
      -0.0
    ],
    [
      0.0,
      0.0,
      -0.0,
      1.0
    ],
    [
      0.0,
      -0.0,
      0.0,
      0.0
    ],
    [
      0.0,
      -0.0,
      0.0,
      0.0
    ]
  ],
  "Tcompl_p": [
    [
      1.0,
      0.0,
      0.0,
      0.0
    ],
    [
      0.0,
      1.0,
      0.0,
      0.0
    ],
    [
      0.0,
      0.0,
      1.0,
      -0.0
    ],
    [
      0.0,
      0.0,
      -0.0,
      1.0
    ],
    [
      0.0,
      -0.0,
      0.0,
      0.0
    ],
    [
      0.0,
      -0.0,
      0.0,
      0.0
    ]
  ],
  "Tstiff_n": [
    [
      1.0,
      0.0,
      0.0,
      0.0,
      0.0,
      0.0
    ],
    [
      0.0,
      1.0,
      0.0,
      0.0,
      0.0,
      0.0
    ],
    [
      0.0,
      0.0,
      1.0,
      0.0,
      0.0,
      0.0
    ],
    [
      0.0,
      0.0,
      0.0,
      1.0,
      0.0,
      0.0
    ]
  ],
  "Tcompl_n": [
    [
      1.0,
      0.0,
      0.0,
      0.0,
      0.0,
      0.0
    ],
    [
      0.0,
      1.0,
      0.0,
      0.0,
      0.0,
      0.0
    ],
    [
      0.0,
      0.0,
      1.0,
      0.0,
      0.0,
      0.0
    ],
    [
      0.0,
      0.0,
      0.0,
      1.0,
      0.0,
      0.0
    ]
  ],
  "Q126": [
    [
      147754.7251050314,
      2795.278166782941,
      0.0
    ],
    [
      2795.278166782941,
      10352.882099196077,
      0.0
    ],
    [
      0.0,
      0.0,
      7000.0
    ]
  ],
  "S126": [
    [
      6.8027210884353745e-06,
      -1.836734693877551e-06,
      0.0
    ],
    [
      -1.8367346938775512e-06,
      9.70873786407767e-05,
      0.0
    ],
    [
      0.0,
      0.0,
      0.00014285714285714287
    ]
  ],
  "Q126_vec": [
    [
      147754.7251050314
    ],
    [
      10352.882099196077
    ],
    [
      2795.278166782941
    ],
    [
      7000.0
    ],
    [
      0.0
    ],
    [
      0.0
    ]
  ],
  "S126_vec": [
    [
      6.8027210884353745e-06
    ],
    [
      9.70873786407767e-05
    ],
    [
      -1.836734693877551e-06
    ],
    [
      0.00014285714285714287
    ],
    [
      0.0
    ],
    [
      0.0
    ]
  ],
  "Fxx": 2.542588354945334e-07,
  "Fyy": 7.694675284702985e-05,
  "Fss": 0.00017313019390581717,
  "Fxy": -2.211582678421241e-06,
  "Fx": -0.00014111365369946603,
  "Fy": 0.013157894736842105
}