{
  "name": "CFabric--Epoxy-AGP370-5H--3501-6S",
  "thick": 0.3,
  "angle": 0.0,
  "core": false,
  "rho": 1.6e-09,
  "gsm": 479.99999999999994,
  "Ex": 77000.0,
  "Ey": 75000.0,
  "Es": 6500.0,
  "nux": 0.06,
  "nuy": 0.05844155844155844,
  "Xt": 963.0,
  "Xc": 900.0,
  "Yt": 856.0,
  "Yc": 900.0,
  "S": 71.0,
  "Qxys": [
    [
      77270.95008471262,
      4515.834745210478,
      0.0
    ],
    [
      4515.834745210478,
      75263.91242017463,
      0.0
    ],
    [
      0.0,
      0.0,
      6500.0
    ]
  ],
  "Sxys": [
    [
      1.2987012987012988e-05,
      -7.792207792207792e-07,
      0.0
    ],
    [
      -7.792207792207792e-07,
      1.3333333333333333e-05,
      0.0
    ],
    [
      0.0,
      0.0,
      0.00015384615384615385
    ]
  ],
  "Qxys_vec": [
    [
      77270.95008471262
    ],
    [
      75263.91242017463
    ],
    [
      4515.834745210478
    ],
    [
      6500.0
    ]
  ],
  "Sxys_vec": [
    [
      1.2987012987012988e-05
    ],
    [
      1.3333333333333333e-05
    ],
    [
      -7.792207792207792e-07
    ],
    [
      0.00015384615384615385
    ]
  ],
  "Ts_p": [
    [
      1.0,
      0.0,
      0.0
    ],
    [
      0.0,
      1.0,
      -0.0
    ],
    [
      -0.0,
      0.0,
      1.0
    ]
  ],
  "Ts_n": [
    [
      1.0,
      0.0,
      0.0
    ],
    [
      0.0,
      1.0,
      0.0
    ],
    [
      0.0,
      0.0,
      1.0
    ]
  ],
  "Te_p": [
    [
      1.0,
      0.0,
      0.0
    ],
    [
      0.0,
      1.0,
      -0.0
    ],
    [
      -0.0,
      0.0,
      1.0
    ]
  ],
  "Te_n": [
    [
      1.0,
      0.0,
      0.0
    ],
    [
      0.0,
      1.0,
      0.0
    ],
    [
      0.0,
      0.0,
      1.0
    ]
  ],
  "Tstiff_p": [
    [
      1.0,
      0.0,
      0.0,
      0.0
    ],
    [
      0.0,
      1.0,
      0.0,
      0.0
    ],
    [
      0.0,
      0.0,
      1.0,
      -0.0
    ],
    [
      0.0,
      0.0,
      -0.0,
      1.0
    ],
    [
      0.0,
      -0.0,
      0.0,
      0.0
    ],
    [
      0.0,
      -0.0,
      0.0,
      0.0
    ]
  ],
  "Tcompl_p": [
    [
      1.0,
      0.0,
      0.0,
      0.0
    ],
    [
      0.0,
      1.0,
      0.0,
      0.0
    ],
    [
      0.0,
      0.0,
      1.0,
      -0.0
    ],
    [
      0.0,
      0.0,
      -0.0,
      1.0
    ],
    [
      0.0,
      -0.0,
      0.0,
      0.0
    ],
    [
      0.0,
      -0.0,
      0.0,
      0.0
    ]
  ],
  "Tstiff_n": [
    [
      1.0,
      0.0,
      0.0,
      0.0,
      0.0,
      0.0
    ],
    [
      0.0,
      1.0,
      0.0,
      0.0,
      0.0,
      0.0
    ],
    [
      0.0,
      0.0,
      1.0,
      0.0,
      0.0,
      0.0
    ],
    [
      0.0,
      0.0,
      0.0,
      1.0,
      0.0,
      0.0
    ]
  ],
  "Tcompl_n": [
    [
      1.0,
      0.0,
      0.0,
      0.0,
      0.0,
      0.0
    ],
    [
      0.0,
      1.0,
      0.0,
      0.0,
      0.0,
      0.0
    ],
    [
      0.0,
      0.0,
      1.0,
      0.0,
      0.0,
      0.0
    ],
    [
      0.0,
      0.0,
      0.0,
      1.0,
      0.0,
      0.0
    ]
  ],
  "Q126": [
    [
      77270.95008471262,
      4515.834745210478,
      0.0
    ],
    [
      4515.834745210478,
      75263.91242017463,
      0.0
    ],
    [
      0.0,
      0.0,
      6500.0
    ]
  ],
  "S126": [
    [
      1.2987012987012988e-05,
      -7.792207792207792e-07,
      0.0
    ],
    [
      -7.792207792207792e-07,
      1.3333333333333333e-05,
      0.0
    ],
    [
      0.0,
      0.0,
      0.00015384615384615385
    ]
  ],
  "Q126_vec": [
    [
      77270.95008471262
    ],
    [
      75263.91242017463
    ],
    [
      4515.834745210478
    ],
    [
      6500.0
    ],
    [
      0.0
    ],
    [
      0.0
    ]
  ],
  "S126_vec": [
    [
      1.2987012987012988e-05
    ],
    [
      1.3333333333333333e-05
    ],
    [
      -7.792207792207792e-07
    ],
    [
      0.00015384615384615385
    ],
    [
      0.0
    ],
    [
      0.0
    ]
  ],
  "Fxx": 1.1538017768547365e-06,
  "Fyy": 1.2980269989615785e-06,
  "Fss": 0.00019837333862328903,
  "Fxy": -6.118957954193039e-07,
  "Fx": -7.268951194184842e-05,
  "Fy": 5.7113187954309363e-05
}