{
  "name": "Kevlar49-Fabric--Epoxy-K120--M10.2",
  "thick": 0.3,
  "angle": 0.0,
  "core": false,
  "rho": 1.38e-09,
  "gsm": 413.99999999999994,
  "Ex": 29000.0,
  "Ey": 29000.0,
  "Es": 18000.0,
  "nux": 0.05,
  "nuy": 0.05,
  "Xt": 369.0,
  "Xc": 129.0,
  "Yt": 369.0,
  "Yc": 129.0,
  "S": 113.0,
  "Qxys": [
    [
      29072.68170426065,
      1453.6340852130324,
      0.0
    ],
    [
      1453.6340852130324,
      29072.68170426065,
      0.0
    ],
    [
      0.0,
      0.0,
      18000.0
    ]
  ],
  "Sxys": [
    [
      3.4482758620689657e-05,
      -1.724137931034483e-06,
      0.0
    ],
    [
      -1.724137931034483e-06,
      3.4482758620689657e-05,
      0.0
    ],
    [
      0.0,
      0.0,
      5.555555555555556e-05
    ]
  ],
  "Qxys_vec": [
    [
      29072.68170426065
    ],
    [
      29072.68170426065
    ],
    [
      1453.6340852130324
    ],
    [
      18000.0
    ]
  ],
  "Sxys_vec": [
    [
      3.4482758620689657e-05
    ],
    [
      3.4482758620689657e-05
    ],
    [
      -1.724137931034483e-06
    ],
    [
      5.555555555555556e-05
    ]
  ],
  "Ts_p": [
    [
      1.0,
      0.0,
      0.0
    ],
    [
      0.0,
      1.0,
      -0.0
    ],
    [
      -0.0,
      0.0,
      1.0
    ]
  ],
  "Ts_n": [
    [
      1.0,
      0.0,
      0.0
    ],
    [
      0.0,
      1.0,
      0.0
    ],
    [
      0.0,
      0.0,
      1.0
    ]
  ],
  "Te_p": [
    [
      1.0,
      0.0,
      0.0
    ],
    [
      0.0,
      1.0,
      -0.0
    ],
    [
      -0.0,
      0.0,
      1.0
    ]
  ],
  "Te_n": [
    [
      1.0,
      0.0,
      0.0
    ],
    [
      0.0,
      1.0,
      0.0
    ],
    [
      0.0,
      0.0,
      1.0
    ]
  ],
  "Tstiff_p": [
    [
      1.0,
      0.0,
      0.0,
      0.0
    ],
    [
      0.0,
      1.0,
      0.0,
      0.0
    ],
    [
      0.0,
      0.0,
      1.0,
      -0.0
    ],
    [
      0.0,
      0.0,
      -0.0,
      1.0
    ],
    [
      0.0,
      -0.0,
      0.0,
      0.0
    ],
    [
      0.0,
      -0.0,
      0.0,
      0.0
    ]
  ],
  "Tcompl_p": [
    [
      1.0,
      0.0,
      0.0,
      0.0
    ],
    [
      0.0,
      1.0,
      0.0,
      0.0
    ],
    [
      0.0,
      0.0,
      1.0,
      -0.0
    ],
    [
      0.0,
      0.0,
      -0.0,
      1.0
    ],
    [
      0.0,
      -0.0,
      0.0,
      0.0
    ],
    [
      0.0,
      -0.0,
      0.0,
      0.0
    ]
  ],
  "Tstiff_n": [
    [
      1.0,
      0.0,
      0.0,
      0.0,
      0.0,
      0.0
    ],
    [
      0.0,
      1.0,
      0.0,
      0.0,
      0.0,
      0.0
    ],
    [
      0.0,
      0.0,
      1.0,
      0.0,
      0.0,
      0.0
    ],
    [
      0.0,
      0.0,
      0.0,
      1.0,
      0.0,
      0.0
    ]
  ],
  "Tcompl_n": [
    [
      1.0,
      0.0,
      0.0,
      0.0,
      0.0,
      0.0
    ],
    [
      0.0,
      1.0,
      0.0,
      0.0,
      0.0,
      0.0
    ],
    [
      0.0,
      0.0,
      1.0,
      0.0,
      0.0,
      0.0
    ],
    [
      0.0,
      0.0,
      0.0,
      1.0,
      0.0,
      0.0
    ]
  ],
  "Q126": [
    [
      29072.68170426065,
      1453.6340852130324,
      0.0
    ],
    [
      1453.6340852130324,
      29072.68170426065,
      0.0
    ],
    [
      0.0,
      0.0,
      18000.0
    ]
  ],
  "S126": [
    [
      3.4482758620689657e-05,
      -1.724137931034483e-06,
      0.0
    ],
    [
      -1.724137931034483e-06,
      3.4482758620689657e-05,
      0.0
    ],
    [
      0.0,
      0.0,
      5.555555555555556e-05
    ]
  ],
  "Q126_vec": [
    [
      29072.68170426065
    ],
    [
      29072.68170426065
    ],
    [
      1453.6340852130324
    ],
    [
      18000.0
    ],
    [
      0.0
    ],
    [
      0.0
    ]
  ],
  "S126_vec": [
    [
      3.4482758620689657e-05
    ],
    [
      3.4482758620689657e-05
    ],
    [
      -1.724137931034483e-06
    ],
    [
      5.555555555555556e-05
    ],
    [
      0.0
    ],
    [
      0.0
    ]
  ],
  "Fxx": 2.100796201760467e-05,
  "Fyy": 2.100796201760467e-05,
  "Fss": 7.831466833737959e-05,
  "Fxy": -1.0503981008802335e-05,
  "Fx": -0.005041910884225121,
  "Fy": -0.005041910884225121
}