{
  "name": "WGlass--Epoxy-7781--5245C",
  "thick": 0.3,
  "angle": 0.0,
  "core": false,
  "rho": 2.2e-09,
  "gsm": 659.9999999999999,
  "Ex": 29700.0,
  "Ey": 29700.0,
  "Es": 5300.0,
  "nux": 0.17,
  "nuy": 0.17,
  "Xt": 367.0,
  "Xc": 549.0,
  "Yt": 367.0,
  "Yc": 549.0,
  "S": 97.1,
  "Qxys": [
    [
      30583.873957367934,
      5199.258572752549,
      0.0
    ],
    [
      5199.258572752549,
      30583.873957367934,
      0.0
    ],
    [
      0.0,
      0.0,
      5300.0
    ]
  ],
  "Sxys": [
    [
      3.367003367003367e-05,
      -5.723905723905724e-06,
      0.0
    ],
    [
      -5.723905723905724e-06,
      3.367003367003367e-05,
      0.0
    ],
    [
      0.0,
      0.0,
      0.00018867924528301886
    ]
  ],
  "Qxys_vec": [
    [
      30583.873957367934
    ],
    [
      30583.873957367934
    ],
    [
      5199.258572752549
    ],
    [
      5300.0
    ]
  ],
  "Sxys_vec": [
    [
      3.367003367003367e-05
    ],
    [
      3.367003367003367e-05
    ],
    [
      -5.723905723905724e-06
    ],
    [
      0.00018867924528301886
    ]
  ],
  "Ts_p": [
    [
      1.0,
      0.0,
      0.0
    ],
    [
      0.0,
      1.0,
      -0.0
    ],
    [
      -0.0,
      0.0,
      1.0
    ]
  ],
  "Ts_n": [
    [
      1.0,
      0.0,
      0.0
    ],
    [
      0.0,
      1.0,
      0.0
    ],
    [
      0.0,
      0.0,
      1.0
    ]
  ],
  "Te_p": [
    [
      1.0,
      0.0,
      0.0
    ],
    [
      0.0,
      1.0,
      -0.0
    ],
    [
      -0.0,
      0.0,
      1.0
    ]
  ],
  "Te_n": [
    [
      1.0,
      0.0,
      0.0
    ],
    [
      0.0,
      1.0,
      0.0
    ],
    [
      0.0,
      0.0,
      1.0
    ]
  ],
  "Tstiff_p": [
    [
      1.0,
      0.0,
      0.0,
      0.0
    ],
    [
      0.0,
      1.0,
      0.0,
      0.0
    ],
    [
      0.0,
      0.0,
      1.0,
      -0.0
    ],
    [
      0.0,
      0.0,
      -0.0,
      1.0
    ],
    [
      0.0,
      -0.0,
      0.0,
      0.0
    ],
    [
      0.0,
      -0.0,
      0.0,
      0.0
    ]
  ],
  "Tcompl_p": [
    [
      1.0,
      0.0,
      0.0,
      0.0
    ],
    [
      0.0,
      1.0,
      0.0,
      0.0
    ],
    [
      0.0,
      0.0,
      1.0,
      -0.0
    ],
    [
      0.0,
      0.0,
      -0.0,
      1.0
    ],
    [
      0.0,
      -0.0,
      0.0,
      0.0
    ],
    [
      0.0,
      -0.0,
      0.0,
      0.0
    ]
  ],
  "Tstiff_n": [
    [
      1.0,
      0.0,
      0.0,
      0.0,
      0.0,
      0.0
    ],
    [
      0.0,
      1.0,
      0.0,
      0.0,
      0.0,
      0.0
    ],
    [
      0.0,
      0.0,
      1.0,
      0.0,
      0.0,
      0.0
    ],
    [
      0.0,
      0.0,
      0.0,
      1.0,
      0.0,
      0.0
    ]
  ],
  "Tcompl_n": [
    [
      1.0,
      0.0,
      0.0,
      0.0,
      0.0,
      0.0
    ],
    [
      0.0,
      1.0,
      0.0,
      0.0,
      0.0,
      0.0
    ],
    [
      0.0,
      0.0,
      1.0,
      0.0,
      0.0,
      0.0
    ],
    [
      0.0,
      0.0,
      0.0,
      1.0,
      0.0,
      0.0
    ]
  ],
  "Q126": [
    [
      30583.873957367934,
      5199.258572752549,
      0.0
    ],
    [
      5199.258572752549,
      30583.873957367934,
      0.0
    ],
    [
      0.0,
      0.0,
      5300.0
    ]
  ],
  "S126": [
    [
      3.367003367003367e-05,
      -5.723905723905724e-06,
      0.0
    ],
    [
      -5.723905723905724e-06,
      3.367003367003367e-05,
      0.0
    ],
    [
      0.0,
      0.0,
      0.00018867924528301886
    ]
  ],
  "Q126_vec": [
    [
      30583.873957367934
    ],
    [
      30583.873957367934
    ],
    [
      5199.258572752549
    ],
    [
      5300.0
    ],
    [
      0.0
    ],
    [
      0.0
    ]
  ],
  "S126_vec": [
    [
      3.367003367003367e-05
    ],
    [
      3.367003367003367e-05
    ],
    [
      -5.723905723905724e-06
    ],
    [
      0.00018867924528301886
    ],
    [
      0.0
    ],
    [
      0.0
    ]
  ],
  "Fxx": 4.963197887662979e-06,
  "Fyy": 4.963197887662979e-06,
  "Fss": 0.00010606242197783085,
  "Fxy": -2.4815989438314896e-06,
  "Fx": 0.0009033020155546621,
  "Fy": 0.0009033020155546621
}