{
  "name": "GFRP-Scotchply-1002",
  "thick": 0.125,
  "angle": 0.0,
  "core": false,
  "rho": 1.8e-09,
  "gsm": 225.0,
  "Ex": 38600.0,
  "Ey": 8270.0,
  "Es": 4140.0,
  "nux": 0.26,
  "nuy": 0.05570466321243524,
  "Xt": 1062.0,
  "Xc": 610.0,
  "Yt": 31.0,
  "Yc": 118.0,
  "S": 72.0,
  "Qxys": [
    [
      39167.267860937645,
      2181.7994651447702,
      0.0
    ],
    [
      2181.7994651447702,
      8391.536404402961,
      0.0
    ],
    [
      0.0,
      0.0,
      4140.0
    ]
  ],
  "Sxys": [
    [
      2.5906735751295337e-05,
      -6.735751295336788e-06,
      0.0
    ],
    [
      -6.735751295336788e-06,
      0.00012091898428053205,
      0.0
    ],
    [
      0.0,
      0.0,
      0.00024154589371980676
    ]
  ],
  "Qxys_vec": [
    [
      39167.267860937645
    ],
    [
      8391.536404402961
    ],
    [
      2181.7994651447702
    ],
    [
      4140.0
    ]
  ],
  "Sxys_vec": [
    [
      2.5906735751295337e-05
    ],
    [
      0.00012091898428053205
    ],
    [
      -6.735751295336788e-06
    ],
    [
      0.00024154589371980676
    ]
  ],
  "Ts_p": [
    [
      1.0,
      0.0,
      0.0
    ],
    [
      0.0,
      1.0,
      -0.0
    ],
    [
      -0.0,
      0.0,
      1.0
    ]
  ],
  "Ts_n": [
    [
      1.0,
      0.0,
      0.0
    ],
    [
      0.0,
      1.0,
      0.0
    ],
    [
      0.0,
      0.0,
      1.0
    ]
  ],
  "Te_p": [
    [
      1.0,
      0.0,
      0.0
    ],
    [
      0.0,
      1.0,
      -0.0
    ],
    [
      -0.0,
      0.0,
      1.0
    ]
  ],
  "Te_n": [
    [
      1.0,
      0.0,
      0.0
    ],
    [
      0.0,
      1.0,
      0.0
    ],
    [
      0.0,
      0.0,
      1.0
    ]
  ],
  "Tstiff_p": [
    [
      1.0,
      0.0,
      0.0,
      0.0
    ],
    [
      0.0,
      1.0,
      0.0,
      0.0
    ],
    [
      0.0,
      0.0,
      1.0,
      -0.0
    ],
    [
      0.0,
      0.0,
      -0.0,
      1.0
    ],
    [
      0.0,
      -0.0,
      0.0,
      0.0
    ],
    [
      0.0,
      -0.0,
      0.0,
      0.0
    ]
  ],
  "Tcompl_p": [
    [
      1.0,
      0.0,
      0.0,
      0.0
    ],
    [
      0.0,
      1.0,
      0.0,
      0.0
    ],
    [
      0.0,
      0.0,
      1.0,
      -0.0
    ],
    [
      0.0,
      0.0,
      -0.0,
      1.0
    ],
    [
      0.0,
      -0.0,
      0.0,
      0.0
    ],
    [
      0.0,
      -0.0,
      0.0,
      0.0
    ]
  ],
  "Tstiff_n": [
    [
      1.0,
      0.0,
      0.0,
      0.0,
      0.0,
      0.0
    ],
    [
      0.0,
      1.0,
      0.0,
      0.0,
      0.0,
      0.0
    ],
    [
      0.0,
      0.0,
      1.0,
      0.0,
      0.0,
      0.0
    ],
    [
      0.0,
      0.0,
      0.0,
      1.0,
      0.0,
      0.0
    ]
  ],
  "Tcompl_n": [
    [
      1.0,
      0.0,
      0.0,
      0.0,
      0.0,
      0.0
    ],
    [
      0.0,
      1.0,
      0.0,
      0.0,
      0.0,
      0.0
    ],
    [
      0.0,
      0.0,
      1.0,
      0.0,
      0.0,
      0.0
    ],
    [
      0.0,
      0.0,
      0.0,
      1.0,
      0.0,
      0.0
    ]
  ],
  "Q126": [
    [
      39167.267860937645,
      2181.7994651447702,
      0.0
    ],
    [
      2181.7994651447702,
      8391.536404402961,
      0.0
    ],
    [
      0.0,
      0.0,
      4140.0
    ]
  ],
  "S126": [
    [
      2.5906735751295337e-05,
      -6.735751295336788e-06,
      0.0
    ],
    [
      -6.735751295336788e-06,
      0.00012091898428053205,
      0.0
    ],
    [
      0.0,
      0.0,
      0.00024154589371980676
    ]
  ],
  "Q126_vec": [
    [
      39167.267860937645
    ],
    [
      8391.536404402961
    ],
    [
      2181.7994651447702
    ],
    [
      4140.0
    ],
    [
      0.0
    ],
    [
      0.0
    ]
  ],
  "S126_vec": [
    [
      2.5906735751295337e-05
    ],
    [
      0.00012091898428053205
    ],
    [
      -6.735751295336788e-06
    ],
    [
      0.00024154589371980676
    ],
    [
      0.0
    ],
    [
      0.0
    ]
  ],
  "Fxx": 1.5436386650612825e-06,
  "Fyy": 0.0002733734281027884,
  "Fss": 0.00019290123456790122,
  "Fxy": -1.02711950816326e-05,
  "Fx": -0.0006977246766076997,
  "Fy": 0.023783488244942592
}