{
  "name": "CFRP-AS--3501",
  "thick": 0.125,
  "angle": 0.0,
  "core": false,
  "rho": 1.6e-09,
  "gsm": 200.0,
  "Ex": 138000.0,
  "Ey": 8960.0,
  "Es": 7100.0,
  "nux": 0.3,
  "nuy": 0.019478260869565216,
  "Xt": 1447.0,
  "Xc": 1447.0,
  "Yt": 51.7,
  "Yc": 206.0,
  "S": 93.0,
  "Qxys": [
    [
      138811.13987824507,
      2703.799594150164,
      0.0
    ],
    [
      2703.7995941501645,
      9012.665313833882,
      0.0
    ],
    [
      0.0,
      0.0,
      7100.0
    ]
  ],
  "Sxys": [
    [
      7.2463768115942025e-06,
      -2.1739130434782607e-06,
      0.0
    ],
    [
      -2.1739130434782607e-06,
      0.00011160714285714285,
      0.0
    ],
    [
      0.0,
      0.0,
      0.00014084507042253522
    ]
  ],
  "Qxys_vec": [
    [
      138811.13987824507
    ],
    [
      9012.665313833882
    ],
    [
      2703.799594150164
    ],
    [
      7100.0
    ]
  ],
  "Sxys_vec": [
    [
      7.2463768115942025e-06
    ],
    [
      0.00011160714285714285
    ],
    [
      -2.1739130434782607e-06
    ],
    [
      0.00014084507042253522
    ]
  ],
  "Ts_p": [
    [
      1.0,
      0.0,
      0.0
    ],
    [
      0.0,
      1.0,
      -0.0
    ],
    [
      -0.0,
      0.0,
      1.0
    ]
  ],
  "Ts_n": [
    [
      1.0,
      0.0,
      0.0
    ],
    [
      0.0,
      1.0,
      0.0
    ],
    [
      0.0,
      0.0,
      1.0
    ]
  ],
  "Te_p": [
    [
      1.0,
      0.0,
      0.0
    ],
    [
      0.0,
      1.0,
      -0.0
    ],
    [
      -0.0,
      0.0,
      1.0
    ]
  ],
  "Te_n": [
    [
      1.0,
      0.0,
      0.0
    ],
    [
      0.0,
      1.0,
      0.0
    ],
    [
      0.0,
      0.0,
      1.0
    ]
  ],
  "Tstiff_p": [
    [
      1.0,
      0.0,
      0.0,
      0.0
    ],
    [
      0.0,
      1.0,
      0.0,
      0.0
    ],
    [
      0.0,
      0.0,
      1.0,
      -0.0
    ],
    [
      0.0,
      0.0,
      -0.0,
      1.0
    ],
    [
      0.0,
      -0.0,
      0.0,
      0.0
    ],
    [
      0.0,
      -0.0,
      0.0,
      0.0
    ]
  ],
  "Tcompl_p": [
    [
      1.0,
      0.0,
      0.0,
      0.0
    ],
    [
      0.0,
      1.0,
      0.0,
      0.0
    ],
    [
      0.0,
      0.0,
      1.0,
      -0.0
    ],
    [
      0.0,
      0.0,
      -0.0,
      1.0
    ],
    [
      0.0,
      -0.0,
      0.0,
      0.0
    ],
    [
      0.0,
      -0.0,
      0.0,
      0.0
    ]
  ],
  "Tstiff_n": [
    [
      1.0,
      0.0,
      0.0,
      0.0,
      0.0,
      0.0
    ],
    [
      0.0,
      1.0,
      0.0,
      0.0,
      0.0,
      0.0
    ],
    [
      0.0,
      0.0,
      1.0,
      0.0,
      0.0,
      0.0
    ],
    [
      0.0,
      0.0,
      0.0,
      1.0,
      0.0,
      0.0
    ]
  ],
  "Tcompl_n": [
    [
      1.0,
      0.0,
      0.0,
      0.0,
      0.0,
      0.0
    ],
    [
      0.0,
      1.0,
      0.0,
      0.0,
      0.0,
      0.0
    ],
    [
      0.0,
      0.0,
      1.0,
      0.0,
      0.0,
      0.0
    ],
    [
      0.0,
      0.0,
      0.0,
      1.0,
      0.0,
      0.0
    ]
  ],
  "Q126": [
    [
      138811.13987824507,
      2703.799594150164,
      0.0
    ],
    [
      2703.7995941501645,
      9012.665313833882,
      0.0
    ],
    [
      0.0,
      0.0,
      7100.0
    ]
  ],
  "S126": [
    [
      7.2463768115942025e-06,
      -2.1739130434782607e-06,
      0.0
    ],
    [
      -2.1739130434782607e-06,
      0.00011160714285714285,
      0.0
    ],
    [
      0.0,
      0.0,
      0.00014084507042253522
    ]
  ],
  "Q126_vec": [
    [
      138811.13987824507
    ],
    [
      9012.665313833882
    ],
    [
      2703.799594150164
    ],
    [
      7100.0
    ],
    [
      0.0
    ],
    [
      0.0
    ]
  ],
  "S126_vec": [
    [
      7.2463768115942025e-06
    ],
    [
      0.00011160714285714285
    ],
    [
      -2.1739130434782607e-06
    ],
    [
      0.00014084507042253522
    ],
    [
      0.0
    ],
    [
      0.0
    ]
  ],
  "Fxx": 4.775984820009848e-07,
  "Fyy": 9.389495032957127e-05,
  "Fss": 0.00011562030292519366,
  "Fxy": -3.3482863432269763e-06,
  "Fx": 0.0,
  "Fy": 0.014487990835852846
}