{
  "name": "E-Glass--Epoxy",
  "thick": 0.25,
  "angle": 0.0,
  "core": false,
  "rho": 1.97e-09,
  "gsm": 492.5,
  "Ex": 41000.0,
  "Ey": 10400.0,
  "Es": 4300.0,
  "nux": 0.28,
  "nuy": 0.07102439024390245,
  "Xt": 1140.0,
  "Xc": 620.0,
  "Yt": 39.0,
  "Yc": 128.0,
  "S": 89.0,
  "Qxys": [
    [
      41831.90393145241,
      2971.0854694729132,
      0.0
    ],
    [
      2971.0854694729132,
      10611.019533831832,
      0.0
    ],
    [
      0.0,
      0.0,
      4300.0
    ]
  ],
  "Sxys": [
    [
      2.4390243902439026e-05,
      -6.829268292682928e-06,
      0.0
    ],
    [
      -6.829268292682928e-06,
      9.615384615384615e-05,
      0.0
    ],
    [
      0.0,
      0.0,
      0.00023255813953488373
    ]
  ],
  "Qxys_vec": [
    [
      41831.90393145241
    ],
    [
      10611.019533831832
    ],
    [
      2971.0854694729132
    ],
    [
      4300.0
    ]
  ],
  "Sxys_vec": [
    [
      2.4390243902439026e-05
    ],
    [
      9.615384615384615e-05
    ],
    [
      -6.829268292682928e-06
    ],
    [
      0.00023255813953488373
    ]
  ],
  "Ts_p": [
    [
      1.0,
      0.0,
      0.0
    ],
    [
      0.0,
      1.0,
      -0.0
    ],
    [
      -0.0,
      0.0,
      1.0
    ]
  ],
  "Ts_n": [
    [
      1.0,
      0.0,
      0.0
    ],
    [
      0.0,
      1.0,
      0.0
    ],
    [
      0.0,
      0.0,
      1.0
    ]
  ],
  "Te_p": [
    [
      1.0,
      0.0,
      0.0
    ],
    [
      0.0,
      1.0,
      -0.0
    ],
    [
      -0.0,
      0.0,
      1.0
    ]
  ],
  "Te_n": [
    [
      1.0,
      0.0,
      0.0
    ],
    [
      0.0,
      1.0,
      0.0
    ],
    [
      0.0,
      0.0,
      1.0
    ]
  ],
  "Tstiff_p": [
    [
      1.0,
      0.0,
      0.0,
      0.0
    ],
    [
      0.0,
      1.0,
      0.0,
      0.0
    ],
    [
      0.0,
      0.0,
      1.0,
      -0.0
    ],
    [
      0.0,
      0.0,
      -0.0,
      1.0
    ],
    [
      0.0,
      -0.0,
      0.0,
      0.0
    ],
    [
      0.0,
      -0.0,
      0.0,
      0.0
    ]
  ],
  "Tcompl_p": [
    [
      1.0,
      0.0,
      0.0,
      0.0
    ],
    [
      0.0,
      1.0,
      0.0,
      0.0
    ],
    [
      0.0,
      0.0,
      1.0,
      -0.0
    ],
    [
      0.0,
      0.0,
      -0.0,
      1.0
    ],
    [
      0.0,
      -0.0,
      0.0,
      0.0
    ],
    [
      0.0,
      -0.0,
      0.0,
      0.0
    ]
  ],
  "Tstiff_n": [
    [
      1.0,
      0.0,
      0.0,
      0.0,
      0.0,
      0.0
    ],
    [
      0.0,
      1.0,
      0.0,
      0.0,
      0.0,
      0.0
    ],
    [
      0.0,
      0.0,
      1.0,
      0.0,
      0.0,
      0.0
    ],
    [
      0.0,
      0.0,
      0.0,
      1.0,
      0.0,
      0.0
    ]
  ],
  "Tcompl_n": [
    [
      1.0,
      0.0,
      0.0,
      0.0,
      0.0,
      0.0
    ],
    [
      0.0,
      1.0,
      0.0,
      0.0,
      0.0,
      0.0
    ],
    [
      0.0,
      0.0,
      1.0,
      0.0,
      0.0,
      0.0
    ],
    [
      0.0,
      0.0,
      0.0,
      1.0,
      0.0,
      0.0
    ]
  ],
  "Q126": [
    [
      41831.90393145241,
      2971.0854694729132,
      0.0
    ],
    [
      2971.0854694729132,
      10611.019533831832,
      0.0
    ],
    [
      0.0,
      0.0,
      4300.0
    ]
  ],
  "S126": [
    [
      2.4390243902439026e-05,
      -6.829268292682928e-06,
      0.0
    ],
    [
      -6.829268292682928e-06,
      9.615384615384615e-05,
      0.0
    ],
    [
      0.0,
      0.0,
      0.00023255813953488373
    ]
  ],
  "Q126_vec": [
    [
      41831.90393145241
    ],
    [
      10611.019533831832
    ],
    [
      2971.0854694729132
    ],
    [
      4300.0
    ],
    [
      0.0
    ],
    [
      0.0
    ]
  ],
  "S126_vec": [
    [
      2.4390243902439026e-05
    ],
    [
      9.615384615384615e-05
    ],
    [
      -6.829268292682928e-06
    ],
    [
      0.00023255813953488373
    ],
    [
      0.0
    ],
    [
      0.0
    ]
  ],
  "Fxx": 1.4148273910582908e-06,
  "Fyy": 0.00020032051282051281,
  "Fss": 0.00012624668602449185,
  "Fxy": -8.417525594396863e-06,
  "Fx": -0.0007357102433503112,
  "Fy": 0.01782852564102564
}