{
  "name": "Kevlar49--Epoxy",
  "thick": 0.125,
  "angle": -45.0,
  "core": false,
  "rho": 1.38e-09,
  "gsm": 172.5,
  "Ex": 80000.0,
  "Ey": 5500.0,
  "Es": 2200.0,
  "nux": 0.34,
  "nuy": 0.023375000000000003,
  "Xt": 1400.0,
  "Xc": 335.0,
  "Yt": 30.0,
  "Yc": 158.0,
  "S": 49.0,
  "Qxys": [
    [
      80640.89350109998,
      1884.9808855882125,
      0.0
    ],
    [
      1884.9808855882125,
      5544.0614282006245,
      0.0
    ],
    [
      0.0,
      0.0,
      2200.0
    ]
  ],
  "Sxys": [
    [
      1.25e-05,
      -4.250000000000001e-06,
      0.0
    ],
    [
      -4.25e-06,
      0.0001818181818181818,
      0.0
    ],
    [
      0.0,
      0.0,
      0.00045454545454545455
    ]
  ],
  "Qxys_vec": [
    [
      80640.89350109998
    ],
    [
      5544.0614282006245
    ],
    [
      1884.9808855882125
    ],
    [
      2200.0
    ]
  ],
  "Sxys_vec": [
    [
      1.25e-05
    ],
    [
      0.0001818181818181818
    ],
    [
      -4.250000000000001e-06
    ],
    [
      0.00045454545454545455
    ]
  ],
  "Ts_p": [
    [
      0.5000000000000001,
      0.5000000000000001,
      -1.0000000000000002
    ],
    [
      0.5000000000000001,
      0.5000000000000001,
      1.0000000000000002
    ],
    [
      0.5000000000000001,
      -0.5000000000000001,
      0.0
    ]
  ],
  "Ts_n": [
    [
      0.4999999999999999,
      0.4999999999999999,
      0.9999999999999998
    ],
    [
      0.4999999999999999,
      0.4999999999999999,
      -0.9999999999999998
    ],
    [
      -0.4999999999999999,
      0.4999999999999999,
      0.0
    ]
  ],
  "Te_p": [
    [
      0.5000000000000001,
      0.5000000000000001,
      -0.5000000000000001
    ],
    [
      0.5000000000000001,
      0.5000000000000001,
      0.5000000000000001
    ],
    [
      1.0000000000000002,
      -1.0000000000000002,
      0.0
    ]
  ],
  "Te_n": [
    [
      0.4999999999999999,
      0.4999999999999999,
      0.4999999999999999
    ],
    [
      0.4999999999999999,
      0.4999999999999999,
      -0.4999999999999999
    ],
    [
      -0.9999999999999998,
      0.9999999999999998,
      -0.0
    ]
  ],
  "Tstiff_p": [
    [
      0.25000000000000006,
      0.25000000000000006,
      0.5000000000000002,
      1.0000000000000004
    ],
    [
      0.25000000000000006,
      0.25000000000000006,
      0.5000000000000002,
      1.0000000000000004
    ],
    [
      0.2500000000000001,
      0.2500000000000001,
      0.5000000000000001,
      -1.0000000000000004
    ],
    [
      0.2500000000000001,
      0.2500000000000001,
      -0.5000000000000002,
      0.0
    ],
    [
      -0.25000000000000006,
      0.25000000000000006,
      0.0,
      0.0
    ],
    [
      -0.25000000000000006,
      0.25000000000000006,
      0.0,
      0.0
    ]
  ],
  "Tcompl_p": [
    [
      0.25000000000000006,
      0.25000000000000006,
      0.5000000000000002,
      0.2500000000000001
    ],
    [
      0.25000000000000006,
      0.25000000000000006,
      0.5000000000000002,
      0.2500000000000001
    ],
    [
      0.2500000000000001,
      0.2500000000000001,
      0.5000000000000001,
      -0.2500000000000001
    ],
    [
      1.0000000000000004,
      1.0000000000000004,
      -2.000000000000001,
      0.0
    ],
    [
      -0.5000000000000001,
      0.5000000000000001,
      0.0,
      0.0
    ],
    [
      -0.5000000000000001,
      0.5000000000000001,
      0.0,
      0.0
    ]
  ],
  "Tstiff_n": [
    [
      0.24999999999999978,
      0.2499999999999997,
      0.49999999999999944,
      0.9999999999999997,
      -0.9999999999999993,
      -0.9999999999999993
    ],
    [
      0.24999999999999933,
      0.25000000000000033,
      0.5,
      0.9999999999999994,
      0.9999999999999991,
      0.9999999999999991
    ],
    [
      0.24999999999999986,
      0.24999999999999975,
      0.4999999999999997,
      -0.9999999999999996,
      3.558934159973681e-16,
      3.558934159973681e-16
    ],
    [
      0.24999999999999972,
      0.24999999999999992,
      -0.5000000000000001,
      -3.398511423699081e-17,
      7.196563164114692e-17,
      7.196563164114692e-17
    ]
  ],
  "Tcompl_n": [
    [
      0.25000000000000006,
      0.24999999999999997,
      0.49999999999999994,
      0.24999999999999975,
      -0.4999999999999997,
      -0.4999999999999997
    ],
    [
      0.24999999999999978,
      0.24999999999999994,
      0.5,
      0.2499999999999997,
      0.4999999999999999,
      0.4999999999999999
    ],
    [
      0.24999999999999986,
      0.24999999999999983,
      0.49999999999999994,
      -0.24999999999999986,
      -1.0612488825548276e-16,
      -1.0612488825548276e-16
    ],
    [
      0.9999999999999988,
      0.9999999999999994,
      -2.0000000000000004,
      -4.2375560845201367e-16,
      -9.289979767371254e-16,
      -9.289979767371254e-16
    ]
  ],
  "Q126": [
    [
      24688.72917511926,
      20288.72917511926,
      -18774.20801822484
    ],
    [
      20288.72917511926,
      24688.72917511926,
      -18774.20801822484
    ],
    [
      -18774.20801822484,
      -18774.20801822484,
      20603.748289531046
    ]
  ],
  "S126": [
    [
      0.00016009090909090907,
      -6.718181818181819e-05,
      8.46590909090909e-05
    ],
    [
      -6.718181818181819e-05,
      0.00016009090909090907,
      8.46590909090909e-05
    ],
    [
      8.465909090909091e-05,
      8.465909090909091e-05,
      0.00020281818181818183
    ]
  ],
  "Q126_vec": [
    [
      24688.729175119264
    ],
    [
      24688.729175119264
    ],
    [
      20288.729175119268
    ],
    [
      20603.748289531053
    ],
    [
      -18774.208018224843
    ],
    [
      -18774.208018224843
    ]
  ],
  "S126_vec": [
    [
      0.00016009090909090915
    ],
    [
      0.00016009090909090915
    ],
    [
      -6.718181818181823e-05
    ],
    [
      0.00020281818181818188
    ],
    [
      8.465909090909091e-05
    ],
    [
      8.465909090909091e-05
    ]
  ],
  "Fxx": 2.132196162046908e-06,
  "Fyy": 0.0002109704641350211,
  "Fss": 0.00041649312786339027,
  "Fxy": -1.0604602938511498e-05,
  "Fx": -0.0022707889125799575,
  "Fy": 0.0270042194092827
}