{
  "name": "Kevlar49--Epoxy",
  "thick": 0.125,
  "angle": 0.0,
  "core": false,
  "rho": 1.38e-09,
  "gsm": 172.5,
  "Ex": 80000.0,
  "Ey": 5500.0,
  "Es": 2200.0,
  "nux": 0.34,
  "nuy": 0.023375000000000003,
  "Xt": 1400.0,
  "Xc": 335.0,
  "Yt": 30.0,
  "Yc": 158.0,
  "S": 49.0,
  "Qxys": [
    [
      80640.89350109998,
      1884.9808855882125,
      0.0
    ],
    [
      1884.9808855882125,
      5544.0614282006245,
      0.0
    ],
    [
      0.0,
      0.0,
      2200.0
    ]
  ],
  "Sxys": [
    [
      1.25e-05,
      -4.250000000000001e-06,
      0.0
    ],
    [
      -4.25e-06,
      0.0001818181818181818,
      0.0
    ],
    [
      0.0,
      0.0,
      0.00045454545454545455
    ]
  ],
  "Qxys_vec": [
    [
      80640.89350109998
    ],
    [
      5544.0614282006245
    ],
    [
      1884.9808855882125
    ],
    [
      2200.0
    ]
  ],
  "Sxys_vec": [
    [
      1.25e-05
    ],
    [
      0.0001818181818181818
    ],
    [
      -4.250000000000001e-06
    ],
    [
      0.00045454545454545455
    ]
  ],
  "Ts_p": [
    [
      1.0,
      0.0,
      0.0
    ],
    [
      0.0,
      1.0,
      -0.0
    ],
    [
      -0.0,
      0.0,
      1.0
    ]
  ],
  "Ts_n": [
    [
      1.0,
      0.0,
      0.0
    ],
    [
      0.0,
      1.0,
      0.0
    ],
    [
      0.0,
      0.0,
      1.0
    ]
  ],
  "Te_p": [
    [
      1.0,
      0.0,
      0.0
    ],
    [
      0.0,
      1.0,
      -0.0
    ],
    [
      -0.0,
      0.0,
      1.0
    ]
  ],
  "Te_n": [
    [
      1.0,
      0.0,
      0.0
    ],
    [
      0.0,
      1.0,
      0.0
    ],
    [
      0.0,
      0.0,
      1.0
    ]
  ],
  "Tstiff_p": [
    [
      1.0,
      0.0,
      0.0,
      0.0
    ],
    [
      0.0,
      1.0,
      0.0,
      0.0
    ],
    [
      0.0,
      0.0,
      1.0,
      -0.0
    ],
    [
      0.0,
      0.0,
      -0.0,
      1.0
    ],
    [
      0.0,
      -0.0,
      0.0,
      0.0
    ],
    [
      0.0,
      -0.0,
      0.0,
      0.0
    ]
  ],
  "Tcompl_p": [
    [
      1.0,
      0.0,
      0.0,
      0.0
    ],
    [
      0.0,
      1.0,
      0.0,
      0.0
    ],
    [
      0.0,
      0.0,
      1.0,
      -0.0
    ],
    [
      0.0,
      0.0,
      -0.0,
      1.0
    ],
    [
      0.0,
      -0.0,
      0.0,
      0.0
    ],
    [
      0.0,
      -0.0,
      0.0,
      0.0
    ]
  ],
  "Tstiff_n": [
    [
      1.0,
      0.0,
      0.0,
      0.0,
      0.0,
      0.0
    ],
    [
      0.0,
      1.0,
      0.0,
      0.0,
      0.0,
      0.0
    ],
    [
      0.0,
      0.0,
      1.0,
      0.0,
      0.0,
      0.0
    ],
    [
      0.0,
      0.0,
      0.0,
      1.0,
      0.0,
      0.0
    ]
  ],
  "Tcompl_n": [
    [
      1.0,
      0.0,
      0.0,
      0.0,
      0.0,
      0.0
    ],
    [
      0.0,
      1.0,
      0.0,
      0.0,
      0.0,
      0.0
    ],
    [
      0.0,
      0.0,
      1.0,
      0.0,
      0.0,
      0.0
    ],
    [
      0.0,
      0.0,
      0.0,
      1.0,
      0.0,
      0.0
    ]
  ],
  "Q126": [
    [
      80640.89350109998,
      1884.9808855882125,
      0.0
    ],
    [
      1884.9808855882125,
      5544.0614282006245,
      0.0
    ],
    [
      0.0,
      0.0,
      2200.0
    ]
  ],
  "S126": [
    [
      1.25e-05,
      -4.250000000000001e-06,
      0.0
    ],
    [
      -4.25e-06,
      0.0001818181818181818,
      0.0
    ],
    [
      0.0,
      0.0,
      0.00045454545454545455
    ]
  ],
  "Q126_vec": [
    [
      80640.89350109998
    ],
    [
      5544.0614282006245
    ],
    [
      1884.9808855882125
    ],
    [
      2200.0
    ],
    [
      0.0
    ],
    [
      0.0
    ]
  ],
  "S126_vec": [
    [
      1.25e-05
    ],
    [
      0.0001818181818181818
    ],
    [
      -4.250000000000001e-06
    ],
    [
      0.00045454545454545455
    ],
    [
      0.0
    ],
    [
      0.0
    ]
  ],
  "Fxx": 2.132196162046908e-06,
  "Fyy": 0.0002109704641350211,
  "Fss": 0.00041649312786339027,
  "Fxy": -1.0604602938511498e-05,
  "Fx": -0.0022707889125799575,
  "Fy": 0.0270042194092827
}