{
  "name": "CFRP-IM6G--3501-6",
  "thick": 0.125,
  "angle": 0.0,
  "core": false,
  "rho": 1.62e-09,
  "gsm": 202.5,
  "Ex": 169000.0,
  "Ey": 9000.0,
  "Es": 6500.0,
  "nux": 0.31,
  "nuy": 0.01650887573964497,
  "Xt": 2240.0,
  "Xc": 1680.0,
  "Yt": 46.0,
  "Yc": 215.0,
  "S": 73.0,
  "Qxys": [
    [
      169869.34911270757,
      2804.35197647606,
      0.0
    ],
    [
      2804.35197647606,
      9046.29669830987,
      0.0
    ],
    [
      0.0,
      0.0,
      6500.0
    ]
  ],
  "Sxys": [
    [
      5.917159763313609e-06,
      -1.8343195266272188e-06,
      0.0
    ],
    [
      -1.8343195266272188e-06,
      0.00011111111111111112,
      0.0
    ],
    [
      0.0,
      0.0,
      0.00015384615384615385
    ]
  ],
  "Qxys_vec": [
    [
      169869.34911270757
    ],
    [
      9046.29669830987
    ],
    [
      2804.35197647606
    ],
    [
      6500.0
    ]
  ],
  "Sxys_vec": [
    [
      5.917159763313609e-06
    ],
    [
      0.00011111111111111112
    ],
    [
      -1.8343195266272188e-06
    ],
    [
      0.00015384615384615385
    ]
  ],
  "Ts_p": [
    [
      1.0,
      0.0,
      0.0
    ],
    [
      0.0,
      1.0,
      -0.0
    ],
    [
      -0.0,
      0.0,
      1.0
    ]
  ],
  "Ts_n": [
    [
      1.0,
      0.0,
      0.0
    ],
    [
      0.0,
      1.0,
      0.0
    ],
    [
      0.0,
      0.0,
      1.0
    ]
  ],
  "Te_p": [
    [
      1.0,
      0.0,
      0.0
    ],
    [
      0.0,
      1.0,
      -0.0
    ],
    [
      -0.0,
      0.0,
      1.0
    ]
  ],
  "Te_n": [
    [
      1.0,
      0.0,
      0.0
    ],
    [
      0.0,
      1.0,
      0.0
    ],
    [
      0.0,
      0.0,
      1.0
    ]
  ],
  "Tstiff_p": [
    [
      1.0,
      0.0,
      0.0,
      0.0
    ],
    [
      0.0,
      1.0,
      0.0,
      0.0
    ],
    [
      0.0,
      0.0,
      1.0,
      -0.0
    ],
    [
      0.0,
      0.0,
      -0.0,
      1.0
    ],
    [
      0.0,
      -0.0,
      0.0,
      0.0
    ],
    [
      0.0,
      -0.0,
      0.0,
      0.0
    ]
  ],
  "Tcompl_p": [
    [
      1.0,
      0.0,
      0.0,
      0.0
    ],
    [
      0.0,
      1.0,
      0.0,
      0.0
    ],
    [
      0.0,
      0.0,
      1.0,
      -0.0
    ],
    [
      0.0,
      0.0,
      -0.0,
      1.0
    ],
    [
      0.0,
      -0.0,
      0.0,
      0.0
    ],
    [
      0.0,
      -0.0,
      0.0,
      0.0
    ]
  ],
  "Tstiff_n": [
    [
      1.0,
      0.0,
      0.0,
      0.0,
      0.0,
      0.0
    ],
    [
      0.0,
      1.0,
      0.0,
      0.0,
      0.0,
      0.0
    ],
    [
      0.0,
      0.0,
      1.0,
      0.0,
      0.0,
      0.0
    ],
    [
      0.0,
      0.0,
      0.0,
      1.0,
      0.0,
      0.0
    ]
  ],
  "Tcompl_n": [
    [
      1.0,
      0.0,
      0.0,
      0.0,
      0.0,
      0.0
    ],
    [
      0.0,
      1.0,
      0.0,
      0.0,
      0.0,
      0.0
    ],
    [
      0.0,
      0.0,
      1.0,
      0.0,
      0.0,
      0.0
    ],
    [
      0.0,
      0.0,
      0.0,
      1.0,
      0.0,
      0.0
    ]
  ],
  "Q126": [
    [
      169869.34911270757,
      2804.35197647606,
      0.0
    ],
    [
      2804.35197647606,
      9046.29669830987,
      0.0
    ],
    [
      0.0,
      0.0,
      6500.0
    ]
  ],
  "S126": [
    [
      5.917159763313609e-06,
      -1.8343195266272188e-06,
      0.0
    ],
    [
      -1.8343195266272188e-06,
      0.00011111111111111112,
      0.0
    ],
    [
      0.0,
      0.0,
      0.00015384615384615385
    ]
  ],
  "Q126_vec": [
    [
      169869.34911270757
    ],
    [
      9046.29669830987
    ],
    [
      2804.35197647606
    ],
    [
      6500.0
    ],
    [
      0.0
    ],
    [
      0.0
    ]
  ],
  "S126_vec": [
    [
      5.917159763313609e-06
    ],
    [
      0.00011111111111111112
    ],
    [
      -1.8343195266272188e-06
    ],
    [
      0.00015384615384615385
    ],
    [
      0.0
    ],
    [
      0.0
    ]
  ],
  "Fxx": 2.657312925170068e-07,
  "Fyy": 0.00010111223458038423,
  "Fss": 0.00018765246762994934,
  "Fxy": -2.591750604530087e-06,
  "Fx": -0.00014880952380952388,
  "Fy": 0.017087967644084934
}