{
  "name": "S-Glass--Epoxy",
  "thick": 0.25,
  "angle": 0.0,
  "core": false,
  "rho": 2e-09,
  "gsm": 500.00000000000006,
  "Ex": 45000.0,
  "Ey": 11000.0,
  "Es": 4500.0,
  "nux": 0.29,
  "nuy": 0.07088888888888889,
  "Xt": 1725.0,
  "Xc": 690.0,
  "Yt": 49.0,
  "Yc": 158.0,
  "S": 70.0,
  "Qxys": [
    [
      45944.51717417396,
      3256.9557730136653,
      0.0
    ],
    [
      3256.9557730136653,
      11230.881975909191,
      0.0
    ],
    [
      0.0,
      0.0,
      4500.0
    ]
  ],
  "Sxys": [
    [
      2.2222222222222223e-05,
      -6.4444444444444445e-06,
      0.0
    ],
    [
      -6.444444444444444e-06,
      9.09090909090909e-05,
      0.0
    ],
    [
      0.0,
      0.0,
      0.00022222222222222223
    ]
  ],
  "Qxys_vec": [
    [
      45944.51717417396
    ],
    [
      11230.881975909191
    ],
    [
      3256.9557730136653
    ],
    [
      4500.0
    ]
  ],
  "Sxys_vec": [
    [
      2.2222222222222223e-05
    ],
    [
      9.09090909090909e-05
    ],
    [
      -6.4444444444444445e-06
    ],
    [
      0.00022222222222222223
    ]
  ],
  "Ts_p": [
    [
      1.0,
      0.0,
      0.0
    ],
    [
      0.0,
      1.0,
      -0.0
    ],
    [
      -0.0,
      0.0,
      1.0
    ]
  ],
  "Ts_n": [
    [
      1.0,
      0.0,
      0.0
    ],
    [
      0.0,
      1.0,
      0.0
    ],
    [
      0.0,
      0.0,
      1.0
    ]
  ],
  "Te_p": [
    [
      1.0,
      0.0,
      0.0
    ],
    [
      0.0,
      1.0,
      -0.0
    ],
    [
      -0.0,
      0.0,
      1.0
    ]
  ],
  "Te_n": [
    [
      1.0,
      0.0,
      0.0
    ],
    [
      0.0,
      1.0,
      0.0
    ],
    [
      0.0,
      0.0,
      1.0
    ]
  ],
  "Tstiff_p": [
    [
      1.0,
      0.0,
      0.0,
      0.0
    ],
    [
      0.0,
      1.0,
      0.0,
      0.0
    ],
    [
      0.0,
      0.0,
      1.0,
      -0.0
    ],
    [
      0.0,
      0.0,
      -0.0,
      1.0
    ],
    [
      0.0,
      -0.0,
      0.0,
      0.0
    ],
    [
      0.0,
      -0.0,
      0.0,
      0.0
    ]
  ],
  "Tcompl_p": [
    [
      1.0,
      0.0,
      0.0,
      0.0
    ],
    [
      0.0,
      1.0,
      0.0,
      0.0
    ],
    [
      0.0,
      0.0,
      1.0,
      -0.0
    ],
    [
      0.0,
      0.0,
      -0.0,
      1.0
    ],
    [
      0.0,
      -0.0,
      0.0,
      0.0
    ],
    [
      0.0,
      -0.0,
      0.0,
      0.0
    ]
  ],
  "Tstiff_n": [
    [
      1.0,
      0.0,
      0.0,
      0.0,
      0.0,
      0.0
    ],
    [
      0.0,
      1.0,
      0.0,
      0.0,
      0.0,
      0.0
    ],
    [
      0.0,
      0.0,
      1.0,
      0.0,
      0.0,
      0.0
    ],
    [
      0.0,
      0.0,
      0.0,
      1.0,
      0.0,
      0.0
    ]
  ],
  "Tcompl_n": [
    [
      1.0,
      0.0,
      0.0,
      0.0,
      0.0,
      0.0
    ],
    [
      0.0,
      1.0,
      0.0,
      0.0,
      0.0,
      0.0
    ],
    [
      0.0,
      0.0,
      1.0,
      0.0,
      0.0,
      0.0
    ],
    [
      0.0,
      0.0,
      0.0,
      1.0,
      0.0,
      0.0
    ]
  ],
  "Q126": [
    [
      45944.51717417396,
      3256.9557730136653,
      0.0
    ],
    [
      3256.9557730136653,
      11230.881975909191,
      0.0
    ],
    [
      0.0,
      0.0,
      4500.0
    ]
  ],
  "S126": [
    [
      2.2222222222222223e-05,
      -6.4444444444444445e-06,
      0.0
    ],
    [
      -6.444444444444444e-06,
      9.09090909090909e-05,
      0.0
    ],
    [
      0.0,
      0.0,
      0.00022222222222222223
    ]
  ],
  "Q126_vec": [
    [
      45944.51717417396
    ],
    [
      11230.881975909191
    ],
    [
      3256.9557730136653
    ],
    [
      4500.0
    ],
    [
      0.0
    ],
    [
      0.0
    ]
  ],
  "S126_vec": [
    [
      2.2222222222222223e-05
    ],
    [
      9.09090909090909e-05
    ],
    [
      -6.4444444444444445e-06
    ],
    [
      0.00022222222222222223
    ],
    [
      0.0
    ],
    [
      0.0
    ]
  ],
  "Fxx": 8.401596303297626e-07,
  "Fyy": 0.0001291655902867476,
  "Fss": 0.00020408163265306123,
  "Fxy": -5.208639807729065e-06,
  "Fx": -0.0008695652173913044,
  "Fy": 0.014079049341255489
}