{
  "name": "CFRP-T300--5208",
  "thick": 0.125,
  "angle": 90.0,
  "core": false,
  "rho": 1.6e-09,
  "gsm": 200.0,
  "Ex": 181000.0,
  "Ey": 10300.0,
  "Es": 7170.0,
  "nux": 0.28,
  "nuy": 0.015933701657458565,
  "Xt": 1500.0,
  "Xc": 1500.0,
  "Yt": 40.0,
  "Yc": 246.0,
  "S": 68.0,
  "Qxys": [
    [
      181811.13884441793,
      2896.924444349731,
      0.0
    ],
    [
      2896.9244443497314,
      10346.158729820467,
      0.0
    ],
    [
      0.0,
      0.0,
      7170.0
    ]
  ],
  "Sxys": [
    [
      5.524861878453038e-06,
      -1.546961325966851e-06,
      0.0
    ],
    [
      -1.546961325966851e-06,
      9.70873786407767e-05,
      0.0
    ],
    [
      0.0,
      0.0,
      0.0001394700139470014
    ]
  ],
  "Qxys_vec": [
    [
      181811.13884441793
    ],
    [
      10346.158729820467
    ],
    [
      2896.924444349731
    ],
    [
      7170.0
    ]
  ],
  "Sxys_vec": [
    [
      5.524861878453038e-06
    ],
    [
      9.70873786407767e-05
    ],
    [
      -1.546961325966851e-06
    ],
    [
      0.0001394700139470014
    ]
  ],
  "Ts_p": [
    [
      3.749399456654644e-33,
      1.0,
      1.2246467991473532e-16
    ],
    [
      1.0,
      3.749399456654644e-33,
      -1.2246467991473532e-16
    ],
    [
      -6.123233995736766e-17,
      6.123233995736766e-17,
      -1.0
    ]
  ],
  "Ts_n": [
    [
      3.749399456654644e-33,
      1.0,
      -1.2246467991473532e-16
    ],
    [
      1.0,
      3.749399456654644e-33,
      1.2246467991473532e-16
    ],
    [
      6.123233995736766e-17,
      -6.123233995736766e-17,
      -1.0
    ]
  ],
  "Te_p": [
    [
      3.749399456654644e-33,
      1.0,
      6.123233995736766e-17
    ],
    [
      1.0,
      3.749399456654644e-33,
      -6.123233995736766e-17
    ],
    [
      -1.2246467991473532e-16,
      1.2246467991473532e-16,
      -1.0
    ]
  ],
  "Te_n": [
    [
      3.749399456654644e-33,
      1.0,
      -6.123233995736766e-17
    ],
    [
      1.0,
      3.749399456654644e-33,
      6.123233995736766e-17
    ],
    [
      1.2246467991473532e-16,
      -1.2246467991473532e-16,
      -1.0
    ]
  ],
  "Tstiff_p": [
    [
      1.4057996285562142e-65,
      1.0,
      7.498798913309288e-33,
      1.4997597826618576e-32
    ],
    [
      1.0,
      1.4057996285562142e-65,
      7.498798913309288e-33,
      1.4997597826618576e-32
    ],
    [
      3.749399456654644e-33,
      3.749399456654644e-33,
      1.0,
      -1.4997597826618576e-32
    ],
    [
      3.749399456654644e-33,
      3.749399456654644e-33,
      -7.498798913309288e-33,
      1.0
    ],
    [
      2.2958450216584675e-49,
      -6.123233995736766e-17,
      6.123233995736766e-17,
      1.2246467991473532e-16
    ],
    [
      6.123233995736766e-17,
      -2.2958450216584675e-49,
      -6.123233995736766e-17,
      -1.2246467991473532e-16
    ]
  ],
  "Tcompl_p": [
    [
      1.4057996285562142e-65,
      1.0,
      7.498798913309288e-33,
      3.749399456654644e-33
    ],
    [
      1.0,
      1.4057996285562142e-65,
      7.498798913309288e-33,
      3.749399456654644e-33
    ],
    [
      3.749399456654644e-33,
      3.749399456654644e-33,
      1.0,
      -3.749399456654644e-33
    ],
    [
      1.4997597826618576e-32,
      1.4997597826618576e-32,
      -2.999519565323715e-32,
      1.0
    ],
    [
      4.591690043316935e-49,
      -1.2246467991473532e-16,
      1.2246467991473532e-16,
      6.123233995736766e-17
    ],
    [
      1.2246467991473532e-16,
      -4.591690043316935e-49,
      -1.2246467991473532e-16,
      -6.123233995736766e-17
    ]
  ],
  "Tstiff_n": [
    [
      0.0,
      1.0,
      3.749399456654644e-33,
      3.749399456654644e-33,
      2.2958450216584675e-49,
      6.123233995736766e-17
    ],
    [
      1.0,
      0.0,
      -1.9964430161419188e-16,
      -2.1558094170188028e-16,
      -6.123233995736765e-17,
      2.825507618319156e-32
    ],
    [
      9.292203183926515e-17,
      1.7304920569175275e-33,
      1.0,
      2.6750717624194736e-16,
      6.123233995736766e-17,
      -6.123233995736766e-17
    ],
    [
      3.879637355338369e-16,
      2.5957380853762914e-33,
      1.214228495515463e-16,
      1.0000000000000002,
      1.2246467991473532e-16,
      -1.2246467991473532e-16
    ]
  ],
  "Tcompl_n": [
    [
      0.0,
      1.0,
      3.749399456654644e-33,
      1.4997597826618576e-32,
      4.591690043316935e-49,
      1.2246467991473532e-16
    ],
    [
      0.9999999999999999,
      0.0,
      4.474001311799096e-17,
      -4.0074665690505488e-16,
      -1.2246467991473527e-16,
      8.547582046848231e-32
    ],
    [
      -9.583950890716593e-17,
      3.374459510989181e-33,
      1.0,
      -1.49115910848339e-16,
      1.2246467991473535e-16,
      -1.224646799147353e-16
    ],
    [
      6.179754226139741e-17,
      -1.0123378532967542e-32,
      -1.1400757616257197e-16,
      1.0000000000000004,
      6.123233995736766e-17,
      -6.123233995736766e-17
    ]
  ],
  "Q126": [
    [
      10346.158729820467,
      2896.9244443497314,
      4.219377087986294e-13
    ],
    [
      2896.924444349731,
      181811.13884441793,
      1.0077264244361686e-11
    ],
    [
      4.219377087986294e-13,
      1.0077264244361688e-11,
      7170.0
    ]
  ],
  "S126": [
    [
      9.70873786407767e-05,
      -1.546961325966851e-06,
      -3.539147564766837e-21
    ],
    [
      -1.546961325966851e-06,
      5.524861878453038e-06,
      -7.674026742718718e-21
    ],
    [
      -3.539147564766836e-21,
      -7.674026742718718e-21,
      0.0001394700139470014
    ]
  ],
  "Q126_vec": [
    [
      10346.158729820467
    ],
    [
      181811.13884441793
    ],
    [
      2896.924444349731
    ],
    [
      7170.0
    ],
    [
      4.2193770879862945e-13
    ],
    [
      1.0077264244361686e-11
    ]
  ],
  "S126_vec": [
    [
      9.70873786407767e-05
    ],
    [
      5.524861878453038e-06
    ],
    [
      -1.546961325966851e-06
    ],
    [
      0.0001394700139470014
    ],
    [
      -3.539147564766837e-21
    ],
    [
      -7.674026742718718e-21
    ]
  ],
  "Fxx": 4.4444444444444444e-07,
  "Fyy": 0.0001016260162601626,
  "Fss": 0.00021626297577854672,
  "Fxy": -3.3603243272729658e-06,
  "Fx": 0.0,
  "Fy": 0.020934959349593496
}