{
  "name": "AS4--3501-6-UD",
  "thick": 0.125,
  "angle": 0.0,
  "core": false,
  "rho": 1.58e-09,
  "gsm": 197.5,
  "Ex": 142000.0,
  "Ey": 10300.0,
  "Es": 5700.0,
  "nux": 0.27,
  "nuy": 0.01958450704225352,
  "Xt": 2280.0,
  "Xc": 1440.0,
  "Yt": 57.0,
  "Yc": 228.0,
  "S": 71.0,
  "Qxys": [
    [
      142754.86156976683,
      2795.7835917290254,
      0.0
    ],
    [
      2795.7835917290254,
      10354.754043440835,
      0.0
    ],
    [
      0.0,
      0.0,
      5700.0
    ]
  ],
  "Sxys": [
    [
      7.042253521126761e-06,
      -1.9014084507042254e-06,
      0.0
    ],
    [
      -1.9014084507042254e-06,
      9.70873786407767e-05,
      0.0
    ],
    [
      0.0,
      0.0,
      0.00017543859649122806
    ]
  ],
  "Qxys_vec": [
    [
      142754.86156976683
    ],
    [
      10354.754043440835
    ],
    [
      2795.7835917290254
    ],
    [
      5700.0
    ]
  ],
  "Sxys_vec": [
    [
      7.042253521126761e-06
    ],
    [
      9.70873786407767e-05
    ],
    [
      -1.9014084507042254e-06
    ],
    [
      0.00017543859649122806
    ]
  ],
  "Ts_p": [
    [
      1.0,
      0.0,
      0.0
    ],
    [
      0.0,
      1.0,
      -0.0
    ],
    [
      -0.0,
      0.0,
      1.0
    ]
  ],
  "Ts_n": [
    [
      1.0,
      0.0,
      0.0
    ],
    [
      0.0,
      1.0,
      0.0
    ],
    [
      0.0,
      0.0,
      1.0
    ]
  ],
  "Te_p": [
    [
      1.0,
      0.0,
      0.0
    ],
    [
      0.0,
      1.0,
      -0.0
    ],
    [
      -0.0,
      0.0,
      1.0
    ]
  ],
  "Te_n": [
    [
      1.0,
      0.0,
      0.0
    ],
    [
      0.0,
      1.0,
      0.0
    ],
    [
      0.0,
      0.0,
      1.0
    ]
  ],
  "Tstiff_p": [
    [
      1.0,
      0.0,
      0.0,
      0.0
    ],
    [
      0.0,
      1.0,
      0.0,
      0.0
    ],
    [
      0.0,
      0.0,
      1.0,
      -0.0
    ],
    [
      0.0,
      0.0,
      -0.0,
      1.0
    ],
    [
      0.0,
      -0.0,
      0.0,
      0.0
    ],
    [
      0.0,
      -0.0,
      0.0,
      0.0
    ]
  ],
  "Tcompl_p": [
    [
      1.0,
      0.0,
      0.0,
      0.0
    ],
    [
      0.0,
      1.0,
      0.0,
      0.0
    ],
    [
      0.0,
      0.0,
      1.0,
      -0.0
    ],
    [
      0.0,
      0.0,
      -0.0,
      1.0
    ],
    [
      0.0,
      -0.0,
      0.0,
      0.0
    ],
    [
      0.0,
      -0.0,
      0.0,
      0.0
    ]
  ],
  "Tstiff_n": [
    [
      1.0,
      0.0,
      0.0,
      0.0,
      0.0,
      0.0
    ],
    [
      0.0,
      1.0,
      0.0,
      0.0,
      0.0,
      0.0
    ],
    [
      0.0,
      0.0,
      1.0,
      0.0,
      0.0,
      0.0
    ],
    [
      0.0,
      0.0,
      0.0,
      1.0,
      0.0,
      0.0
    ]
  ],
  "Tcompl_n": [
    [
      1.0,
      0.0,
      0.0,
      0.0,
      0.0,
      0.0
    ],
    [
      0.0,
      1.0,
      0.0,
      0.0,
      0.0,
      0.0
    ],
    [
      0.0,
      0.0,
      1.0,
      0.0,
      0.0,
      0.0
    ],
    [
      0.0,
      0.0,
      0.0,
      1.0,
      0.0,
      0.0
    ]
  ],
  "Q126": [
    [
      142754.86156976683,
      2795.7835917290254,
      0.0
    ],
    [
      2795.7835917290254,
      10354.754043440835,
      0.0
    ],
    [
      0.0,
      0.0,
      5700.0
    ]
  ],
  "S126": [
    [
      7.042253521126761e-06,
      -1.9014084507042254e-06,
      0.0
    ],
    [
      -1.9014084507042254e-06,
      9.70873786407767e-05,
      0.0
    ],
    [
      0.0,
      0.0,
      0.00017543859649122806
    ]
  ],
  "Q126_vec": [
    [
      142754.86156976683
    ],
    [
      10354.754043440835
    ],
    [
      2795.7835917290254
    ],
    [
      5700.0
    ],
    [
      0.0
    ],
    [
      0.0
    ]
  ],
  "S126_vec": [
    [
      7.042253521126761e-06
    ],
    [
      9.70873786407767e-05
    ],
    [
      -1.9014084507042254e-06
    ],
    [
      0.00017543859649122806
    ],
    [
      0.0
    ],
    [
      0.0
    ]
  ],
  "Fxx": 3.0458089668615986e-07,
  "Fyy": 7.694675284702985e-05,
  "Fss": 0.00019837333862328903,
  "Fxy": -2.4205635180282233e-06,
  "Fx": -0.0002558479532163743,
  "Fy": 0.013157894736842105
}