{
  "name": "CFRP-T300--5208",
  "thick": 0.125,
  "angle": 0.0,
  "core": false,
  "rho": 1.6e-09,
  "gsm": 200.0,
  "Ex": 181000.0,
  "Ey": 10300.0,
  "Es": 7170.0,
  "nux": 0.28,
  "nuy": 0.015933701657458565,
  "Xt": 1500.0,
  "Xc": 1500.0,
  "Yt": 40.0,
  "Yc": 246.0,
  "S": 68.0,
  "Qxys": [
    [
      181811.13884441793,
      2896.924444349731,
      0.0
    ],
    [
      2896.9244443497314,
      10346.158729820467,
      0.0
    ],
    [
      0.0,
      0.0,
      7170.0
    ]
  ],
  "Sxys": [
    [
      5.524861878453038e-06,
      -1.546961325966851e-06,
      0.0
    ],
    [
      -1.546961325966851e-06,
      9.70873786407767e-05,
      0.0
    ],
    [
      0.0,
      0.0,
      0.0001394700139470014
    ]
  ],
  "Qxys_vec": [
    [
      181811.13884441793
    ],
    [
      10346.158729820467
    ],
    [
      2896.924444349731
    ],
    [
      7170.0
    ]
  ],
  "Sxys_vec": [
    [
      5.524861878453038e-06
    ],
    [
      9.70873786407767e-05
    ],
    [
      -1.546961325966851e-06
    ],
    [
      0.0001394700139470014
    ]
  ],
  "Ts_p": [
    [
      1.0,
      0.0,
      0.0
    ],
    [
      0.0,
      1.0,
      -0.0
    ],
    [
      -0.0,
      0.0,
      1.0
    ]
  ],
  "Ts_n": [
    [
      1.0,
      0.0,
      0.0
    ],
    [
      0.0,
      1.0,
      0.0
    ],
    [
      0.0,
      0.0,
      1.0
    ]
  ],
  "Te_p": [
    [
      1.0,
      0.0,
      0.0
    ],
    [
      0.0,
      1.0,
      -0.0
    ],
    [
      -0.0,
      0.0,
      1.0
    ]
  ],
  "Te_n": [
    [
      1.0,
      0.0,
      0.0
    ],
    [
      0.0,
      1.0,
      0.0
    ],
    [
      0.0,
      0.0,
      1.0
    ]
  ],
  "Tstiff_p": [
    [
      1.0,
      0.0,
      0.0,
      0.0
    ],
    [
      0.0,
      1.0,
      0.0,
      0.0
    ],
    [
      0.0,
      0.0,
      1.0,
      -0.0
    ],
    [
      0.0,
      0.0,
      -0.0,
      1.0
    ],
    [
      0.0,
      -0.0,
      0.0,
      0.0
    ],
    [
      0.0,
      -0.0,
      0.0,
      0.0
    ]
  ],
  "Tcompl_p": [
    [
      1.0,
      0.0,
      0.0,
      0.0
    ],
    [
      0.0,
      1.0,
      0.0,
      0.0
    ],
    [
      0.0,
      0.0,
      1.0,
      -0.0
    ],
    [
      0.0,
      0.0,
      -0.0,
      1.0
    ],
    [
      0.0,
      -0.0,
      0.0,
      0.0
    ],
    [
      0.0,
      -0.0,
      0.0,
      0.0
    ]
  ],
  "Tstiff_n": [
    [
      1.0,
      0.0,
      0.0,
      0.0,
      0.0,
      0.0
    ],
    [
      0.0,
      1.0,
      0.0,
      0.0,
      0.0,
      0.0
    ],
    [
      0.0,
      0.0,
      1.0,
      0.0,
      0.0,
      0.0
    ],
    [
      0.0,
      0.0,
      0.0,
      1.0,
      0.0,
      0.0
    ]
  ],
  "Tcompl_n": [
    [
      1.0,
      0.0,
      0.0,
      0.0,
      0.0,
      0.0
    ],
    [
      0.0,
      1.0,
      0.0,
      0.0,
      0.0,
      0.0
    ],
    [
      0.0,
      0.0,
      1.0,
      0.0,
      0.0,
      0.0
    ],
    [
      0.0,
      0.0,
      0.0,
      1.0,
      0.0,
      0.0
    ]
  ],
  "Q126": [
    [
      181811.13884441793,
      2896.924444349731,
      0.0
    ],
    [
      2896.9244443497314,
      10346.158729820467,
      0.0
    ],
    [
      0.0,
      0.0,
      7170.0
    ]
  ],
  "S126": [
    [
      5.524861878453038e-06,
      -1.546961325966851e-06,
      0.0
    ],
    [
      -1.546961325966851e-06,
      9.70873786407767e-05,
      0.0
    ],
    [
      0.0,
      0.0,
      0.0001394700139470014
    ]
  ],
  "Q126_vec": [
    [
      181811.13884441793
    ],
    [
      10346.158729820467
    ],
    [
      2896.924444349731
    ],
    [
      7170.0
    ],
    [
      0.0
    ],
    [
      0.0
    ]
  ],
  "S126_vec": [
    [
      5.524861878453038e-06
    ],
    [
      9.70873786407767e-05
    ],
    [
      -1.546961325966851e-06
    ],
    [
      0.0001394700139470014
    ],
    [
      0.0
    ],
    [
      0.0
    ]
  ],
  "Fxx": 4.4444444444444444e-07,
  "Fyy": 0.0001016260162601626,
  "Fss": 0.00021626297577854672,
  "Fxy": -3.3603243272729658e-06,
  "Fx": 0.0,
  "Fy": 0.020934959349593496
}