{
  "name": "CFRP-AS4--APC2-PEEK",
  "thick": 0.125,
  "angle": 0.0,
  "core": false,
  "rho": 1.57e-09,
  "gsm": 196.25,
  "Ex": 138000.0,
  "Ey": 8700.0,
  "Es": 5000.0,
  "nux": 0.28,
  "nuy": 0.01765217391304348,
  "Xt": 2060.0,
  "Xc": 1100.0,
  "Yt": 78.0,
  "Yc": 196.0,
  "S": 157.0,
  "Qxys": [
    [
      138685.46800009787,
      2448.100000349554,
      0.0
    ],
    [
      2448.100000349554,
      8743.214286962693,
      0.0
    ],
    [
      0.0,
      0.0,
      5000.0
    ]
  ],
  "Sxys": [
    [
      7.2463768115942025e-06,
      -2.0289855072463773e-06,
      0.0
    ],
    [
      -2.028985507246377e-06,
      0.00011494252873563218,
      0.0
    ],
    [
      0.0,
      0.0,
      0.0002
    ]
  ],
  "Qxys_vec": [
    [
      138685.46800009787
    ],
    [
      8743.214286962693
    ],
    [
      2448.100000349554
    ],
    [
      5000.0
    ]
  ],
  "Sxys_vec": [
    [
      7.2463768115942025e-06
    ],
    [
      0.00011494252873563218
    ],
    [
      -2.0289855072463773e-06
    ],
    [
      0.0002
    ]
  ],
  "Ts_p": [
    [
      1.0,
      0.0,
      0.0
    ],
    [
      0.0,
      1.0,
      -0.0
    ],
    [
      -0.0,
      0.0,
      1.0
    ]
  ],
  "Ts_n": [
    [
      1.0,
      0.0,
      0.0
    ],
    [
      0.0,
      1.0,
      0.0
    ],
    [
      0.0,
      0.0,
      1.0
    ]
  ],
  "Te_p": [
    [
      1.0,
      0.0,
      0.0
    ],
    [
      0.0,
      1.0,
      -0.0
    ],
    [
      -0.0,
      0.0,
      1.0
    ]
  ],
  "Te_n": [
    [
      1.0,
      0.0,
      0.0
    ],
    [
      0.0,
      1.0,
      0.0
    ],
    [
      0.0,
      0.0,
      1.0
    ]
  ],
  "Tstiff_p": [
    [
      1.0,
      0.0,
      0.0,
      0.0
    ],
    [
      0.0,
      1.0,
      0.0,
      0.0
    ],
    [
      0.0,
      0.0,
      1.0,
      -0.0
    ],
    [
      0.0,
      0.0,
      -0.0,
      1.0
    ],
    [
      0.0,
      -0.0,
      0.0,
      0.0
    ],
    [
      0.0,
      -0.0,
      0.0,
      0.0
    ]
  ],
  "Tcompl_p": [
    [
      1.0,
      0.0,
      0.0,
      0.0
    ],
    [
      0.0,
      1.0,
      0.0,
      0.0
    ],
    [
      0.0,
      0.0,
      1.0,
      -0.0
    ],
    [
      0.0,
      0.0,
      -0.0,
      1.0
    ],
    [
      0.0,
      -0.0,
      0.0,
      0.0
    ],
    [
      0.0,
      -0.0,
      0.0,
      0.0
    ]
  ],
  "Tstiff_n": [
    [
      1.0,
      0.0,
      0.0,
      0.0,
      0.0,
      0.0
    ],
    [
      0.0,
      1.0,
      0.0,
      0.0,
      0.0,
      0.0
    ],
    [
      0.0,
      0.0,
      1.0,
      0.0,
      0.0,
      0.0
    ],
    [
      0.0,
      0.0,
      0.0,
      1.0,
      0.0,
      0.0
    ]
  ],
  "Tcompl_n": [
    [
      1.0,
      0.0,
      0.0,
      0.0,
      0.0,
      0.0
    ],
    [
      0.0,
      1.0,
      0.0,
      0.0,
      0.0,
      0.0
    ],
    [
      0.0,
      0.0,
      1.0,
      0.0,
      0.0,
      0.0
    ],
    [
      0.0,
      0.0,
      0.0,
      1.0,
      0.0,
      0.0
    ]
  ],
  "Q126": [
    [
      138685.46800009787,
      2448.100000349554,
      0.0
    ],
    [
      2448.100000349554,
      8743.214286962693,
      0.0
    ],
    [
      0.0,
      0.0,
      5000.0
    ]
  ],
  "S126": [
    [
      7.2463768115942025e-06,
      -2.0289855072463773e-06,
      0.0
    ],
    [
      -2.028985507246377e-06,
      0.00011494252873563218,
      0.0
    ],
    [
      0.0,
      0.0,
      0.0002
    ]
  ],
  "Q126_vec": [
    [
      138685.46800009787
    ],
    [
      8743.214286962693
    ],
    [
      2448.100000349554
    ],
    [
      5000.0
    ],
    [
      0.0
    ],
    [
      0.0
    ]
  ],
  "S126_vec": [
    [
      7.2463768115942025e-06
    ],
    [
      0.00011494252873563218
    ],
    [
      -2.0289855072463773e-06
    ],
    [
      0.0002
    ],
    [
      0.0
    ],
    [
      0.0
    ]
  ],
  "Fxx": 4.41306266548985e-07,
  "Fyy": 6.541077969649399e-05,
  "Fss": 4.056959714390036e-05,
  "Fxy": -2.6863631074334457e-06,
  "Fx": -0.0004236540158870256,
  "Fy": 0.00771847200418629
}