{
  "name": "CFRP-IM7--977-3",
  "thick": 0.125,
  "angle": 0.0,
  "core": false,
  "rho": 1.61e-09,
  "gsm": 201.25,
  "Ex": 190000.0,
  "Ey": 9900.0,
  "Es": 7800.0,
  "nux": 0.35,
  "nuy": 0.01823684210526316,
  "Xt": 3250.0,
  "Xc": 1590.0,
  "Yt": 62.0,
  "Yc": 200.0,
  "S": 75.0,
  "Qxys": [
    [
      191220.54058205732,
      3487.258805878045,
      0.0
    ],
    [
      3487.258805878045,
      9963.596588222987,
      0.0
    ],
    [
      0.0,
      0.0,
      7800.0
    ]
  ],
  "Sxys": [
    [
      5.263157894736842e-06,
      -1.8421052631578948e-06,
      0.0
    ],
    [
      -1.8421052631578946e-06,
      0.00010101010101010101,
      0.0
    ],
    [
      0.0,
      0.0,
      0.0001282051282051282
    ]
  ],
  "Qxys_vec": [
    [
      191220.54058205732
    ],
    [
      9963.596588222987
    ],
    [
      3487.258805878045
    ],
    [
      7800.0
    ]
  ],
  "Sxys_vec": [
    [
      5.263157894736842e-06
    ],
    [
      0.00010101010101010101
    ],
    [
      -1.8421052631578948e-06
    ],
    [
      0.0001282051282051282
    ]
  ],
  "Ts_p": [
    [
      1.0,
      0.0,
      0.0
    ],
    [
      0.0,
      1.0,
      -0.0
    ],
    [
      -0.0,
      0.0,
      1.0
    ]
  ],
  "Ts_n": [
    [
      1.0,
      0.0,
      0.0
    ],
    [
      0.0,
      1.0,
      0.0
    ],
    [
      0.0,
      0.0,
      1.0
    ]
  ],
  "Te_p": [
    [
      1.0,
      0.0,
      0.0
    ],
    [
      0.0,
      1.0,
      -0.0
    ],
    [
      -0.0,
      0.0,
      1.0
    ]
  ],
  "Te_n": [
    [
      1.0,
      0.0,
      0.0
    ],
    [
      0.0,
      1.0,
      0.0
    ],
    [
      0.0,
      0.0,
      1.0
    ]
  ],
  "Tstiff_p": [
    [
      1.0,
      0.0,
      0.0,
      0.0
    ],
    [
      0.0,
      1.0,
      0.0,
      0.0
    ],
    [
      0.0,
      0.0,
      1.0,
      -0.0
    ],
    [
      0.0,
      0.0,
      -0.0,
      1.0
    ],
    [
      0.0,
      -0.0,
      0.0,
      0.0
    ],
    [
      0.0,
      -0.0,
      0.0,
      0.0
    ]
  ],
  "Tcompl_p": [
    [
      1.0,
      0.0,
      0.0,
      0.0
    ],
    [
      0.0,
      1.0,
      0.0,
      0.0
    ],
    [
      0.0,
      0.0,
      1.0,
      -0.0
    ],
    [
      0.0,
      0.0,
      -0.0,
      1.0
    ],
    [
      0.0,
      -0.0,
      0.0,
      0.0
    ],
    [
      0.0,
      -0.0,
      0.0,
      0.0
    ]
  ],
  "Tstiff_n": [
    [
      1.0,
      0.0,
      0.0,
      0.0,
      0.0,
      0.0
    ],
    [
      0.0,
      1.0,
      0.0,
      0.0,
      0.0,
      0.0
    ],
    [
      0.0,
      0.0,
      1.0,
      0.0,
      0.0,
      0.0
    ],
    [
      0.0,
      0.0,
      0.0,
      1.0,
      0.0,
      0.0
    ]
  ],
  "Tcompl_n": [
    [
      1.0,
      0.0,
      0.0,
      0.0,
      0.0,
      0.0
    ],
    [
      0.0,
      1.0,
      0.0,
      0.0,
      0.0,
      0.0
    ],
    [
      0.0,
      0.0,
      1.0,
      0.0,
      0.0,
      0.0
    ],
    [
      0.0,
      0.0,
      0.0,
      1.0,
      0.0,
      0.0
    ]
  ],
  "Q126": [
    [
      191220.54058205732,
      3487.258805878045,
      0.0
    ],
    [
      3487.258805878045,
      9963.596588222987,
      0.0
    ],
    [
      0.0,
      0.0,
      7800.0
    ]
  ],
  "S126": [
    [
      5.263157894736842e-06,
      -1.8421052631578948e-06,
      0.0
    ],
    [
      -1.8421052631578946e-06,
      0.00010101010101010101,
      0.0
    ],
    [
      0.0,
      0.0,
      0.0001282051282051282
    ]
  ],
  "Q126_vec": [
    [
      191220.54058205732
    ],
    [
      9963.596588222987
    ],
    [
      3487.258805878045
    ],
    [
      7800.0
    ],
    [
      0.0
    ],
    [
      0.0
    ]
  ],
  "S126_vec": [
    [
      5.263157894736842e-06
    ],
    [
      0.00010101010101010101
    ],
    [
      -1.8421052631578948e-06
    ],
    [
      0.0001282051282051282
    ],
    [
      0.0
    ],
    [
      0.0
    ]
  ],
  "Fxx": 1.935171746492501e-07,
  "Fyy": 8.064516129032258e-05,
  "Fss": 0.00017777777777777779,
  "Fxy": -1.9752356670810382e-06,
  "Fx": -0.00032123850991775516,
  "Fy": 0.011129032258064515
}