{
  "name": "GFRP-Scotchply-1002",
  "thick": 0.125,
  "angle": 45.0,
  "core": false,
  "rho": 1.8e-09,
  "gsm": 225.0,
  "Ex": 38600.0,
  "Ey": 8270.0,
  "Es": 4140.0,
  "nux": 0.26,
  "nuy": 0.05570466321243524,
  "Xt": 1062.0,
  "Xc": 610.0,
  "Yt": 31.0,
  "Yc": 118.0,
  "S": 72.0,
  "Qxys": [
    [
      39167.267860937645,
      2181.7994651447702,
      0.0
    ],
    [
      2181.7994651447702,
      8391.536404402961,
      0.0
    ],
    [
      0.0,
      0.0,
      4140.0
    ]
  ],
  "Sxys": [
    [
      2.5906735751295337e-05,
      -6.735751295336788e-06,
      0.0
    ],
    [
      -6.735751295336788e-06,
      0.00012091898428053205,
      0.0
    ],
    [
      0.0,
      0.0,
      0.00024154589371980676
    ]
  ],
  "Qxys_vec": [
    [
      39167.267860937645
    ],
    [
      8391.536404402961
    ],
    [
      2181.7994651447702
    ],
    [
      4140.0
    ]
  ],
  "Sxys_vec": [
    [
      2.5906735751295337e-05
    ],
    [
      0.00012091898428053205
    ],
    [
      -6.735751295336788e-06
    ],
    [
      0.00024154589371980676
    ]
  ],
  "Ts_p": [
    [
      0.5000000000000001,
      0.5000000000000001,
      1.0000000000000002
    ],
    [
      0.5000000000000001,
      0.5000000000000001,
      -1.0000000000000002
    ],
    [
      -0.5000000000000001,
      0.5000000000000001,
      0.0
    ]
  ],
  "Ts_n": [
    [
      0.4999999999999999,
      0.4999999999999999,
      -0.9999999999999998
    ],
    [
      0.4999999999999999,
      0.4999999999999999,
      0.9999999999999998
    ],
    [
      0.4999999999999999,
      -0.4999999999999999,
      -0.0
    ]
  ],
  "Te_p": [
    [
      0.5000000000000001,
      0.5000000000000001,
      0.5000000000000001
    ],
    [
      0.5000000000000001,
      0.5000000000000001,
      -0.5000000000000001
    ],
    [
      -1.0000000000000002,
      1.0000000000000002,
      0.0
    ]
  ],
  "Te_n": [
    [
      0.4999999999999999,
      0.4999999999999999,
      -0.4999999999999999
    ],
    [
      0.4999999999999999,
      0.4999999999999999,
      0.4999999999999999
    ],
    [
      0.9999999999999998,
      -0.9999999999999998,
      0.0
    ]
  ],
  "Tstiff_p": [
    [
      0.25000000000000006,
      0.25000000000000006,
      0.5000000000000002,
      1.0000000000000004
    ],
    [
      0.25000000000000006,
      0.25000000000000006,
      0.5000000000000002,
      1.0000000000000004
    ],
    [
      0.2500000000000001,
      0.2500000000000001,
      0.5000000000000001,
      -1.0000000000000004
    ],
    [
      0.2500000000000001,
      0.2500000000000001,
      -0.5000000000000002,
      0.0
    ],
    [
      0.25000000000000006,
      -0.25000000000000006,
      0.0,
      0.0
    ],
    [
      0.25000000000000006,
      -0.25000000000000006,
      0.0,
      0.0
    ]
  ],
  "Tcompl_p": [
    [
      0.25000000000000006,
      0.25000000000000006,
      0.5000000000000002,
      0.2500000000000001
    ],
    [
      0.25000000000000006,
      0.25000000000000006,
      0.5000000000000002,
      0.2500000000000001
    ],
    [
      0.2500000000000001,
      0.2500000000000001,
      0.5000000000000001,
      -0.2500000000000001
    ],
    [
      1.0000000000000004,
      1.0000000000000004,
      -2.000000000000001,
      0.0
    ],
    [
      0.5000000000000001,
      -0.5000000000000001,
      0.0,
      0.0
    ],
    [
      0.5000000000000001,
      -0.5000000000000001,
      0.0,
      0.0
    ]
  ],
  "Tstiff_n": [
    [
      0.24999999999999978,
      0.2499999999999997,
      0.49999999999999944,
      0.9999999999999997,
      0.9999999999999993,
      0.9999999999999993
    ],
    [
      0.24999999999999933,
      0.25000000000000033,
      0.5,
      0.9999999999999994,
      -0.9999999999999991,
      -0.9999999999999991
    ],
    [
      0.24999999999999986,
      0.24999999999999975,
      0.4999999999999997,
      -0.9999999999999996,
      -3.558934159973681e-16,
      -3.558934159973681e-16
    ],
    [
      0.24999999999999972,
      0.24999999999999992,
      -0.5000000000000001,
      -3.398511423699081e-17,
      -7.196563164114692e-17,
      -7.196563164114692e-17
    ]
  ],
  "Tcompl_n": [
    [
      0.25000000000000006,
      0.24999999999999997,
      0.49999999999999994,
      0.24999999999999975,
      0.4999999999999997,
      0.4999999999999997
    ],
    [
      0.24999999999999978,
      0.24999999999999994,
      0.5,
      0.2499999999999997,
      -0.4999999999999999,
      -0.4999999999999999
    ],
    [
      0.24999999999999986,
      0.24999999999999983,
      0.49999999999999994,
      -0.24999999999999986,
      1.0612488825548276e-16,
      1.0612488825548276e-16
    ],
    [
      0.9999999999999988,
      0.9999999999999994,
      -2.0000000000000004,
      -4.2375560845201367e-16,
      9.289979767371254e-16,
      9.289979767371254e-16
    ]
  ],
  "Q126": [
    [
      17120.600798907537,
      8840.600798907535,
      7693.93286413367
    ],
    [
      8840.600798907535,
      17120.600798907537,
      7693.93286413367
    ],
    [
      7693.932864133672,
      7693.932864133672,
      10798.801333762767
    ]
  ],
  "S126": [
    [
      9.372502779024014e-05,
      -2.7047919069663236e-05,
      -4.750612426461836e-05
    ],
    [
      -2.7047919069663236e-05,
      9.372502779024014e-05,
      -4.750612426461836e-05
    ],
    [
      -4.7506124264618366e-05,
      -4.7506124264618366e-05,
      0.00016029722262250097
    ]
  ],
  "Q126_vec": [
    [
      17120.60079890754
    ],
    [
      17120.60079890754
    ],
    [
      8840.600798907539
    ],
    [
      10798.80133376277
    ],
    [
      7693.932864133672
    ],
    [
      7693.932864133672
    ]
  ],
  "S126_vec": [
    [
      9.372502779024018e-05
    ],
    [
      9.372502779024018e-05
    ],
    [
      -2.704791906966325e-05
    ],
    [
      0.00016029722262250103
    ],
    [
      -4.7506124264618366e-05
    ],
    [
      -4.7506124264618366e-05
    ]
  ],
  "Fxx": 1.5436386650612825e-06,
  "Fyy": 0.0002733734281027884,
  "Fss": 0.00019290123456790122,
  "Fxy": -1.02711950816326e-05,
  "Fx": -0.0006977246766076997,
  "Fy": 0.023783488244942592
}