{
  "name": "Kevlar49--Epoxy-TH",
  "thick": 0.125,
  "angle": 0.0,
  "core": false,
  "rho": 1.46e-09,
  "gsm": 182.5,
  "Ex": 76000.0,
  "Ey": 5500.0,
  "Es": 2300.0,
  "nux": 0.34,
  "nuy": 0.02460526315789474,
  "Xt": 1400.0,
  "Xc": 235.0,
  "Yt": 12.0,
  "Yc": 53.0,
  "S": 34.0,
  "Qxys": [
    [
      76641.16384171795,
      1885.776005052797,
      0.0
    ],
    [
      1885.776005052797,
      5546.400014861168,
      0.0
    ],
    [
      0.0,
      0.0,
      2300.0
    ]
  ],
  "Sxys": [
    [
      1.3157894736842106e-05,
      -4.473684210526317e-06,
      0.0
    ],
    [
      -4.473684210526316e-06,
      0.0001818181818181818,
      0.0
    ],
    [
      0.0,
      0.0,
      0.0004347826086956522
    ]
  ],
  "Qxys_vec": [
    [
      76641.16384171795
    ],
    [
      5546.400014861168
    ],
    [
      1885.776005052797
    ],
    [
      2300.0
    ]
  ],
  "Sxys_vec": [
    [
      1.3157894736842106e-05
    ],
    [
      0.0001818181818181818
    ],
    [
      -4.473684210526317e-06
    ],
    [
      0.0004347826086956522
    ]
  ],
  "Ts_p": [
    [
      1.0,
      0.0,
      0.0
    ],
    [
      0.0,
      1.0,
      -0.0
    ],
    [
      -0.0,
      0.0,
      1.0
    ]
  ],
  "Ts_n": [
    [
      1.0,
      0.0,
      0.0
    ],
    [
      0.0,
      1.0,
      0.0
    ],
    [
      0.0,
      0.0,
      1.0
    ]
  ],
  "Te_p": [
    [
      1.0,
      0.0,
      0.0
    ],
    [
      0.0,
      1.0,
      -0.0
    ],
    [
      -0.0,
      0.0,
      1.0
    ]
  ],
  "Te_n": [
    [
      1.0,
      0.0,
      0.0
    ],
    [
      0.0,
      1.0,
      0.0
    ],
    [
      0.0,
      0.0,
      1.0
    ]
  ],
  "Tstiff_p": [
    [
      1.0,
      0.0,
      0.0,
      0.0
    ],
    [
      0.0,
      1.0,
      0.0,
      0.0
    ],
    [
      0.0,
      0.0,
      1.0,
      -0.0
    ],
    [
      0.0,
      0.0,
      -0.0,
      1.0
    ],
    [
      0.0,
      -0.0,
      0.0,
      0.0
    ],
    [
      0.0,
      -0.0,
      0.0,
      0.0
    ]
  ],
  "Tcompl_p": [
    [
      1.0,
      0.0,
      0.0,
      0.0
    ],
    [
      0.0,
      1.0,
      0.0,
      0.0
    ],
    [
      0.0,
      0.0,
      1.0,
      -0.0
    ],
    [
      0.0,
      0.0,
      -0.0,
      1.0
    ],
    [
      0.0,
      -0.0,
      0.0,
      0.0
    ],
    [
      0.0,
      -0.0,
      0.0,
      0.0
    ]
  ],
  "Tstiff_n": [
    [
      1.0,
      0.0,
      0.0,
      0.0,
      0.0,
      0.0
    ],
    [
      0.0,
      1.0,
      0.0,
      0.0,
      0.0,
      0.0
    ],
    [
      0.0,
      0.0,
      1.0,
      0.0,
      0.0,
      0.0
    ],
    [
      0.0,
      0.0,
      0.0,
      1.0,
      0.0,
      0.0
    ]
  ],
  "Tcompl_n": [
    [
      1.0,
      0.0,
      0.0,
      0.0,
      0.0,
      0.0
    ],
    [
      0.0,
      1.0,
      0.0,
      0.0,
      0.0,
      0.0
    ],
    [
      0.0,
      0.0,
      1.0,
      0.0,
      0.0,
      0.0
    ],
    [
      0.0,
      0.0,
      0.0,
      1.0,
      0.0,
      0.0
    ]
  ],
  "Q126": [
    [
      76641.16384171795,
      1885.776005052797,
      0.0
    ],
    [
      1885.776005052797,
      5546.400014861168,
      0.0
    ],
    [
      0.0,
      0.0,
      2300.0
    ]
  ],
  "S126": [
    [
      1.3157894736842106e-05,
      -4.473684210526317e-06,
      0.0
    ],
    [
      -4.473684210526316e-06,
      0.0001818181818181818,
      0.0
    ],
    [
      0.0,
      0.0,
      0.0004347826086956522
    ]
  ],
  "Q126_vec": [
    [
      76641.16384171795
    ],
    [
      5546.400014861168
    ],
    [
      1885.776005052797
    ],
    [
      2300.0
    ],
    [
      0.0
    ],
    [
      0.0
    ]
  ],
  "S126_vec": [
    [
      1.3157894736842106e-05
    ],
    [
      0.0001818181818181818
    ],
    [
      -4.473684210526317e-06
    ],
    [
      0.0004347826086956522
    ],
    [
      0.0
    ],
    [
      0.0
    ]
  ],
  "Fxx": 3.03951367781155e-06,
  "Fyy": 0.0015723270440251573,
  "Fss": 0.0008650519031141869,
  "Fxy": -3.456555205803702e-05,
  "Fx": -0.003541033434650456,
  "Fy": 0.06446540880503145
}