{
  "name": "GFRP-Scotchply-1002",
  "thick": 0.125,
  "angle": 90.0,
  "core": false,
  "rho": 1.8e-09,
  "gsm": 225.0,
  "Ex": 38600.0,
  "Ey": 8270.0,
  "Es": 4140.0,
  "nux": 0.26,
  "nuy": 0.05570466321243524,
  "Xt": 1062.0,
  "Xc": 610.0,
  "Yt": 31.0,
  "Yc": 118.0,
  "S": 72.0,
  "Qxys": [
    [
      39167.267860937645,
      2181.7994651447702,
      0.0
    ],
    [
      2181.7994651447702,
      8391.536404402961,
      0.0
    ],
    [
      0.0,
      0.0,
      4140.0
    ]
  ],
  "Sxys": [
    [
      2.5906735751295337e-05,
      -6.735751295336788e-06,
      0.0
    ],
    [
      -6.735751295336788e-06,
      0.00012091898428053205,
      0.0
    ],
    [
      0.0,
      0.0,
      0.00024154589371980676
    ]
  ],
  "Qxys_vec": [
    [
      39167.267860937645
    ],
    [
      8391.536404402961
    ],
    [
      2181.7994651447702
    ],
    [
      4140.0
    ]
  ],
  "Sxys_vec": [
    [
      2.5906735751295337e-05
    ],
    [
      0.00012091898428053205
    ],
    [
      -6.735751295336788e-06
    ],
    [
      0.00024154589371980676
    ]
  ],
  "Ts_p": [
    [
      3.749399456654644e-33,
      1.0,
      1.2246467991473532e-16
    ],
    [
      1.0,
      3.749399456654644e-33,
      -1.2246467991473532e-16
    ],
    [
      -6.123233995736766e-17,
      6.123233995736766e-17,
      -1.0
    ]
  ],
  "Ts_n": [
    [
      3.749399456654644e-33,
      1.0,
      -1.2246467991473532e-16
    ],
    [
      1.0,
      3.749399456654644e-33,
      1.2246467991473532e-16
    ],
    [
      6.123233995736766e-17,
      -6.123233995736766e-17,
      -1.0
    ]
  ],
  "Te_p": [
    [
      3.749399456654644e-33,
      1.0,
      6.123233995736766e-17
    ],
    [
      1.0,
      3.749399456654644e-33,
      -6.123233995736766e-17
    ],
    [
      -1.2246467991473532e-16,
      1.2246467991473532e-16,
      -1.0
    ]
  ],
  "Te_n": [
    [
      3.749399456654644e-33,
      1.0,
      -6.123233995736766e-17
    ],
    [
      1.0,
      3.749399456654644e-33,
      6.123233995736766e-17
    ],
    [
      1.2246467991473532e-16,
      -1.2246467991473532e-16,
      -1.0
    ]
  ],
  "Tstiff_p": [
    [
      1.4057996285562142e-65,
      1.0,
      7.498798913309288e-33,
      1.4997597826618576e-32
    ],
    [
      1.0,
      1.4057996285562142e-65,
      7.498798913309288e-33,
      1.4997597826618576e-32
    ],
    [
      3.749399456654644e-33,
      3.749399456654644e-33,
      1.0,
      -1.4997597826618576e-32
    ],
    [
      3.749399456654644e-33,
      3.749399456654644e-33,
      -7.498798913309288e-33,
      1.0
    ],
    [
      2.2958450216584675e-49,
      -6.123233995736766e-17,
      6.123233995736766e-17,
      1.2246467991473532e-16
    ],
    [
      6.123233995736766e-17,
      -2.2958450216584675e-49,
      -6.123233995736766e-17,
      -1.2246467991473532e-16
    ]
  ],
  "Tcompl_p": [
    [
      1.4057996285562142e-65,
      1.0,
      7.498798913309288e-33,
      3.749399456654644e-33
    ],
    [
      1.0,
      1.4057996285562142e-65,
      7.498798913309288e-33,
      3.749399456654644e-33
    ],
    [
      3.749399456654644e-33,
      3.749399456654644e-33,
      1.0,
      -3.749399456654644e-33
    ],
    [
      1.4997597826618576e-32,
      1.4997597826618576e-32,
      -2.999519565323715e-32,
      1.0
    ],
    [
      4.591690043316935e-49,
      -1.2246467991473532e-16,
      1.2246467991473532e-16,
      6.123233995736766e-17
    ],
    [
      1.2246467991473532e-16,
      -4.591690043316935e-49,
      -1.2246467991473532e-16,
      -6.123233995736766e-17
    ]
  ],
  "Tstiff_n": [
    [
      0.0,
      1.0,
      3.749399456654644e-33,
      3.749399456654644e-33,
      2.2958450216584675e-49,
      6.123233995736766e-17
    ],
    [
      1.0,
      0.0,
      -1.9964430161419188e-16,
      -2.1558094170188028e-16,
      -6.123233995736765e-17,
      2.825507618319156e-32
    ],
    [
      9.292203183926515e-17,
      1.7304920569175275e-33,
      1.0,
      2.6750717624194736e-16,
      6.123233995736766e-17,
      -6.123233995736766e-17
    ],
    [
      3.879637355338369e-16,
      2.5957380853762914e-33,
      1.214228495515463e-16,
      1.0000000000000002,
      1.2246467991473532e-16,
      -1.2246467991473532e-16
    ]
  ],
  "Tcompl_n": [
    [
      0.0,
      1.0,
      3.749399456654644e-33,
      1.4997597826618576e-32,
      4.591690043316935e-49,
      1.2246467991473532e-16
    ],
    [
      0.9999999999999999,
      0.0,
      4.474001311799096e-17,
      -4.0074665690505488e-16,
      -1.2246467991473527e-16,
      8.547582046848231e-32
    ],
    [
      -9.583950890716593e-17,
      3.374459510989181e-33,
      1.0,
      -1.49115910848339e-16,
      1.2246467991473535e-16,
      -1.224646799147353e-16
    ],
    [
      6.179754226139741e-17,
      -1.0123378532967542e-32,
      -1.1400757616257197e-16,
      1.0000000000000004,
      6.123233995736766e-17,
      -6.123233995736766e-17
    ]
  ],
  "Q126": [
    [
      8391.536404402961,
      2181.7994651447702,
      1.2676705153652296e-13
    ],
    [
      2181.7994651447702,
      39167.267860937645,
      1.7577029994466624e-12
    ],
    [
      1.2676705153652296e-13,
      1.7577029994466624e-12,
      4140.0
    ]
  ],
  "S126": [
    [
      0.00012091898428053205,
      -6.735751295336788e-06,
      -8.427760523415486e-22
    ],
    [
      -6.735751295336788e-06,
      2.5906735751295337e-05,
      -1.0792868551770707e-20
    ],
    [
      -8.427760523415477e-22,
      -1.0792868551770708e-20,
      0.00024154589371980676
    ]
  ],
  "Q126_vec": [
    [
      8391.536404402961
    ],
    [
      39167.267860937645
    ],
    [
      2181.7994651447702
    ],
    [
      4140.0
    ],
    [
      1.26767051536523e-13
    ],
    [
      1.7577029994466624e-12
    ]
  ],
  "S126_vec": [
    [
      0.00012091898428053205
    ],
    [
      2.5906735751295337e-05
    ],
    [
      -6.735751295336788e-06
    ],
    [
      0.00024154589371980676
    ],
    [
      -8.427760523415493e-22
    ],
    [
      -1.0792868551770707e-20
    ]
  ],
  "Fxx": 1.5436386650612825e-06,
  "Fyy": 0.0002733734281027884,
  "Fss": 0.00019290123456790122,
  "Fxy": -1.02711950816326e-05,
  "Fx": -0.0006977246766076997,
  "Fy": 0.023783488244942592
}