{
  "name": "CFRP-IM7--977-3",
  "thick": 0.125,
  "angle": -45.0,
  "core": false,
  "rho": 1.61e-09,
  "gsm": 201.25,
  "Ex": 190000.0,
  "Ey": 9900.0,
  "Es": 7800.0,
  "nux": 0.35,
  "nuy": 0.01823684210526316,
  "Xt": 3250.0,
  "Xc": 1590.0,
  "Yt": 62.0,
  "Yc": 200.0,
  "S": 75.0,
  "Qxys": [
    [
      191220.54058205732,
      3487.258805878045,
      0.0
    ],
    [
      3487.258805878045,
      9963.596588222987,
      0.0
    ],
    [
      0.0,
      0.0,
      7800.0
    ]
  ],
  "Sxys": [
    [
      5.263157894736842e-06,
      -1.8421052631578948e-06,
      0.0
    ],
    [
      -1.8421052631578946e-06,
      0.00010101010101010101,
      0.0
    ],
    [
      0.0,
      0.0,
      0.0001282051282051282
    ]
  ],
  "Qxys_vec": [
    [
      191220.54058205732
    ],
    [
      9963.596588222987
    ],
    [
      3487.258805878045
    ],
    [
      7800.0
    ]
  ],
  "Sxys_vec": [
    [
      5.263157894736842e-06
    ],
    [
      0.00010101010101010101
    ],
    [
      -1.8421052631578948e-06
    ],
    [
      0.0001282051282051282
    ]
  ],
  "Ts_p": [
    [
      0.5000000000000001,
      0.5000000000000001,
      -1.0000000000000002
    ],
    [
      0.5000000000000001,
      0.5000000000000001,
      1.0000000000000002
    ],
    [
      0.5000000000000001,
      -0.5000000000000001,
      0.0
    ]
  ],
  "Ts_n": [
    [
      0.4999999999999999,
      0.4999999999999999,
      0.9999999999999998
    ],
    [
      0.4999999999999999,
      0.4999999999999999,
      -0.9999999999999998
    ],
    [
      -0.4999999999999999,
      0.4999999999999999,
      0.0
    ]
  ],
  "Te_p": [
    [
      0.5000000000000001,
      0.5000000000000001,
      -0.5000000000000001
    ],
    [
      0.5000000000000001,
      0.5000000000000001,
      0.5000000000000001
    ],
    [
      1.0000000000000002,
      -1.0000000000000002,
      0.0
    ]
  ],
  "Te_n": [
    [
      0.4999999999999999,
      0.4999999999999999,
      0.4999999999999999
    ],
    [
      0.4999999999999999,
      0.4999999999999999,
      -0.4999999999999999
    ],
    [
      -0.9999999999999998,
      0.9999999999999998,
      -0.0
    ]
  ],
  "Tstiff_p": [
    [
      0.25000000000000006,
      0.25000000000000006,
      0.5000000000000002,
      1.0000000000000004
    ],
    [
      0.25000000000000006,
      0.25000000000000006,
      0.5000000000000002,
      1.0000000000000004
    ],
    [
      0.2500000000000001,
      0.2500000000000001,
      0.5000000000000001,
      -1.0000000000000004
    ],
    [
      0.2500000000000001,
      0.2500000000000001,
      -0.5000000000000002,
      0.0
    ],
    [
      -0.25000000000000006,
      0.25000000000000006,
      0.0,
      0.0
    ],
    [
      -0.25000000000000006,
      0.25000000000000006,
      0.0,
      0.0
    ]
  ],
  "Tcompl_p": [
    [
      0.25000000000000006,
      0.25000000000000006,
      0.5000000000000002,
      0.2500000000000001
    ],
    [
      0.25000000000000006,
      0.25000000000000006,
      0.5000000000000002,
      0.2500000000000001
    ],
    [
      0.2500000000000001,
      0.2500000000000001,
      0.5000000000000001,
      -0.2500000000000001
    ],
    [
      1.0000000000000004,
      1.0000000000000004,
      -2.000000000000001,
      0.0
    ],
    [
      -0.5000000000000001,
      0.5000000000000001,
      0.0,
      0.0
    ],
    [
      -0.5000000000000001,
      0.5000000000000001,
      0.0,
      0.0
    ]
  ],
  "Tstiff_n": [
    [
      0.24999999999999978,
      0.2499999999999997,
      0.49999999999999944,
      0.9999999999999997,
      -0.9999999999999993,
      -0.9999999999999993
    ],
    [
      0.24999999999999933,
      0.25000000000000033,
      0.5,
      0.9999999999999994,
      0.9999999999999991,
      0.9999999999999991
    ],
    [
      0.24999999999999986,
      0.24999999999999975,
      0.4999999999999997,
      -0.9999999999999996,
      3.558934159973681e-16,
      3.558934159973681e-16
    ],
    [
      0.24999999999999972,
      0.24999999999999992,
      -0.5000000000000001,
      -3.398511423699081e-17,
      7.196563164114692e-17,
      7.196563164114692e-17
    ]
  ],
  "Tcompl_n": [
    [
      0.25000000000000006,
      0.24999999999999997,
      0.49999999999999994,
      0.24999999999999975,
      -0.4999999999999997,
      -0.4999999999999997
    ],
    [
      0.24999999999999978,
      0.24999999999999994,
      0.5,
      0.2499999999999997,
      0.4999999999999999,
      0.4999999999999999
    ],
    [
      0.24999999999999986,
      0.24999999999999983,
      0.49999999999999994,
      -0.24999999999999986,
      -1.0612488825548276e-16,
      -1.0612488825548276e-16
    ],
    [
      0.9999999999999988,
      0.9999999999999994,
      -2.0000000000000004,
      -4.2375560845201367e-16,
      -9.289979767371254e-16,
      -9.289979767371254e-16
    ]
  ],
  "Q126": [
    [
      59839.6636955091,
      44239.6636955091,
      -45314.235998458586
    ],
    [
      44239.6636955091,
      59839.6636955091,
      -45314.235998458586
    ],
    [
      -45314.23599845858,
      -45314.23599845858,
      48552.404889631056
    ]
  ],
  "S126": [
    [
      5.769854414591257e-05,
      -6.404019956651537e-06,
      4.7873471557682083e-05
    ],
    [
      -6.404019956651537e-06,
      5.769854414591257e-05,
      4.7873471557682083e-05
    ],
    [
      4.7873471557682083e-05,
      4.7873471557682083e-05,
      0.00010995746943115365
    ]
  ],
  "Q126_vec": [
    [
      59839.663695509116
    ],
    [
      59839.663695509116
    ],
    [
      44239.66369550912
    ],
    [
      48552.40488963107
    ],
    [
      -45314.23599845859
    ],
    [
      -45314.23599845859
    ]
  ],
  "S126_vec": [
    [
      5.769854414591259e-05
    ],
    [
      5.769854414591259e-05
    ],
    [
      -6.4040199566515386e-06
    ],
    [
      0.00010995746943115369
    ],
    [
      4.78734715576821e-05
    ],
    [
      4.78734715576821e-05
    ]
  ],
  "Fxx": 1.935171746492501e-07,
  "Fyy": 8.064516129032258e-05,
  "Fss": 0.00017777777777777779,
  "Fxy": -1.9752356670810382e-06,
  "Fx": -0.00032123850991775516,
  "Fy": 0.011129032258064515
}