{
  "name": "WGlass--Epoxy-M10E--3783",
  "thick": 0.3,
  "angle": 0.0,
  "core": false,
  "rho": 1.9e-09,
  "gsm": 570.0,
  "Ex": 24500.0,
  "Ey": 23800.0,
  "Es": 4700.0,
  "nux": 0.11,
  "nuy": 0.10685714285714286,
  "Xt": 433.0,
  "Xc": 377.0,
  "Yt": 386.0,
  "Yc": 335.0,
  "S": 84.0,
  "Qxys": [
    [
      24791.40526069283,
      2649.1387335711765,
      0.0
    ],
    [
      2649.1387335711765,
      24083.079396101606,
      0.0
    ],
    [
      0.0,
      0.0,
      4700.0
    ]
  ],
  "Sxys": [
    [
      4.0816326530612245e-05,
      -4.489795918367347e-06,
      0.0
    ],
    [
      -4.489795918367347e-06,
      4.201680672268908e-05,
      0.0
    ],
    [
      0.0,
      0.0,
      0.0002127659574468085
    ]
  ],
  "Qxys_vec": [
    [
      24791.40526069283
    ],
    [
      24083.079396101606
    ],
    [
      2649.1387335711765
    ],
    [
      4700.0
    ]
  ],
  "Sxys_vec": [
    [
      4.0816326530612245e-05
    ],
    [
      4.201680672268908e-05
    ],
    [
      -4.489795918367347e-06
    ],
    [
      0.0002127659574468085
    ]
  ],
  "Ts_p": [
    [
      1.0,
      0.0,
      0.0
    ],
    [
      0.0,
      1.0,
      -0.0
    ],
    [
      -0.0,
      0.0,
      1.0
    ]
  ],
  "Ts_n": [
    [
      1.0,
      0.0,
      0.0
    ],
    [
      0.0,
      1.0,
      0.0
    ],
    [
      0.0,
      0.0,
      1.0
    ]
  ],
  "Te_p": [
    [
      1.0,
      0.0,
      0.0
    ],
    [
      0.0,
      1.0,
      -0.0
    ],
    [
      -0.0,
      0.0,
      1.0
    ]
  ],
  "Te_n": [
    [
      1.0,
      0.0,
      0.0
    ],
    [
      0.0,
      1.0,
      0.0
    ],
    [
      0.0,
      0.0,
      1.0
    ]
  ],
  "Tstiff_p": [
    [
      1.0,
      0.0,
      0.0,
      0.0
    ],
    [
      0.0,
      1.0,
      0.0,
      0.0
    ],
    [
      0.0,
      0.0,
      1.0,
      -0.0
    ],
    [
      0.0,
      0.0,
      -0.0,
      1.0
    ],
    [
      0.0,
      -0.0,
      0.0,
      0.0
    ],
    [
      0.0,
      -0.0,
      0.0,
      0.0
    ]
  ],
  "Tcompl_p": [
    [
      1.0,
      0.0,
      0.0,
      0.0
    ],
    [
      0.0,
      1.0,
      0.0,
      0.0
    ],
    [
      0.0,
      0.0,
      1.0,
      -0.0
    ],
    [
      0.0,
      0.0,
      -0.0,
      1.0
    ],
    [
      0.0,
      -0.0,
      0.0,
      0.0
    ],
    [
      0.0,
      -0.0,
      0.0,
      0.0
    ]
  ],
  "Tstiff_n": [
    [
      1.0,
      0.0,
      0.0,
      0.0,
      0.0,
      0.0
    ],
    [
      0.0,
      1.0,
      0.0,
      0.0,
      0.0,
      0.0
    ],
    [
      0.0,
      0.0,
      1.0,
      0.0,
      0.0,
      0.0
    ],
    [
      0.0,
      0.0,
      0.0,
      1.0,
      0.0,
      0.0
    ]
  ],
  "Tcompl_n": [
    [
      1.0,
      0.0,
      0.0,
      0.0,
      0.0,
      0.0
    ],
    [
      0.0,
      1.0,
      0.0,
      0.0,
      0.0,
      0.0
    ],
    [
      0.0,
      0.0,
      1.0,
      0.0,
      0.0,
      0.0
    ],
    [
      0.0,
      0.0,
      0.0,
      1.0,
      0.0,
      0.0
    ]
  ],
  "Q126": [
    [
      24791.40526069283,
      2649.1387335711765,
      0.0
    ],
    [
      2649.1387335711765,
      24083.079396101606,
      0.0
    ],
    [
      0.0,
      0.0,
      4700.0
    ]
  ],
  "S126": [
    [
      4.0816326530612245e-05,
      -4.489795918367347e-06,
      0.0
    ],
    [
      -4.489795918367347e-06,
      4.201680672268908e-05,
      0.0
    ],
    [
      0.0,
      0.0,
      0.0002127659574468085
    ]
  ],
  "Q126_vec": [
    [
      24791.40526069283
    ],
    [
      24083.079396101606
    ],
    [
      2649.1387335711765
    ],
    [
      4700.0
    ],
    [
      0.0
    ],
    [
      0.0
    ]
  ],
  "S126_vec": [
    [
      4.0816326530612245e-05
    ],
    [
      4.201680672268908e-05
    ],
    [
      -4.489795918367347e-06
    ],
    [
      0.0002127659574468085
    ],
    [
      0.0
    ],
    [
      0.0
    ]
  ],
  "Fxx": 6.125911995148278e-06,
  "Fyy": 7.733353955610548e-06,
  "Fss": 0.0001417233560090703,
  "Fxy": -3.4414330503222795e-06,
  "Fx": -0.00034305107172830345,
  "Fy": -0.0003944010517361379
}