{
  "name": "Boron--Epoxy-B4--5505",
  "thick": 0.125,
  "angle": 0.0,
  "core": false,
  "rho": 2e-09,
  "gsm": 250.00000000000003,
  "Ex": 204000.0,
  "Ey": 18500.0,
  "Es": 5590.0,
  "nux": 0.23,
  "nuy": 0.020857843137254903,
  "Xt": 1260.0,
  "Xc": 2500.0,
  "Yt": 61.0,
  "Yc": 202.0,
  "S": 67.0,
  "Qxys": [
    [
      204983.3675128256,
      4275.510925328789,
      0.0
    ],
    [
      4275.510925328789,
      18589.177936212127,
      0.0
    ],
    [
      0.0,
      0.0,
      5590.0
    ]
  ],
  "Sxys": [
    [
      4.901960784313726e-06,
      -1.1274509803921568e-06,
      0.0
    ],
    [
      -1.1274509803921568e-06,
      5.4054054054054054e-05,
      0.0
    ],
    [
      0.0,
      0.0,
      0.00017889087656529517
    ]
  ],
  "Qxys_vec": [
    [
      204983.3675128256
    ],
    [
      18589.177936212127
    ],
    [
      4275.510925328789
    ],
    [
      5590.0
    ]
  ],
  "Sxys_vec": [
    [
      4.901960784313726e-06
    ],
    [
      5.4054054054054054e-05
    ],
    [
      -1.1274509803921568e-06
    ],
    [
      0.00017889087656529517
    ]
  ],
  "Ts_p": [
    [
      1.0,
      0.0,
      0.0
    ],
    [
      0.0,
      1.0,
      -0.0
    ],
    [
      -0.0,
      0.0,
      1.0
    ]
  ],
  "Ts_n": [
    [
      1.0,
      0.0,
      0.0
    ],
    [
      0.0,
      1.0,
      0.0
    ],
    [
      0.0,
      0.0,
      1.0
    ]
  ],
  "Te_p": [
    [
      1.0,
      0.0,
      0.0
    ],
    [
      0.0,
      1.0,
      -0.0
    ],
    [
      -0.0,
      0.0,
      1.0
    ]
  ],
  "Te_n": [
    [
      1.0,
      0.0,
      0.0
    ],
    [
      0.0,
      1.0,
      0.0
    ],
    [
      0.0,
      0.0,
      1.0
    ]
  ],
  "Tstiff_p": [
    [
      1.0,
      0.0,
      0.0,
      0.0
    ],
    [
      0.0,
      1.0,
      0.0,
      0.0
    ],
    [
      0.0,
      0.0,
      1.0,
      -0.0
    ],
    [
      0.0,
      0.0,
      -0.0,
      1.0
    ],
    [
      0.0,
      -0.0,
      0.0,
      0.0
    ],
    [
      0.0,
      -0.0,
      0.0,
      0.0
    ]
  ],
  "Tcompl_p": [
    [
      1.0,
      0.0,
      0.0,
      0.0
    ],
    [
      0.0,
      1.0,
      0.0,
      0.0
    ],
    [
      0.0,
      0.0,
      1.0,
      -0.0
    ],
    [
      0.0,
      0.0,
      -0.0,
      1.0
    ],
    [
      0.0,
      -0.0,
      0.0,
      0.0
    ],
    [
      0.0,
      -0.0,
      0.0,
      0.0
    ]
  ],
  "Tstiff_n": [
    [
      1.0,
      0.0,
      0.0,
      0.0,
      0.0,
      0.0
    ],
    [
      0.0,
      1.0,
      0.0,
      0.0,
      0.0,
      0.0
    ],
    [
      0.0,
      0.0,
      1.0,
      0.0,
      0.0,
      0.0
    ],
    [
      0.0,
      0.0,
      0.0,
      1.0,
      0.0,
      0.0
    ]
  ],
  "Tcompl_n": [
    [
      1.0,
      0.0,
      0.0,
      0.0,
      0.0,
      0.0
    ],
    [
      0.0,
      1.0,
      0.0,
      0.0,
      0.0,
      0.0
    ],
    [
      0.0,
      0.0,
      1.0,
      0.0,
      0.0,
      0.0
    ],
    [
      0.0,
      0.0,
      0.0,
      1.0,
      0.0,
      0.0
    ]
  ],
  "Q126": [
    [
      204983.3675128256,
      4275.510925328789,
      0.0
    ],
    [
      4275.510925328789,
      18589.177936212127,
      0.0
    ],
    [
      0.0,
      0.0,
      5590.0
    ]
  ],
  "S126": [
    [
      4.901960784313726e-06,
      -1.1274509803921568e-06,
      0.0
    ],
    [
      -1.1274509803921568e-06,
      5.4054054054054054e-05,
      0.0
    ],
    [
      0.0,
      0.0,
      0.00017889087656529517
    ]
  ],
  "Q126_vec": [
    [
      204983.3675128256
    ],
    [
      18589.177936212127
    ],
    [
      4275.510925328789
    ],
    [
      5590.0
    ],
    [
      0.0
    ],
    [
      0.0
    ]
  ],
  "S126_vec": [
    [
      4.901960784313726e-06
    ],
    [
      5.4054054054054054e-05
    ],
    [
      -1.1274509803921568e-06
    ],
    [
      0.00017889087656529517
    ],
    [
      0.0
    ],
    [
      0.0
    ]
  ],
  "Fxx": 3.174603174603175e-07,
  "Fyy": 8.115565654926148e-05,
  "Fss": 0.00022276676319893073,
  "Fxy": -2.537897776301729e-06,
  "Fx": 0.00039365079365079363,
  "Fy": 0.011442947573445869
}