run,field,first,peak_abs,last,min,max,mean
da62_test-1,local.S2,-15711.565899819892,-15711.565899819892,-322.6159202587078,-15711.565899819892,-322.6159202587078,-7115.01129148512
da62_test-2,local.S2,-15711.565900081128,-15711.565900081128,-322.64469308047865,-15711.565900081128,-322.64469308047865,-7115.266697754155
da62_test-1,global.S2,-15711.565899819892,-15711.565899819892,-321.677500000751,-15711.565899819892,-321.677500000751,-7118.2235407757225
da62_test-2,global.S2,-15711.565900081128,-15711.565900081128,-321.67750000501565,-15711.565900081128,-321.67750000501565,-7118.2235409385385
