{
  "group": "4.5.3_revestimento",
  "seed_score": 406899.2,
  "n_points": 10,
  "variables": {
    "ls1": {
      "sweep_values": [
        0.0,
        0.4444444444444444,
        0.8888888888888888,
        1.3333333333333333,
        1.7777777777777777,
        2.2222222222222223,
        2.6666666666666665,
        3.1111111111111107,
        3.5555555555555554,
        4.0
      ],
      "scores": [
        406899.2,
        406899.2,
        428086.9,
        428086.9,
        393860.6,
        393860.6,
        414722.3,
        414722.3,
        420182.3,
        420182.3
      ],
      "bound_lo": 0.0,
      "bound_hi": 4.0
    },
    "ls2": {
      "sweep_values": [
        0.0,
        0.4444444444444444,
        0.8888888888888888,
        1.3333333333333333,
        1.7777777777777777,
        2.2222222222222223,
        2.6666666666666665,
        3.1111111111111107,
        3.5555555555555554,
        4.0
      ],
      "scores": [
        410312.2,
        410312.2,
        440601.8,
        440601.8,
        391672.5,
        391672.5,
        421496.1,
        421496.1,
        429301.5,
        429301.5
      ],
      "bound_lo": 0.0,
      "bound_hi": 4.0
    },
    "lw1": {
      "sweep_values": [
        0.0,
        0.4444444444444444,
        0.8888888888888888,
        1.3333333333333333,
        1.7777777777777777,
        2.2222222222222223,
        2.6666666666666665,
        3.1111111111111107,
        3.5555555555555554,
        4.0
      ],
      "scores": [
        406666.5,
        406666.5,
        409803.6,
        409803.6,
        404735.9,
        404735.9,
        407824.8,
        407824.8,
        408633.2,
        408633.2
      ],
      "bound_lo": 0.0,
      "bound_hi": 4.0
    },
    "lw2": {
      "sweep_values": [
        0.0,
        0.4444444444444444,
        0.8888888888888888,
        1.3333333333333333,
        1.7777777777777777,
        2.2222222222222223,
        2.6666666666666665,
        3.1111111111111107,
        3.5555555555555554,
        4.0
      ],
      "scores": [
        404808.1,
        404808.1,
        407055.6,
        407055.6,
        403425.0,
        403425.0,
        405638.0,
        405638.0,
        406217.1,
        406217.1
      ],
      "bound_lo": 0.0,
      "bound_hi": 4.0
    },
    "lf1": {
      "sweep_values": [
        0.0,
        0.4444444444444444,
        0.8888888888888888,
        1.3333333333333333,
        1.7777777777777777,
        2.2222222222222223,
        2.6666666666666665,
        3.1111111111111107,
        3.5555555555555554,
        4.0
      ],
      "scores": [
        483551.4,
        483551.4,
        608111.1,
        608111.1,
        406899.2,
        406899.2,
        529542.7,
        529542.7,
        561640.8,
        561640.8
      ],
      "bound_lo": 0.0,
      "bound_hi": 4.0
    },
    "lf2": {
      "sweep_values": [
        0.0,
        0.4444444444444444,
        0.8888888888888888,
        1.3333333333333333,
        1.7777777777777777,
        2.2222222222222223,
        2.6666666666666665,
        3.1111111111111107,
        3.5555555555555554,
        4.0
      ],
      "scores": [
        483551.4,
        483551.4,
        608111.1,
        608111.1,
        406899.2,
        406899.2,
        529542.7,
        529542.7,
        561640.8,
        561640.8
      ],
      "bound_lo": 0.0,
      "bound_hi": 4.0
    },
    "lf3": {
      "sweep_values": [
        0.0,
        0.4444444444444444,
        0.8888888888888888,
        1.3333333333333333,
        1.7777777777777777,
        2.2222222222222223,
        2.6666666666666665,
        3.1111111111111107,
        3.5555555555555554,
        4.0
      ],
      "scores": [
        469579.3,
        469579.3,
        599626.9,
        599626.9,
        389550.0,
        389550.0,
        517596.9,
        517596.9,
        551109.1,
        551109.1
      ],
      "bound_lo": 0.0,
      "bound_hi": 4.0
    },
    "lf4": {
      "sweep_values": [
        0.0,
        0.4444444444444444,
        0.8888888888888888,
        1.3333333333333333,
        1.7777777777777777,
        2.2222222222222223,
        2.6666666666666665,
        3.1111111111111107,
        3.5555555555555554,
        4.0
      ],
      "scores": [
        474971.6,
        474971.6,
        599604.3,
        599604.3,
        398274.5,
        398274.5,
        520989.8,
        520989.8,
        553106.7,
        553106.7
      ],
      "bound_lo": 0.0,
      "bound_hi": 4.0
    }
  }
}