{
  "group": "4.5.1_longarinas",
  "seed_score": 406899.2,
  "n_points": 10,
  "variables": {
    "xw1": {
      "sweep_values": [
        0.1,
        0.1388888888888889,
        0.17777777777777778,
        0.21666666666666667,
        0.25555555555555554,
        0.29444444444444445,
        0.33333333333333337,
        0.37222222222222223,
        0.4111111111111111,
        0.45
      ],
      "scores": [
        401909.8,
        402676.0,
        403308.9,
        403846.3,
        404293.9,
        404668.7,
        404966.1,
        405199.6,
        405379.0,
        405510.0
      ],
      "bound_lo": 0.1,
      "bound_hi": 0.45
    },
    "xw2": {
      "sweep_values": [
        0.55,
        0.5888888888888889,
        0.6277777777777778,
        0.6666666666666667,
        0.7055555555555556,
        0.7444444444444445,
        0.7833333333333334,
        0.8222222222222223,
        0.8611111111111112,
        0.9
      ],
      "scores": [
        407469.8,
        406932.3,
        406363.1,
        405776.4,
        405184.9,
        404601.8,
        404043.6,
        403533.8,
        403078.8,
        402695.5
      ],
      "bound_lo": 0.55,
      "bound_hi": 0.9
    }
  }
}