{
  "name": "MAT1",
  "plies": [
    "cfrp-as4--3501-6_t=0.125_ang=0",
    "cfrp-as4--3501-6_t=0.125_ang=45",
    "cfrp-as4--3501-6_t=0.125_ang=-45",
    "cfrp-as4--3501-6_t=0.125_ang=90",
    "cfrp-as4--3501-6_t=0.125_ang=90",
    "cfrp-as4--3501-6_t=0.125_ang=-45",
    "cfrp-as4--3501-6_t=0.125_ang=45",
    "cfrp-as4--3501-6_t=0.125_ang=0"
  ],
  "n_plies": 8,
  "thick": 1.0,
  "rho": 1.6e-09,
  "gsm": 1600.0,
  "stiff_A": [
    [
      63489.172243281035,
      18359.90952561564,
      0.0
    ],
    [
      18359.90952561564,
      63489.172243281035,
      1.8189894035458565e-12
    ],
    [
      0.0,
      1.8189894035458565e-12,
      22564.6313588327
    ]
  ],
  "stiff_B": [
    [
      9.094947017729282e-13,
      -8.526512829121202e-14,
      0.0
    ],
    [
      -8.526512829121202e-14,
      -3.410605131648481e-13,
      0.0
    ],
    [
      0.0,
      0.0,
      0.0
    ]
  ],
  "stiff_D": [
    [
      8754.317414037778,
      1286.7950954862088,
      536.7259492415442
    ],
    [
      1286.7950954862088,
      2313.6060231392485,
      536.7259492415442
    ],
    [
      536.7259492415442,
      536.7259492415442,
      1637.1885815876306
    ]
  ],
  "stiff_ABD": [
    [
      63489.172243281035,
      18359.90952561564,
      0.0,
      9.094947017729282e-13,
      -8.526512829121202e-14,
      0.0
    ],
    [
      18359.90952561564,
      63489.172243281035,
      1.8189894035458565e-12,
      -8.526512829121202e-14,
      -3.410605131648481e-13,
      0.0
    ],
    [
      0.0,
      1.8189894035458565e-12,
      22564.6313588327,
      0.0,
      0.0,
      0.0
    ],
    [
      9.094947017729282e-13,
      -8.526512829121202e-14,
      0.0,
      8754.317414037778,
      1286.7950954862088,
      536.7259492415442
    ],
    [
      -8.526512829121202e-14,
      -3.410605131648481e-13,
      0.0,
      1286.7950954862088,
      2313.6060231392485,
      536.7259492415442
    ],
    [
      0.0,
      0.0,
      0.0,
      536.7259492415442,
      536.7259492415442,
      1637.1885815876306
    ]
  ],
  "compl_a": [
    [
      1.7188089832172217e-05,
      -4.9704817858959e-06,
      4.0068253521559175e-22
    ],
    [
      -4.9704817858959e-06,
      1.7188089832172214e-05,
      -1.385573412422587e-21
    ],
    [
      4.006825352155917e-22,
      -1.385573412422587e-21,
      4.431714323613623e-05
    ]
  ],
  "compl_b": [
    [
      -1.9918396519796733e-21,
      9.27617672701489e-22,
      3.4888806241116886e-22
    ],
    [
      3.9495778243869056e-22,
      2.3388478129310038e-21,
      -8.96234202778128e-22
    ],
    [
      -3.1838500247544627e-38,
      -1.885401680432319e-37,
      7.224760254328914e-38
    ]
  ],
  "compl_c": [
    [
      -1.9918396519796733e-21,
      3.949577824386904e-22,
      -3.183850024754461e-38
    ],
    [
      9.276176727014892e-22,
      2.338847812931004e-21,
      -1.885401680432319e-37
    ],
    [
      3.4888806241116886e-22,
      -8.962342027781278e-22,
      7.224760254328915e-38
    ]
  ],
  "compl_d": [
    [
      0.00012498267675400753,
      -6.494776215477405e-05,
      -1.968148134447755e-05
    ],
    [
      -6.494776215477405e-05,
      0.0005015540083376139,
      -0.0001431343368520367
    ],
    [
      -1.968148134447755e-05,
      -0.0001431343368520367,
      0.0006641797327456259
    ]
  ],
  "compl_abcd": [
    [
      1.7188089832172217e-05,
      -4.9704817858959e-06,
      4.0068253521559175e-22,
      -1.9918396519796733e-21,
      9.27617672701489e-22,
      3.4888806241116886e-22
    ],
    [
      -4.9704817858959e-06,
      1.7188089832172214e-05,
      -1.385573412422587e-21,
      3.9495778243869056e-22,
      2.3388478129310038e-21,
      -8.96234202778128e-22
    ],
    [
      4.006825352155917e-22,
      -1.385573412422587e-21,
      4.431714323613623e-05,
      -3.1838500247544627e-38,
      -1.885401680432319e-37,
      7.224760254328914e-38
    ],
    [
      -1.9918396519796733e-21,
      3.949577824386904e-22,
      -3.183850024754461e-38,
      0.00012498267675400753,
      -6.494776215477405e-05,
      -1.968148134447755e-05
    ],
    [
      9.276176727014892e-22,
      2.338847812931004e-21,
      -1.885401680432319e-37,
      -6.494776215477405e-05,
      0.0005015540083376139,
      -0.0001431343368520367
    ],
    [
      3.4888806241116886e-22,
      -8.962342027781278e-22,
      7.224760254328915e-38,
      -1.968148134447755e-05,
      -0.0001431343368520367,
      0.0006641797327456259
    ]
  ],
  "E1": 58179.821595313406,
  "E2": 58179.82159531342,
  "G12": 22564.6313588327,
  "nu12": 0.28918174354617826,
  "nu21": 0.2891817435461783,
  "eta16": 0.0,
  "eta26": 0.0,
  "eta61": 0.0,
  "eta62": 0.0,
  "eng_compl": [
    [
      1.7188089832172217e-05,
      -4.970481785895901e-06,
      4.0068253521559175e-22
    ],
    [
      -4.9704817858958995e-06,
      1.7188089832172214e-05,
      -1.3855734124225868e-21
    ],
    [
      4.006825352155917e-22,
      -1.385573412422587e-21,
      4.431714323613623e-05
    ]
  ],
  "eng_stiff": [
    [
      63489.17224328101,
      18359.90952561564,
      0.0
    ],
    [
      18359.909525615632,
      63489.172243281035,
      1.8189894035458565e-12
    ],
    [
      -1.0700140152472303e-28,
      1.8189894035458565e-12,
      22564.6313588327
    ]
  ],
  "stacking_seq": "[0,45,-45,90]_s"
}