{
  "name": "MAT2",
  "plies": [
    "cfrp-as4--3501-6_t=0.125_ang=0",
    "cfrp-as4--3501-6_t=0.125_ang=45",
    "cfrp-as4--3501-6_t=0.125_ang=-45",
    "cfrp-as4--3501-6_t=0.125_ang=90",
    "cfrp-as4--3501-6_t=0.125_ang=90",
    "cfrp-as4--3501-6_t=0.125_ang=-45",
    "cfrp-as4--3501-6_t=0.125_ang=45",
    "cfrp-as4--3501-6_t=0.125_ang=0",
    "al-honeycomb-pamg-5052_t=10.0_ang=0"
  ],
  "n_plies": 9,
  "thick": 11.0,
  "rho": 2.636363636363636e-10,
  "gsm": 2900.0,
  "stiff_A": [
    [
      63489.172243281035,
      18359.90952561564,
      0.0
    ],
    [
      18359.90952561564,
      63489.172243281035,
      1.8189894035458565e-12
    ],
    [
      0.0,
      1.8189894035458565e-12,
      22564.6313588327
    ]
  ],
  "stiff_B": [
    [
      -317445.8612164052,
      -91799.54762807819,
      0.0
    ],
    [
      -91799.54762807819,
      -317445.8612164052,
      -1.0913936421275139e-11
    ],
    [
      0.0,
      -1.0913936421275139e-11,
      -112823.15679416349
    ]
  ],
  "stiff_D": [
    [
      1595983.6234960635,
      460284.5332358771,
      536.7259492415469
    ],
    [
      460284.5332358771,
      1589542.912105165,
      536.7259492415906
    ],
    [
      536.7259492415469,
      536.7259492415906,
      565752.9725524051
    ]
  ],
  "stiff_ABD": [
    [
      63489.172243281035,
      18359.90952561564,
      0.0,
      -317445.8612164052,
      -91799.54762807819,
      0.0
    ],
    [
      18359.90952561564,
      63489.172243281035,
      1.8189894035458565e-12,
      -91799.54762807819,
      -317445.8612164052,
      -1.0913936421275139e-11
    ],
    [
      0.0,
      1.8189894035458565e-12,
      22564.6313588327,
      0.0,
      -1.0913936421275139e-11,
      -112823.15679416349
    ],
    [
      -317445.8612164052,
      -91799.54762807819,
      0.0,
      1595983.6234960635,
      460284.5332358771,
      536.7259492415469
    ],
    [
      -91799.54762807819,
      -317445.8612164052,
      -1.0913936421275139e-11,
      460284.5332358771,
      1589542.912105165,
      536.7259492415906
    ],
    [
      0.0,
      -1.0913936421275139e-11,
      -112823.15679416349,
      536.7259492415469,
      536.7259492415906,
      565752.9725524051
    ]
  ],
  "compl_a": [
    [
      0.0031417550086823933,
      -0.001628664535655118,
      -0.000492037033611969
    ],
    [
      -0.0016286645356551183,
      0.01255603829827086,
      -0.0035783584212999518
    ],
    [
      -0.000492037033611969,
      -0.0035783584212999513,
      0.01664881046187491
    ]
  ],
  "compl_b": [
    [
      0.0006249133837700442,
      -0.00032473881077384436,
      -9.840740672239388e-05
    ],
    [
      -0.0003247388107738446,
      0.0025077700416877378,
      -0.0007156716842599904
    ],
    [
      -9.840740672239377e-05,
      -0.0007156716842599903,
      0.003320898663727756
    ]
  ],
  "compl_c": [
    [
      0.0006249133837700441,
      -0.0003247388107738444,
      -9.84074067223938e-05
    ],
    [
      -0.00032473881077384447,
      0.0025077700416877378,
      -0.0007156716842599904
    ],
    [
      -9.840740672239381e-05,
      -0.0007156716842599904,
      0.0033208986637277556
    ]
  ],
  "compl_d": [
    [
      0.00012498267675400883,
      -6.494776215476889e-05,
      -1.968148134447876e-05
    ],
    [
      -6.494776215476892e-05,
      0.0005015540083375476,
      -0.00014313433685199812
    ],
    [
      -1.9681481344478754e-05,
      -0.0001431343368519981,
      0.0006641797327455513
    ]
  ],
  "compl_abcd": [
    [
      0.0031417550086823933,
      -0.001628664535655118,
      -0.000492037033611969,
      0.0006249133837700442,
      -0.00032473881077384436,
      -9.840740672239388e-05
    ],
    [
      -0.0016286645356551183,
      0.01255603829827086,
      -0.0035783584212999518,
      -0.0003247388107738446,
      0.0025077700416877378,
      -0.0007156716842599904
    ],
    [
      -0.000492037033611969,
      -0.0035783584212999513,
      0.01664881046187491,
      -9.840740672239377e-05,
      -0.0007156716842599903,
      0.003320898663727756
    ],
    [
      0.0006249133837700441,
      -0.0003247388107738444,
      -9.84074067223938e-05,
      0.00012498267675400883,
      -6.494776215476889e-05,
      -1.968148134447876e-05
    ],
    [
      -0.00032473881077384447,
      0.0025077700416877378,
      -0.0007156716842599904,
      -6.494776215476892e-05,
      0.0005015540083375476,
      -0.00014313433685199812
    ],
    [
      -9.840740672239381e-05,
      -0.0007156716842599904,
      0.0033208986637277556,
      -1.9681481344478754e-05,
      -0.0001431343368519981,
      0.0006641797327455513
    ]
  ],
  "E1": 28.935767002156187,
  "E2": 7.240268685833043,
  "G12": 5.460395571039083,
  "nu12": 0.5183932328123053,
  "nu21": 0.1297116572095362,
  "eta16": 0.0,
  "eta26": 0.0,
  "eta61": 0.0,
  "eta62": 0.0,
  "eng_compl": [
    [
      0.034559305095506324,
      -0.004482744735948094,
      -0.005412407369731659
    ],
    [
      -0.07159861813231322,
      0.13811642128097945,
      -0.03936194263429947
    ],
    [
      -0.005412407369731659,
      -0.03936194263429946,
      0.18313691508062402
    ]
  ],
  "eng_stiff": [
    [
      32.01963187170295,
      1.3943343748772483,
      1.2459912906963244
    ],
    [
      17.96912280627259,
      8.495187158650332,
      2.3569430669982
    ],
    [
      4.808440025431287,
      1.8670936719795406,
      6.003801416857047
    ]
  ],
  "stacking_seq": "[0,45,-45,90_2,-45,45,0_2]"
}