{
  "name": "MAT3",
  "plies": [
    "cfrp-as4--3501-6_t=0.125_ang=0",
    "cfrp-as4--3501-6_t=0.125_ang=45",
    "cfrp-as4--3501-6_t=0.125_ang=90",
    "cfrp-as4--3501-6_t=0.125_ang=-45"
  ],
  "n_plies": 4,
  "thick": 0.5,
  "rho": 1.6e-09,
  "gsm": 800.0,
  "stiff_A": [
    [
      31744.586121640517,
      9179.954762807818,
      0.0
    ],
    [
      9179.954762807818,
      31744.586121640517,
      9.094947017729282e-13
    ],
    [
      0.0,
      9.094947017729282e-13,
      11282.31567941635
    ]
  ],
  "stiff_B": [
    [
      -2633.2985269296987,
      486.39472996352174,
      -1073.4518984830884
    ],
    [
      486.39472996352174,
      1660.5090670026548,
      -1073.4518984830884
    ],
    [
      -1073.4518984830886,
      -1073.4518984830886,
      486.3947299635218
    ]
  ],
  "stiff_D": [
    [
      929.7085188216162,
      191.2490575584962,
      -134.18148731038602
    ],
    [
      191.2490575584962,
      392.982569580072,
      -134.18148731038602
    ],
    [
      -134.18148731038605,
      -134.18148731038605,
      235.0482433211739
    ]
  ],
  "stiff_ABD": [
    [
      31744.586121640517,
      9179.954762807818,
      0.0,
      -2633.2985269296987,
      486.39472996352174,
      -1073.4518984830884
    ],
    [
      9179.954762807818,
      31744.586121640517,
      9.094947017729282e-13,
      486.39472996352174,
      1660.5090670026548,
      -1073.4518984830884
    ],
    [
      0.0,
      9.094947017729282e-13,
      11282.31567941635,
      -1073.4518984830886,
      -1073.4518984830886,
      486.3947299635218
    ],
    [
      -2633.2985269296987,
      486.39472996352174,
      -1073.4518984830884,
      929.7085188216162,
      191.2490575584962,
      -134.18148731038602
    ],
    [
      486.39472996352174,
      1660.5090670026548,
      -1073.4518984830884,
      191.2490575584962,
      392.982569580072,
      -134.18148731038602
    ],
    [
      -1073.4518984830886,
      -1073.4518984830886,
      486.3947299635218,
      -134.18148731038605,
      -134.18148731038605,
      235.0482433211739
    ]
  ],
  "compl_a": [
    [
      7.246697171976164e-05,
      -9.758982071747994e-06,
      6.45655604147351e-06
    ],
    [
      -9.758982071747994e-06,
      5.017457323185487e-05,
      -2.874895452938027e-05
    ],
    [
      6.456556041473512e-06,
      -2.874895452938028e-05,
      0.00014215950909511252
    ]
  ],
  "compl_b": [
    [
      0.00028371548585162117,
      -2.5301584110261628e-05,
      0.0004205431871605155
    ],
    [
      -2.5170459047187813e-05,
      -0.0002332434426941717,
      9.654686644835136e-05
    ],
    [
      9.64157413852775e-05,
      0.0004204120620974417,
      -0.00010094408631489898
    ]
  ],
  "compl_c": [
    [
      0.0002837154858516212,
      -2.5170459047187806e-05,
      9.641574138527746e-05
    ],
    [
      -2.5301584110261668e-05,
      -0.00023324344269417166,
      0.0004204120620974416
    ],
    [
      0.00042054318716051555,
      9.654686644835135e-05,
      -0.00010094408631489898
    ]
  ],
  "compl_d": [
    [
      0.0023955722564928243,
      -0.0004288791308729419,
      0.002103965309684549
    ],
    [
      -0.000428879130872942,
      0.0051358735051559214,
      0.0006363359389785484
    ],
    [
      0.002103965309684549,
      0.0006363359389785488,
      0.00838920402339463
    ]
  ],
  "compl_abcd": [
    [
      7.246697171976164e-05,
      -9.758982071747994e-06,
      6.45655604147351e-06,
      0.00028371548585162117,
      -2.5301584110261628e-05,
      0.0004205431871605155
    ],
    [
      -9.758982071747994e-06,
      5.017457323185487e-05,
      -2.874895452938027e-05,
      -2.5170459047187813e-05,
      -0.0002332434426941717,
      9.654686644835136e-05
    ],
    [
      6.456556041473512e-06,
      -2.874895452938028e-05,
      0.00014215950909511252,
      9.64157413852775e-05,
      0.0004204120620974417,
      -0.00010094408631489898
    ],
    [
      0.0002837154858516212,
      -2.5170459047187806e-05,
      9.641574138527746e-05,
      0.0023955722564928243,
      -0.0004288791308729419,
      0.002103965309684549
    ],
    [
      -2.5301584110261668e-05,
      -0.00023324344269417166,
      0.0004204120620974416,
      -0.000428879130872942,
      0.0051358735051559214,
      0.0006363359389785484
    ],
    [
      0.00042054318716051555,
      9.654686644835135e-05,
      -0.00010094408631489898,
      0.002103965309684549,
      0.0006363359389785488,
      0.00838920402339463
    ]
  ],
  "E1": 27598.779865319015,
  "E2": 39860.827330968474,
  "G12": 14068.703618425483,
  "nu12": 0.13466799895388387,
  "nu21": 0.1945005496439819,
  "eta16": 0.0890965344383615,
  "eta26": 0.0,
  "eta61": 0.045417686671622645,
  "eta62": 0.0,
  "eng_compl": [
    [
      3.623348585988082e-05,
      -7.0474329152642655e-06,
      3.228278020736755e-06
    ],
    [
      -3.378454687749501e-06,
      2.508728661592744e-05,
      -1.4374477264690135e-05
    ],
    [
      3.228278020736756e-06,
      -1.4374477264690142e-05,
      7.107975454755626e-05
    ]
  ],
  "eng_stiff": [
    [
      28327.74824700185,
      8166.8739803904555,
      365.00825695161024
    ],
    [
      3481.015807752273,
      46088.56213346447,
      9162.402232157543
    ],
    [
      -582.6140610613851,
      8949.581393885004,
      15905.040776222802
    ]
  ],
  "stacking_seq": "[0,45,90,-45]"
}