{
  "name": "MAT4",
  "plies": [
    "cfrp-as4--3501-6_t=0.125_ang=0",
    "cfrp-as4--3501-6_t=0.125_ang=90",
    "foam-honeycomb-style-20_t=10.0_ang=0",
    "cfrp-as4--3501-6_t=0.125_ang=90",
    "cfrp-as4--3501-6_t=0.125_ang=0"
  ],
  "n_plies": 5,
  "thick": 10.5,
  "rho": 1.9809523809523808e-10,
  "gsm": 2080.0,
  "stiff_A": [
    [
      39526.90180105687,
      1397.6390833914704,
      9.862074653762185e-14
    ],
    [
      1397.6390833914704,
      39526.90180105687,
      2.00473834388792e-12
    ],
    [
      9.862074653762185e-14,
      2.00473834388792e-12,
      3500.0
    ]
  ],
  "stiff_B": [
    [
      0.0,
      2.2737367544323206e-13,
      0.0
    ],
    [
      2.2737367544323206e-13,
      5.4569682106375694e-12,
      0.0
    ],
    [
      0.0,
      0.0,
      0.0
    ]
  ],
  "stiff_D": [
    [
      1060410.4133175013,
      36717.143419930086,
      2.52767027974811e-12
    ],
    [
      36717.143419930086,
      1016398.8854796949,
      5.1381861407669034e-11
    ],
    [
      2.52767027974811e-12,
      5.1381861407669034e-11,
      91947.91666666666
    ]
  ],
  "stiff_ABD": [
    [
      39526.90180105687,
      1397.6390833914704,
      9.862074653762185e-14,
      0.0,
      2.2737367544323206e-13,
      0.0
    ],
    [
      1397.6390833914704,
      39526.90180105687,
      2.00473834388792e-12,
      2.2737367544323206e-13,
      5.4569682106375694e-12,
      0.0
    ],
    [
      9.862074653762185e-14,
      2.00473834388792e-12,
      3500.0,
      0.0,
      0.0,
      0.0
    ],
    [
      0.0,
      2.2737367544323206e-13,
      0.0,
      1060410.4133175013,
      36717.143419930086,
      2.52767027974811e-12
    ],
    [
      2.2737367544323206e-13,
      5.4569682106375694e-12,
      0.0,
      36717.143419930086,
      1016398.8854796949,
      5.1381861407669034e-11
    ],
    [
      0.0,
      0.0,
      0.0,
      2.52767027974811e-12,
      5.1381861407669034e-11,
      91947.91666666666
    ]
  ],
  "compl_a": [
    [
      2.5330895961186576e-05,
      -8.95679868633946e-07,
      -2.007280267600237e-22
    ],
    [
      -8.956798686339459e-07,
      2.5330895961186573e-05,
      -1.448385308603514e-20
    ],
    [
      -2.0072802676002378e-22,
      -1.448385308603514e-20,
      0.00028571428571428574
    ]
  ],
  "compl_b": [
    [
      2.2203200265595185e-25,
      -8.658359826827552e-25,
      4.777382931791475e-40
    ],
    [
      -7.302698856561981e-25,
      -1.3577290228349123e-22,
      7.5891989536107e-38
    ],
    [
      4.120294512298441e-40,
      7.779272361704399e-38,
      -4.348305609259927e-53
    ]
  ],
  "compl_c": [
    [
      2.220320026559518e-25,
      -7.302698856561979e-25,
      4.120294512298441e-40
    ],
    [
      -8.658359826827557e-25,
      -1.3577290228349123e-22,
      7.779272361704399e-38
    ],
    [
      4.777382931791482e-40,
      7.5891989536107e-38,
      -4.348305609259927e-53
    ]
  ],
  "compl_d": [
    [
      9.442121538686747e-07,
      -3.410941665493376e-08,
      -6.895769940597396e-24
    ],
    [
      -3.410941665493376e-08,
      9.85097892812764e-07,
      -5.495496567468433e-22
    ],
    [
      -6.895769940597393e-24,
      -5.495496567468433e-22,
      1.0875722215928402e-05
    ]
  ],
  "compl_abcd": [
    [
      2.5330895961186576e-05,
      -8.95679868633946e-07,
      -2.007280267600237e-22,
      2.2203200265595185e-25,
      -8.658359826827552e-25,
      4.777382931791475e-40
    ],
    [
      -8.956798686339459e-07,
      2.5330895961186573e-05,
      -1.448385308603514e-20,
      -7.302698856561981e-25,
      -1.3577290228349123e-22,
      7.5891989536107e-38
    ],
    [
      -2.0072802676002378e-22,
      -1.448385308603514e-20,
      0.00028571428571428574,
      4.120294512298441e-40,
      7.779272361704399e-38,
      -4.348305609259927e-53
    ],
    [
      2.220320026559518e-25,
      -7.302698856561979e-25,
      4.120294512298441e-40,
      9.442121538686747e-07,
      -3.410941665493376e-08,
      -6.895769940597396e-24
    ],
    [
      -8.658359826827557e-25,
      -1.3577290228349123e-22,
      7.779272361704399e-38,
      -3.410941665493376e-08,
      9.85097892812764e-07,
      -5.495496567468433e-22
    ],
    [
      4.777382931791482e-40,
      7.5891989536107e-38,
      -4.348305609259927e-53,
      -6.895769940597393e-24,
      -5.495496567468433e-22,
      1.0875722215928402e-05
    ]
  ],
  "E1": 3759.760230511562,
  "E2": 3759.7602305115624,
  "G12": 333.3333333333333,
  "nu12": 0.035359186268277165,
  "nu21": 0.03535918626827717,
  "eta16": 0.0,
  "eta26": 0.0,
  "eta61": 0.0,
  "eta62": 0.0,
  "eng_compl": [
    [
      0.00026597440759245906,
      -9.404638620656433e-06,
      -2.1076442809802487e-21
    ],
    [
      -9.404638620656432e-06,
      0.000265974407592459,
      -1.5208045740336895e-19
    ],
    [
      -2.1076442809802498e-21,
      -1.5208045740336895e-19,
      0.003
    ]
  ],
  "eng_stiff": [
    [
      3764.4668381958923,
      133.10848413252097,
      9.392452051202078e-15
    ],
    [
      133.10848413252094,
      3764.4668381958923,
      1.9092746132265908e-13
    ],
    [
      9.392452051202079e-15,
      1.9092746132265908e-13,
      333.3333333333333
    ]
  ],
  "stacking_seq": "[0,90,0,90,0]"
}