{
  "name": "MAT5",
  "plies": [
    "kevlar49--epoxy_t=0.125_ang=0",
    "kevlar49--epoxy_t=0.125_ang=0",
    "kevlar49--epoxy_t=0.125_ang=0",
    "kevlar49--epoxy_t=0.125_ang=0",
    "kevlar49--epoxy_t=0.125_ang=0",
    "kevlar49--epoxy_t=0.125_ang=0",
    "kevlar49--epoxy_t=0.125_ang=0",
    "kevlar49--epoxy_t=0.125_ang=0",
    "kevlar49--epoxy_t=0.125_ang=0",
    "kevlar49--epoxy_t=0.125_ang=0",
    "kevlar49--epoxy_t=0.125_ang=0",
    "kevlar49--epoxy_t=0.125_ang=0",
    "kevlar49--epoxy_t=0.125_ang=0",
    "kevlar49--epoxy_t=0.125_ang=0"
  ],
  "n_plies": 14,
  "thick": 1.75,
  "rho": 1.38e-09,
  "gsm": 2415.0,
  "stiff_A": [
    [
      141121.563626925,
      3298.7165497793712,
      0.0
    ],
    [
      3298.7165497793712,
      9702.107499351096,
      0.0
    ],
    [
      0.0,
      0.0,
      3850.0
    ]
  ],
  "stiff_B": [
    [
      -1.8189894035458565e-12,
      8.526512829121202e-14,
      0.0
    ],
    [
      8.526512829121202e-14,
      0.0,
      0.0
    ],
    [
      0.0,
      0.0,
      0.0
    ]
  ],
  "stiff_D": [
    [
      36015.399050621476,
      841.8599528082772,
      0.0
    ],
    [
      841.8599528082772,
      2476.0586847302266,
      0.0
    ],
    [
      0.0,
      0.0,
      982.5520833333333
    ]
  ],
  "stiff_ABD": [
    [
      141121.563626925,
      3298.7165497793712,
      0.0,
      -1.8189894035458565e-12,
      8.526512829121202e-14,
      0.0
    ],
    [
      3298.7165497793712,
      9702.107499351096,
      0.0,
      8.526512829121202e-14,
      0.0,
      0.0
    ],
    [
      0.0,
      0.0,
      3850.0,
      0.0,
      0.0,
      0.0
    ],
    [
      -1.8189894035458565e-12,
      8.526512829121202e-14,
      0.0,
      36015.399050621476,
      841.8599528082772,
      0.0
    ],
    [
      8.526512829121202e-14,
      0.0,
      0.0,
      841.8599528082772,
      2476.0586847302266,
      0.0
    ],
    [
      0.0,
      0.0,
      0.0,
      0.0,
      0.0,
      982.5520833333333
    ]
  ],
  "compl_a": [
    [
      7.142857142857142e-06,
      -2.4285714285714275e-06,
      0.0
    ],
    [
      -2.4285714285714275e-06,
      0.00010389610389610386,
      0.0
    ],
    [
      0.0,
      0.0,
      0.00025974025974025974
    ]
  ],
  "compl_b": [
    [
      3.752375891612923e-22,
      -3.735509725430864e-22,
      0.0
    ],
    [
      -3.735509725430863e-22,
      2.106371960222533e-22,
      0.0
    ],
    [
      0.0,
      0.0,
      0.0
    ]
  ],
  "compl_c": [
    [
      3.7523758916129226e-22,
      -3.7355097254308635e-22,
      0.0
    ],
    [
      -3.7355097254308645e-22,
      2.1063719602225333e-22,
      0.0
    ],
    [
      0.0,
      0.0,
      0.0
    ]
  ],
  "compl_d": [
    [
      2.798833819241983e-05,
      -9.516034985422743e-06,
      0.0
    ],
    [
      -9.516034985422743e-06,
      0.00040710310098065203,
      0.0
    ],
    [
      0.0,
      0.0,
      0.00101775775245163
    ]
  ],
  "compl_abcd": [
    [
      7.142857142857142e-06,
      -2.4285714285714275e-06,
      0.0,
      3.752375891612923e-22,
      -3.735509725430864e-22,
      0.0
    ],
    [
      -2.4285714285714275e-06,
      0.00010389610389610386,
      0.0,
      -3.735509725430863e-22,
      2.106371960222533e-22,
      0.0
    ],
    [
      0.0,
      0.0,
      0.00025974025974025974,
      0.0,
      0.0,
      0.0
    ],
    [
      3.7523758916129226e-22,
      -3.7355097254308635e-22,
      0.0,
      2.798833819241983e-05,
      -9.516034985422743e-06,
      0.0
    ],
    [
      -3.7355097254308645e-22,
      2.1063719602225333e-22,
      0.0,
      -9.516034985422743e-06,
      0.00040710310098065203,
      0.0
    ],
    [
      0.0,
      0.0,
      0.0,
      0.0,
      0.0,
      0.00101775775245163
    ]
  ],
  "E1": 80000.0,
  "E2": 5500.000000000002,
  "G12": 2200.0,
  "nu12": 0.3399999999999999,
  "nu21": 0.023374999999999996,
  "eta16": 0.0,
  "eta26": 0.0,
  "eta61": 0.0,
  "eta62": 0.0,
  "eng_compl": [
    [
      1.25e-05,
      -2.9218749999999996e-07,
      0.0
    ],
    [
      -6.181818181818178e-05,
      0.00018181818181818175,
      0.0
    ],
    [
      0.0,
      0.0,
      0.00045454545454545455
    ]
  ],
  "eng_stiff": [
    [
      80640.89350109998,
      129.5924358841889,
      -0.0
    ],
    [
      27417.903790373988,
      5544.061428200626,
      0.0
    ],
    [
      0.0,
      0.0,
      2200.0
    ]
  ],
  "stacking_seq": "[0_7]_s"
}