{
  "name": "MAT_CFRP_AP4",
  "plies": [
    "cfrp-as4--3501-6_t=0.125_ang=45",
    "cfrp-as4--3501-6_t=0.125_ang=-45",
    "cfrp-as4--3501-6_t=0.125_ang=-45",
    "cfrp-as4--3501-6_t=0.125_ang=45"
  ],
  "stacking_seq": "[45,-45]_s",
  "n_plies": 4,
  "thick": 0.5,
  "rho": 1.6e-09,
  "gsm": 800.0,
  "stiff_A": [
    [
      23962.270442224166,
      16962.270442224166,
      0.0
    ],
    [
      16962.270442224166,
      23962.270442224166,
      0.0
    ],
    [
      0.0,
      0.0,
      19064.6313588327
    ]
  ],
  "stiff_B": [
    [
      0.0,
      0.0,
      0.0
    ],
    [
      0.0,
      0.0,
      0.0
    ],
    [
      0.0,
      0.0,
      0.0
    ]
  ],
  "stiff_D": [
    [
      499.2139675463368,
      353.3806342130034,
      268.36297462077204
    ],
    [
      353.3806342130034,
      499.2139675463368,
      268.36297462077204
    ],
    [
      268.3629746207721,
      268.3629746207721,
      397.1798199756812
    ]
  ],
  "stiff_ABD": [
    [
      23962.270442224166,
      16962.270442224166,
      0.0,
      0.0,
      0.0,
      0.0
    ],
    [
      16962.270442224166,
      23962.270442224166,
      0.0,
      0.0,
      0.0,
      0.0
    ],
    [
      0.0,
      0.0,
      19064.6313588327,
      0.0,
      0.0,
      0.0
    ],
    [
      0.0,
      0.0,
      0.0,
      499.2139675463368,
      353.3806342130034,
      268.36297462077204
    ],
    [
      0.0,
      0.0,
      0.0,
      353.3806342130034,
      499.2139675463368,
      268.36297462077204
    ],
    [
      0.0,
      0.0,
      0.0,
      268.3629746207721,
      268.3629746207721,
      397.1798199756812
    ]
  ],
  "compl_a": [
    [
      8.364617947484775e-05,
      -5.9210963382295105e-05,
      0.0
    ],
    [
      -5.9210963382295105e-05,
      8.364617947484774e-05,
      0.0
    ],
    [
      0.0,
      0.0,
      5.245315165964104e-05
    ]
  ],
  "compl_b": [
    [
      0.0,
      0.0,
      0.0
    ],
    [
      0.0,
      0.0,
      0.0
    ],
    [
      0.0,
      0.0,
      0.0
    ]
  ],
  "compl_c": [
    [
      0.0,
      0.0,
      0.0
    ],
    [
      0.0,
      0.0,
      0.0
    ],
    [
      0.0,
      0.0,
      0.0
    ]
  ],
  "compl_d": [
    [
      0.004449095549732866,
      -0.00240804730740999,
      -0.0013790775616137872
    ],
    [
      -0.002408047307409989,
      0.004449095549732866,
      -0.0013790775616137874
    ],
    [
      -0.0013790775616137876,
      -0.0013790775616137874,
      0.004381357324351029
    ]
  ],
  "compl_abcd": [
    [
      8.364617947484775e-05,
      -5.9210963382295105e-05,
      0.0,
      0.0,
      0.0,
      0.0
    ],
    [
      -5.9210963382295105e-05,
      8.364617947484774e-05,
      0.0,
      0.0,
      0.0,
      0.0
    ],
    [
      0.0,
      0.0,
      5.245315165964104e-05,
      0.0,
      0.0,
      0.0
    ],
    [
      0.0,
      0.0,
      0.0,
      0.004449095549732866,
      -0.00240804730740999,
      -0.0013790775616137872
    ],
    [
      0.0,
      0.0,
      0.0,
      -0.002408047307409989,
      0.004449095549732866,
      -0.0013790775616137874
    ],
    [
      0.0,
      0.0,
      0.0,
      -0.0013790775616137876,
      -0.0013790775616137874,
      0.004381357324351029
    ]
  ],
  "E1": 23910.237294237642,
  "E2": 23910.23729423765,
  "G12": 38129.2627176654,
  "nu12": 0.707874092445546,
  "nu21": 0.7078740924455461,
  "eta16": 0.0,
  "eta26": 0.0,
  "eta61": 0.0,
  "eta62": 0.0,
  "E1_bend": 21577.41925901413,
  "E2_bend": 21577.41925901413,
  "G12_bend": 21911.018182982738,
  "nu12_bend": 0.5412442327867233,
  "nu21_bend": 0.5412442327867233,
  "eng_compl": [
    [
      4.1823089737423875e-05,
      -2.9605481691147553e-05,
      0.0
    ],
    [
      -2.9605481691147556e-05,
      4.182308973742387e-05,
      0.0
    ],
    [
      0.0,
      0.0,
      2.622657582982052e-05
    ]
  ],
  "eng_stiff": [
    [
      47924.54088444832,
      33924.540884448325,
      0.0
    ],
    [
      33924.540884448325,
      47924.54088444833,
      0.0
    ],
    [
      0.0,
      0.0,
      38129.2627176654
    ]
  ]
}