{
  "name": "MAT_GFRP_QI8",
  "plies": [
    "gfrp-scotchply-1002_t=0.125_ang=0",
    "gfrp-scotchply-1002_t=0.125_ang=45",
    "gfrp-scotchply-1002_t=0.125_ang=-45",
    "gfrp-scotchply-1002_t=0.125_ang=90",
    "gfrp-scotchply-1002_t=0.125_ang=90",
    "gfrp-scotchply-1002_t=0.125_ang=-45",
    "gfrp-scotchply-1002_t=0.125_ang=45",
    "gfrp-scotchply-1002_t=0.125_ang=0"
  ],
  "stacking_seq": "[0,45,-45,90]_s",
  "n_plies": 8,
  "thick": 1.0,
  "rho": 1.8e-09,
  "gsm": 1800.0,
  "stiff_A": [
    [
      20450.00146578892,
      5511.200132026153,
      0.0
    ],
    [
      5511.200132026153,
      20450.00146578892,
      4.547473508864641e-13
    ],
    [
      0.0,
      4.547473508864641e-13,
      7469.400666881384
    ]
  ],
  "stiff_B": [
    [
      0.0,
      0.0,
      0.0
    ],
    [
      0.0,
      5.684341886080802e-14,
      0.0
    ],
    [
      0.0,
      0.0,
      0.0
    ]
  ],
  "stiff_D": [
    [
      2477.4948802482963,
      407.24479224882447,
      120.21770100208859
    ],
    [
      407.24479224882447,
      1034.8824682232332,
      120.21770100208859
    ],
    [
      120.21770100208865,
      120.21770100208865,
      570.428170153427
    ]
  ],
  "stiff_ABD": [
    [
      20450.00146578892,
      5511.200132026153,
      0.0,
      0.0,
      0.0,
      0.0
    ],
    [
      5511.200132026153,
      20450.00146578892,
      4.547473508864641e-13,
      0.0,
      5.684341886080802e-14,
      0.0
    ],
    [
      0.0,
      4.547473508864641e-13,
      7469.400666881384,
      0.0,
      0.0,
      0.0
    ],
    [
      0.0,
      0.0,
      0.0,
      2477.4948802482963,
      407.24479224882447,
      120.21770100208859
    ],
    [
      0.0,
      5.684341886080802e-14,
      0.0,
      407.24479224882447,
      1034.8824682232332,
      120.21770100208859
    ],
    [
      0.0,
      0.0,
      0.0,
      120.21770100208865,
      120.21770100208865,
      570.428170153427
    ]
  ],
  "compl_a": [
    [
      5.272939665912492e-05,
      -1.4210378337408976e-05,
      8.651473113075335e-22
    ],
    [
      -1.4210378337408975e-05,
      5.272939665912492e-05,
      -3.210237944644912e-21
    ],
    [
      8.651473113075335e-22,
      -3.210237944644912e-21,
      0.00013387954999306777
    ]
  ],
  "compl_b": [
    [
      -1.3241675998880995e-22,
      8.502209147275768e-22,
      -1.5127718048923147e-22
    ],
    [
      4.913490475749852e-22,
      -3.1548516722130227e-21,
      5.613330107117434e-22
    ],
    [
      -2.9914003507138417e-38,
      1.9207169415074385e-37,
      -3.4174723109727936e-38
    ]
  ],
  "compl_c": [
    [
      -1.3241675998880995e-22,
      4.913490475749852e-22,
      -2.9914003507138417e-38
    ],
    [
      8.502209147275768e-22,
      -3.154851672213023e-21,
      1.920716941507439e-37
    ],
    [
      -1.512771804892315e-22,
      5.613330107117437e-22,
      -3.417472310972795e-38
    ]
  ],
  "compl_d": [
    [
      0.0004333349251291325,
      -0.0001639295043249827,
      -5.6777175499351626e-05
    ],
    [
      -0.00016392950432498273,
      0.0010525577965342396,
      -0.00018727835672294286
    ],
    [
      -5.677717549935164e-05,
      -0.00018727835672294296,
      0.001804503790063078
    ]
  ],
  "compl_abcd": [
    [
      5.272939665912492e-05,
      -1.4210378337408976e-05,
      8.651473113075335e-22,
      -1.3241675998880995e-22,
      8.502209147275768e-22,
      -1.5127718048923147e-22
    ],
    [
      -1.4210378337408975e-05,
      5.272939665912492e-05,
      -3.210237944644912e-21,
      4.913490475749852e-22,
      -3.1548516722130227e-21,
      5.613330107117434e-22
    ],
    [
      8.651473113075335e-22,
      -3.210237944644912e-21,
      0.00013387954999306777,
      -2.9914003507138417e-38,
      1.9207169415074385e-37,
      -3.4174723109727936e-38
    ],
    [
      -1.3241675998880995e-22,
      4.913490475749852e-22,
      -2.9914003507138417e-38,
      0.0004333349251291325,
      -0.0001639295043249827,
      -5.6777175499351626e-05
    ],
    [
      8.502209147275768e-22,
      -3.154851672213023e-21,
      1.920716941507439e-37,
      -0.00016392950432498273,
      0.0010525577965342396,
      -0.00018727835672294286
    ],
    [
      -1.512771804892315e-22,
      5.613330107117437e-22,
      -3.417472310972795e-38,
      -5.677717549935164e-05,
      -0.00018727835672294296,
      0.001804503790063078
    ]
  ],
  "E1": 18964.753313310444,
  "E2": 18964.753313310444,
  "G12": 7469.4006668813845,
  "nu12": 0.2694963196577718,
  "nu21": 0.2694963196577718,
  "eta16": 0.0,
  "eta26": 0.0,
  "eta61": 0.0,
  "eta62": 0.0,
  "E1_bend": 27692.205968452778,
  "E2_bend": 11400.799119547106,
  "G12_bend": 6650.027595442473,
  "nu12_bend": 0.37829746650614926,
  "nu21_bend": 0.15574394571467134,
  "eng_compl": [
    [
      5.272939665912492e-05,
      -1.4210378337408975e-05,
      8.651473113075335e-22
    ],
    [
      -1.4210378337408975e-05,
      5.272939665912492e-05,
      -3.210237944644912e-21
    ],
    [
      8.651473113075335e-22,
      -3.210237944644912e-21,
      0.00013387954999306777
    ]
  ],
  "eng_stiff": [
    [
      20450.00146578892,
      5511.2001320261525,
      0.0
    ],
    [
      5511.2001320261525,
      20450.00146578892,
      4.547473508864641e-13
    ],
    [
      8.811343995461143e-30,
      4.547473508864641e-13,
      7469.4006668813845
    ]
  ]
}