{
  "name": "MAT_CFRP_UD12",
  "plies": [
    "cfrp-as4--3501-6_t=0.125_ang=0",
    "cfrp-as4--3501-6_t=0.125_ang=0",
    "cfrp-as4--3501-6_t=0.125_ang=0",
    "cfrp-as4--3501-6_t=0.125_ang=0",
    "cfrp-as4--3501-6_t=0.125_ang=0",
    "cfrp-as4--3501-6_t=0.125_ang=0",
    "cfrp-as4--3501-6_t=0.125_ang=0",
    "cfrp-as4--3501-6_t=0.125_ang=0",
    "cfrp-as4--3501-6_t=0.125_ang=0",
    "cfrp-as4--3501-6_t=0.125_ang=0",
    "cfrp-as4--3501-6_t=0.125_ang=0",
    "cfrp-as4--3501-6_t=0.125_ang=0"
  ],
  "stacking_seq": "[0_6]_s",
  "n_plies": 12,
  "thick": 1.5,
  "rho": 1.6e-09,
  "gsm": 2400.0,
  "stiff_A": [
    [
      221632.0876575471,
      4192.9172501744115,
      0.0
    ],
    [
      4192.9172501744115,
      15529.323148794118,
      0.0
    ],
    [
      0.0,
      0.0,
      10500.0
    ]
  ],
  "stiff_B": [
    [
      0.0,
      -5.684341886080802e-14,
      0.0
    ],
    [
      -5.684341886080802e-14,
      5.684341886080801e-13,
      0.0
    ],
    [
      0.0,
      0.0,
      0.0
    ]
  ],
  "stiff_D": [
    [
      41556.01643579008,
      786.1719844077022,
      0.0
    ],
    [
      786.1719844077022,
      2911.7480903988962,
      0.0
    ],
    [
      0.0,
      0.0,
      1968.7499999999995
    ]
  ],
  "stiff_ABD": [
    [
      221632.0876575471,
      4192.9172501744115,
      0.0,
      0.0,
      -5.684341886080802e-14,
      0.0
    ],
    [
      4192.9172501744115,
      15529.323148794118,
      0.0,
      -5.684341886080802e-14,
      5.684341886080801e-13,
      0.0
    ],
    [
      0.0,
      0.0,
      10500.0,
      0.0,
      0.0,
      0.0
    ],
    [
      0.0,
      -5.684341886080802e-14,
      0.0,
      41556.01643579008,
      786.1719844077022,
      0.0
    ],
    [
      -5.684341886080802e-14,
      5.684341886080801e-13,
      0.0,
      786.1719844077022,
      2911.7480903988962,
      0.0
    ],
    [
      0.0,
      0.0,
      0.0,
      0.0,
      0.0,
      1968.7499999999995
    ]
  ],
  "compl_a": [
    [
      4.535147392290249e-06,
      -1.2244897959183671e-06,
      0.0
    ],
    [
      -1.2244897959183671e-06,
      6.472491909385113e-05,
      0.0
    ],
    [
      0.0,
      0.0,
      9.523809523809524e-05
    ]
  ],
  "compl_b": [
    [
      -7.912675456213176e-24,
      3.2971803891560154e-22,
      0.0
    ],
    [
      3.2971803891560154e-22,
      -1.274858778530563e-20,
      0.0
    ],
    [
      0.0,
      0.0,
      0.0
    ]
  ],
  "compl_c": [
    [
      -7.912675456213174e-24,
      3.297180389156015e-22,
      0.0
    ],
    [
      3.297180389156015e-22,
      -1.2748587785305629e-20,
      0.0
    ],
    [
      0.0,
      0.0,
      0.0
    ]
  ],
  "compl_d": [
    [
      2.4187452758881328e-05,
      -6.530612244897961e-06,
      0.0
    ],
    [
      -6.530612244897961e-06,
      0.0003451995685005394,
      0.0
    ],
    [
      0.0,
      0.0,
      0.000507936507936508
    ]
  ],
  "compl_abcd": [
    [
      4.535147392290249e-06,
      -1.2244897959183671e-06,
      0.0,
      -7.912675456213176e-24,
      3.2971803891560154e-22,
      0.0
    ],
    [
      -1.2244897959183671e-06,
      6.472491909385113e-05,
      0.0,
      3.2971803891560154e-22,
      -1.274858778530563e-20,
      0.0
    ],
    [
      0.0,
      0.0,
      9.523809523809524e-05,
      0.0,
      0.0,
      0.0
    ],
    [
      -7.912675456213174e-24,
      3.297180389156015e-22,
      0.0,
      2.4187452758881328e-05,
      -6.530612244897961e-06,
      0.0
    ],
    [
      3.297180389156015e-22,
      -1.2748587785305629e-20,
      0.0,
      -6.530612244897961e-06,
      0.0003451995685005394,
      0.0
    ],
    [
      0.0,
      0.0,
      0.0,
      0.0,
      0.0,
      0.000507936507936508
    ]
  ],
  "E1": 147000.0,
  "E2": 10300.0,
  "G12": 6999.999999999999,
  "nu12": 0.26999999999999996,
  "nu21": 0.018918367346938775,
  "eta16": 0.0,
  "eta26": 0.0,
  "eta61": 0.0,
  "eta62": 0.0,
  "E1_bend": 147000.00000000003,
  "E2_bend": 10300.0,
  "G12_bend": 6999.999999999998,
  "nu12_bend": 0.27000000000000013,
  "nu21_bend": 0.018918367346938778,
  "eng_compl": [
    [
      6.8027210884353745e-06,
      -1.836734693877551e-06,
      0.0
    ],
    [
      -1.8367346938775508e-06,
      9.70873786407767e-05,
      0.0
    ],
    [
      0.0,
      0.0,
      0.00014285714285714287
    ]
  ],
  "eng_stiff": [
    [
      147754.7251050314,
      2795.278166782941,
      0.0
    ],
    [
      2795.2781667829404,
      10352.882099196077,
      0.0
    ],
    [
      0.0,
      0.0,
      6999.999999999999
    ]
  ]
}