{
  "name": "MAT_CFRP_HARD12",
  "plies": [
    "cfrp-as4--3501-6_t=0.125_ang=0",
    "cfrp-as4--3501-6_t=0.125_ang=0",
    "cfrp-as4--3501-6_t=0.125_ang=0",
    "cfrp-as4--3501-6_t=0.125_ang=0",
    "cfrp-as4--3501-6_t=0.125_ang=45",
    "cfrp-as4--3501-6_t=0.125_ang=-45",
    "cfrp-as4--3501-6_t=0.125_ang=-45",
    "cfrp-as4--3501-6_t=0.125_ang=45",
    "cfrp-as4--3501-6_t=0.125_ang=0",
    "cfrp-as4--3501-6_t=0.125_ang=0",
    "cfrp-as4--3501-6_t=0.125_ang=0",
    "cfrp-as4--3501-6_t=0.125_ang=0"
  ],
  "stacking_seq": "[0_4,45,-45]_s",
  "n_plies": 12,
  "thick": 1.5,
  "rho": 1.6e-09,
  "gsm": 2400.0,
  "stiff_A": [
    [
      171716.99554725556,
      19757.548609007114,
      0.0
    ],
    [
      19757.548609007114,
      34315.15254142024,
      0.0
    ],
    [
      0.0,
      0.0,
      26064.631358832703
    ]
  ],
  "stiff_B": [
    [
      0.0,
      5.684341886080802e-14,
      0.0
    ],
    [
      5.684341886080802e-14,
      5.684341886080801e-13,
      0.0
    ],
    [
      0.0,
      0.0,
      -2.2737367544323206e-13
    ]
  ],
  "stiff_D": [
    [
      40516.11868349234,
      1110.4351377167166,
      268.36297462077204
    ],
    [
      1110.4351377167166,
      3303.119536078607,
      268.36297462077204
    ],
    [
      268.3629746207721,
      268.3629746207721,
      2293.0131533090143
    ]
  ],
  "stiff_ABD": [
    [
      171716.99554725556,
      19757.548609007114,
      0.0,
      0.0,
      5.684341886080802e-14,
      0.0
    ],
    [
      19757.548609007114,
      34315.15254142024,
      0.0,
      5.684341886080802e-14,
      5.684341886080801e-13,
      0.0
    ],
    [
      0.0,
      0.0,
      26064.631358832703,
      0.0,
      0.0,
      -2.2737367544323206e-13
    ],
    [
      0.0,
      5.684341886080802e-14,
      0.0,
      40516.11868349234,
      1110.4351377167166,
      268.36297462077204
    ],
    [
      5.684341886080802e-14,
      5.684341886080801e-13,
      0.0,
      1110.4351377167166,
      3303.119536078607,
      268.36297462077204
    ],
    [
      0.0,
      0.0,
      -2.2737367544323206e-13,
      268.3629746207721,
      268.3629746207721,
      2293.0131533090143
    ]
  ],
  "compl_a": [
    [
      6.2366986130585764e-06,
      -3.5908881902388933e-06,
      -5.203268882385111e-40
    ],
    [
      -3.590888190238893e-06,
      3.1209161803243146e-05,
      5.403885077536798e-39
    ],
    [
      -5.203268882385113e-40,
      5.4038850775368e-39,
      3.836616701893706e-05
    ]
  ],
  "compl_b": [
    [
      -8.775570789820682e-24,
      5.1842509442854895e-22,
      -5.964687205582588e-23
    ],
    [
      9.991579190797278e-23,
      -5.39291048009065e-21,
      6.194660493433399e-22
    ],
    [
      -1.7050971298723598e-23,
      -3.064304099794624e-22,
      3.842222544936086e-21
    ]
  ],
  "compl_c": [
    [
      -8.77557078982068e-24,
      9.991579190797277e-23,
      -1.7050971298723595e-23
    ],
    [
      5.18425094428549e-22,
      -5.392910480090651e-21,
      -3.0643040997946234e-22
    ],
    [
      -5.964687205582588e-23,
      6.1946604934334e-22,
      3.842222544936086e-21
    ]
  ],
  "compl_d": [
    [
      2.4919732241842884e-05,
      -8.218655291176608e-06,
      -1.9546118535706508e-06
    ],
    [
      -8.218655291176608e-06,
      0.00030836096199216316,
      -3.512717845494279e-05
    ],
    [
      -1.954611853570651e-06,
      -3.5127178454942796e-05,
      0.00044044726830023197
    ]
  ],
  "compl_abcd": [
    [
      6.2366986130585764e-06,
      -3.5908881902388933e-06,
      -5.203268882385111e-40,
      -8.775570789820682e-24,
      5.1842509442854895e-22,
      -5.964687205582588e-23
    ],
    [
      -3.590888190238893e-06,
      3.1209161803243146e-05,
      5.403885077536798e-39,
      9.991579190797278e-23,
      -5.39291048009065e-21,
      6.194660493433399e-22
    ],
    [
      -5.203268882385113e-40,
      5.4038850775368e-39,
      3.836616701893706e-05,
      -1.7050971298723598e-23,
      -3.064304099794624e-22,
      3.842222544936086e-21
    ],
    [
      -8.77557078982068e-24,
      9.991579190797277e-23,
      -1.7050971298723595e-23,
      2.4919732241842884e-05,
      -8.218655291176608e-06,
      -1.9546118535706508e-06
    ],
    [
      5.18425094428549e-22,
      -5.392910480090651e-21,
      -3.0643040997946234e-22,
      -8.218655291176608e-06,
      0.00030836096199216316,
      -3.512717845494279e-05
    ],
    [
      -5.964687205582588e-23,
      6.1946604934334e-22,
      3.842222544936086e-21,
      -1.954611853570651e-06,
      -3.5127178454942796e-05,
      0.00044044726830023197
    ]
  ],
  "E1": 106894.16116257102,
  "E2": 21361.24868939572,
  "G12": 17376.420905888466,
  "nu12": 0.5757674713862538,
  "nu21": 0.11505878347126071,
  "eta16": 0.0,
  "eta26": 0.0,
  "eta61": 0.0,
  "eta62": 0.0,
  "E1_bend": 142680.3274228364,
  "E2_bend": 11530.498324382314,
  "G12_bend": 8072.602128461613,
  "nu12_bend": 0.3298051203526421,
  "nu21_bend": 0.026652709986634045,
  "eng_compl": [
    [
      9.355047919587865e-06,
      -5.38633228535834e-06,
      -7.804903323577667e-40
    ],
    [
      -5.3863322853583395e-06,
      4.681374270486472e-05,
      8.105827616305199e-39
    ],
    [
      -7.80490332357767e-40,
      8.105827616305201e-39,
      5.7549250528405605e-05
    ]
  ],
  "eng_stiff": [
    [
      114477.9970315037,
      13171.69907267141,
      -3.0267209366269916e-31
    ],
    [
      13171.699072671408,
      22876.768360946826,
      -3.04356278069303e-30
    ],
    [
      -3.0267209366269943e-31,
      -3.0435627806930314e-30,
      17376.420905888466
    ]
  ]
}