{
  "name": "MAT_SAND_AP_HC",
  "plies": [
    "cfrp-as4--3501-6_t=0.125_ang=45",
    "cfrp-as4--3501-6_t=0.125_ang=-45",
    "al-honeycomb-pamg-5052_t=5.0_ang=0",
    "cfrp-as4--3501-6_t=0.125_ang=-45",
    "cfrp-as4--3501-6_t=0.125_ang=45"
  ],
  "stacking_seq": "[45,-45,0,-45,45]",
  "n_plies": 5,
  "thick": 5.5,
  "rho": 2.636363636363636e-10,
  "gsm": 1450.0,
  "stiff_A": [
    [
      23962.270442224166,
      16962.270442224166,
      0.0
    ],
    [
      16962.270442224166,
      23962.270442224166,
      0.0
    ],
    [
      0.0,
      0.0,
      19064.6313588327
    ]
  ],
  "stiff_B": [
    [
      0.0,
      0.0,
      0.0
    ],
    [
      0.0,
      0.0,
      0.0
    ],
    [
      0.0,
      0.0,
      0.0
    ]
  ],
  "stiff_D": [
    [
      165239.82325783747,
      116968.98992450413,
      5635.6224670362135
    ],
    [
      116968.98992450413,
      165239.82325783747,
      5635.6224670362135
    ],
    [
      5635.6224670362135,
      5635.6224670362135,
      131466.52041195048
    ]
  ],
  "stiff_ABD": [
    [
      23962.270442224166,
      16962.270442224166,
      0.0,
      0.0,
      0.0,
      0.0
    ],
    [
      16962.270442224166,
      23962.270442224166,
      0.0,
      0.0,
      0.0,
      0.0
    ],
    [
      0.0,
      0.0,
      19064.6313588327,
      0.0,
      0.0,
      0.0
    ],
    [
      0.0,
      0.0,
      0.0,
      165239.82325783747,
      116968.98992450413,
      5635.6224670362135
    ],
    [
      0.0,
      0.0,
      0.0,
      116968.98992450413,
      165239.82325783747,
      5635.6224670362135
    ],
    [
      0.0,
      0.0,
      0.0,
      5635.6224670362135,
      5635.6224670362135,
      131466.52041195048
    ]
  ],
  "compl_a": [
    [
      8.364617947484775e-05,
      -5.9210963382295105e-05,
      0.0
    ],
    [
      -5.9210963382295105e-05,
      8.364617947484774e-05,
      0.0
    ],
    [
      0.0,
      0.0,
      5.245315165964104e-05
    ]
  ],
  "compl_b": [
    [
      0.0,
      0.0,
      0.0
    ],
    [
      0.0,
      0.0,
      0.0
    ],
    [
      0.0,
      0.0,
      0.0
    ]
  ],
  "compl_c": [
    [
      0.0,
      0.0,
      0.0
    ],
    [
      0.0,
      0.0,
      0.0
    ],
    [
      0.0,
      0.0,
      0.0
    ]
  ],
  "compl_d": [
    [
      1.2132998148209702e-05,
      -8.583445528959046e-06,
      -1.5215994480034816e-07
    ],
    [
      -8.583445528959046e-06,
      1.2132998148209702e-05,
      -1.521599448003482e-07
    ],
    [
      -1.521599448003482e-07,
      -1.5215994480034816e-07,
      7.619544724148205e-06
    ]
  ],
  "compl_abcd": [
    [
      8.364617947484775e-05,
      -5.9210963382295105e-05,
      0.0,
      0.0,
      0.0,
      0.0
    ],
    [
      -5.9210963382295105e-05,
      8.364617947484774e-05,
      0.0,
      0.0,
      0.0,
      0.0
    ],
    [
      0.0,
      0.0,
      5.245315165964104e-05,
      0.0,
      0.0,
      0.0
    ],
    [
      0.0,
      0.0,
      0.0,
      1.2132998148209702e-05,
      -8.583445528959046e-06,
      -1.5215994480034816e-07
    ],
    [
      0.0,
      0.0,
      0.0,
      -8.583445528959046e-06,
      1.2132998148209702e-05,
      -1.521599448003482e-07
    ],
    [
      0.0,
      0.0,
      0.0,
      -1.521599448003482e-07,
      -1.5215994480034816e-07,
      7.619544724148205e-06
    ]
  ],
  "E1": 2173.6579358397858,
  "E2": 2173.657935839786,
  "G12": 3466.2966106968547,
  "nu12": 0.707874092445546,
  "nu21": 0.7078740924455461,
  "eta16": 0.0,
  "eta26": 0.0,
  "eta61": 0.0,
  "eta62": 0.0,
  "E1_bend": 5944.632975749208,
  "E2_bend": 5944.632975749208,
  "G12_bend": 9465.948885104091,
  "nu12_bend": 0.7074463726202402,
  "nu21_bend": 0.7074463726202402,
  "eng_compl": [
    [
      0.0004600539871116626,
      -0.00032566029860262307,
      0.0
    ],
    [
      -0.0003256602986026231,
      0.0004600539871116625,
      0.0
    ],
    [
      0.0,
      0.0,
      0.0002884923341280257
    ]
  ],
  "eng_stiff": [
    [
      4356.776444040757,
      3084.0491713134843,
      0.0
    ],
    [
      3084.0491713134847,
      4356.776444040758,
      0.0
    ],
    [
      0.0,
      0.0,
      3466.2966106968547
    ]
  ]
}