{
  "name": "MAT_CFRPHM_QI8",
  "plies": [
    "cfrp-t300--5208_t=0.125_ang=0",
    "cfrp-t300--5208_t=0.125_ang=45",
    "cfrp-t300--5208_t=0.125_ang=-45",
    "cfrp-t300--5208_t=0.125_ang=90",
    "cfrp-t300--5208_t=0.125_ang=90",
    "cfrp-t300--5208_t=0.125_ang=-45",
    "cfrp-t300--5208_t=0.125_ang=45",
    "cfrp-t300--5208_t=0.125_ang=0"
  ],
  "stacking_seq": "[0,45,-45,90]_s",
  "n_plies": 8,
  "thick": 1.0,
  "rho": 1.6e-09,
  "gsm": 1600.0,
  "stiff_A": [
    [
      76368.21770142682,
      22607.355530042103,
      0.0
    ],
    [
      22607.355530042103,
      76368.21770142684,
      2.7284841053187847e-12
    ],
    [
      0.0,
      2.7284841053187847e-12,
      26880.431085692366
    ]
  ],
  "stiff_B": [
    [
      0.0,
      -5.684341886080802e-14,
      0.0
    ],
    [
      -2.842170943040401e-14,
      2.2737367544323206e-13,
      0.0
    ],
    [
      0.0,
      0.0,
      -2.2737367544323206e-13
    ]
  ],
  "stiff_D": [
    [
      10690.70409893539,
      1575.9708084562312,
      669.7850785726462
    ],
    [
      1575.9708084562312,
      2653.283156063634,
      669.7850785726462
    ],
    [
      669.7850785726463,
      669.7850785726463,
      1932.0604380937539
    ]
  ],
  "stiff_ABD": [
    [
      76368.21770142682,
      22607.355530042103,
      0.0,
      0.0,
      -5.684341886080802e-14,
      0.0
    ],
    [
      22607.355530042103,
      76368.21770142684,
      2.7284841053187847e-12,
      -2.842170943040401e-14,
      2.2737367544323206e-13,
      0.0
    ],
    [
      0.0,
      2.7284841053187847e-12,
      26880.431085692366,
      0.0,
      0.0,
      -2.2737367544323206e-13
    ],
    [
      0.0,
      -5.684341886080802e-14,
      0.0,
      10690.70409893539,
      1575.9708084562312,
      669.7850785726462
    ],
    [
      -2.842170943040401e-14,
      2.2737367544323206e-13,
      0.0,
      1575.9708084562312,
      2653.283156063634,
      669.7850785726462
    ],
    [
      0.0,
      0.0,
      -2.2737367544323206e-13,
      669.7850785726463,
      669.7850785726463,
      1932.0604380937539
    ]
  ],
  "compl_a": [
    [
      1.4352197577579872e-05,
      -4.24869458839937e-06,
      4.3126152314469205e-22
    ],
    [
      -4.24869458839937e-06,
      1.4352197577579869e-05,
      -1.4568123123466192e-21
    ],
    [
      4.3126152314469205e-22,
      -1.4568123123466192e-21,
      3.720178433195848e-05
    ]
  ],
  "compl_b": [
    [
      -1.1425751450920055e-22,
      7.993946014392315e-22,
      -2.3751565352439388e-22
    ],
    [
      2.4228089196654677e-22,
      -1.5820950361985462e-21,
      4.644717650512888e-22
    ],
    [
      -1.3434165272188278e-22,
      -1.1366140349932813e-21,
      4.818676169855266e-21
    ]
  ],
  "compl_c": [
    [
      -1.0338004466687037e-22,
      2.7737846247210105e-22,
      -1.3434165272188276e-22
    ],
    [
      6.248736371922374e-22,
      -1.551698867263015e-21,
      -1.136614034993281e-21
    ],
    [
      -1.8078555927026601e-22,
      4.417671288232191e-22,
      4.818676169855266e-21
    ]
  ],
  "compl_d": [
    [
      0.00010295825943607287,
      -5.714491746517272e-05,
      -1.588205640291977e-05
    ],
    [
      -5.714491746517272e-05,
      0.0004447543179678801,
      -0.0001343720867383157
    ],
    [
      -1.588205640291977e-05,
      -0.00013437208673831576,
      0.0005696705762246498
    ]
  ],
  "compl_abcd": [
    [
      1.4352197577579872e-05,
      -4.24869458839937e-06,
      4.3126152314469205e-22,
      -1.1425751450920055e-22,
      7.993946014392315e-22,
      -2.3751565352439388e-22
    ],
    [
      -4.24869458839937e-06,
      1.4352197577579869e-05,
      -1.4568123123466192e-21,
      2.4228089196654677e-22,
      -1.5820950361985462e-21,
      4.644717650512888e-22
    ],
    [
      4.3126152314469205e-22,
      -1.4568123123466192e-21,
      3.720178433195848e-05,
      -1.3434165272188278e-22,
      -1.1366140349932813e-21,
      4.818676169855266e-21
    ],
    [
      -1.0338004466687037e-22,
      2.7737846247210105e-22,
      -1.3434165272188276e-22,
      0.00010295825943607287,
      -5.714491746517272e-05,
      -1.588205640291977e-05
    ],
    [
      6.248736371922374e-22,
      -1.551698867263015e-21,
      -1.136614034993281e-21,
      -5.714491746517272e-05,
      0.0004447543179678801,
      -0.0001343720867383157
    ],
    [
      -1.8078555927026601e-22,
      4.417671288232191e-22,
      4.818676169855266e-21,
      -1.588205640291977e-05,
      -0.00013437208673831576,
      0.0005696705762246498
    ]
  ],
  "E1": 69675.74091664812,
  "E2": 69675.74091664814,
  "G12": 26880.431085692366,
  "nu12": 0.29603094337527947,
  "nu21": 0.2960309433752795,
  "eta16": 0.0,
  "eta26": 0.0,
  "eta61": 0.0,
  "eta62": 0.0,
  "E1_bend": 116552.0868915897,
  "E2_bend": 26981.188299259262,
  "G12_bend": 21064.805697929878,
  "nu12_bend": 0.5550299488177944,
  "nu21_bend": 0.12848648153945455,
  "eng_compl": [
    [
      1.4352197577579872e-05,
      -4.24869458839937e-06,
      4.3126152314469205e-22
    ],
    [
      -4.24869458839937e-06,
      1.4352197577579869e-05,
      -1.4568123123466192e-21
    ],
    [
      4.3126152314469205e-22,
      -1.4568123123466192e-21,
      3.720178433195848e-05
    ]
  ],
  "eng_stiff": [
    [
      76368.21770142682,
      22607.355530042103,
      -2.147049533259833e-28
    ],
    [
      22607.355530042103,
      76368.21770142684,
      2.7284841053187843e-12
    ],
    [
      2.5832175212353367e-29,
      2.7284841053187847e-12,
      26880.431085692366
    ]
  ]
}