{
  "name": "MAT_CFRP_CRS8",
  "plies": [
    "cfrp-as4--3501-6_t=0.125_ang=0",
    "cfrp-as4--3501-6_t=0.125_ang=90",
    "cfrp-as4--3501-6_t=0.125_ang=0",
    "cfrp-as4--3501-6_t=0.125_ang=90",
    "cfrp-as4--3501-6_t=0.125_ang=90",
    "cfrp-as4--3501-6_t=0.125_ang=0",
    "cfrp-as4--3501-6_t=0.125_ang=90",
    "cfrp-as4--3501-6_t=0.125_ang=0"
  ],
  "stacking_seq": "[0,90,0,90]_s",
  "n_plies": 8,
  "thick": 1.0,
  "rho": 1.6e-09,
  "gsm": 1600.0,
  "stiff_A": [
    [
      79053.80360211374,
      2795.278166782941,
      1.972414930752437e-13
    ],
    [
      2795.278166782941,
      79053.80360211374,
      4.00947668777584e-12
    ],
    [
      1.972414930752437e-13,
      4.00947668777584e-12,
      7000.0
    ]
  ],
  "stiff_B": [
    [
      0.0,
      -2.842170943040401e-14,
      0.0
    ],
    [
      -2.842170943040401e-14,
      -3.410605131648481e-13,
      0.0
    ],
    [
      0.0,
      0.0,
      0.0
    ]
  ],
  "stiff_D": [
    [
      8734.720763808988,
      232.93984723191176,
      1.0272994431002275e-14
    ],
    [
      232.93984723191176,
      4440.913169876634,
      2.0882691082165833e-13
    ],
    [
      1.0272994431002275e-14,
      2.0882691082165833e-13,
      583.3333333333334
    ]
  ],
  "stiff_ABD": [
    [
      79053.80360211374,
      2795.278166782941,
      1.972414930752437e-13,
      0.0,
      -2.842170943040401e-14,
      0.0
    ],
    [
      2795.278166782941,
      79053.80360211374,
      4.00947668777584e-12,
      -2.842170943040401e-14,
      -3.410605131648481e-13,
      0.0
    ],
    [
      1.972414930752437e-13,
      4.00947668777584e-12,
      7000.0,
      0.0,
      0.0,
      0.0
    ],
    [
      0.0,
      -2.842170943040401e-14,
      0.0,
      8734.720763808988,
      232.93984723191176,
      1.0272994431002275e-14
    ],
    [
      -2.842170943040401e-14,
      -3.410605131648481e-13,
      0.0,
      232.93984723191176,
      4440.913169876634,
      2.0882691082165833e-13
    ],
    [
      0.0,
      0.0,
      0.0,
      1.0272994431002275e-14,
      2.0882691082165833e-13,
      583.3333333333334
    ]
  ],
  "compl_a": [
    [
      1.2665447980593288e-05,
      -4.47839934316973e-07,
      -1.0036401338001185e-22
    ],
    [
      -4.4783993431697295e-07,
      1.2665447980593286e-05,
      -7.24192654301757e-21
    ],
    [
      -1.0036401338001189e-22,
      -7.24192654301757e-21,
      0.00014285714285714287
    ]
  ],
  "compl_b": [
    [
      -2.7054629611461933e-24,
      4.680644873565413e-23,
      -1.6708547811541417e-38
    ],
    [
      1.536947933018034e-23,
      9.690294501280884e-22,
      -3.47172543670329e-37
    ],
    [
      -8.727134217670637e-39,
      -5.563618805558547e-37,
      1.9932511991421313e-52
    ]
  ],
  "compl_c": [
    [
      -2.7054629611461933e-24,
      1.5369479330180337e-23,
      -8.727134217670642e-39
    ],
    [
      4.680644873565413e-23,
      9.690294501280884e-22,
      -5.563618805558545e-37
    ],
    [
      -1.670854781154142e-38,
      -3.47172543670329e-37,
      1.9932511991421306e-52
    ]
  ],
  "compl_d": [
    [
      0.00011464599966404649,
      -6.013542851646131e-06,
      1.337689040871245e-22
    ],
    [
      -6.013542851646131e-06,
      0.00022549434214247502,
      -8.061858820311357e-20
    ],
    [
      1.3376890408712454e-22,
      -8.061858820311357e-20,
      0.0017142857142857142
    ]
  ],
  "compl_abcd": [
    [
      1.2665447980593288e-05,
      -4.47839934316973e-07,
      -1.0036401338001185e-22,
      -2.7054629611461933e-24,
      4.680644873565413e-23,
      -1.6708547811541417e-38
    ],
    [
      -4.4783993431697295e-07,
      1.2665447980593286e-05,
      -7.24192654301757e-21,
      1.536947933018034e-23,
      9.690294501280884e-22,
      -3.47172543670329e-37
    ],
    [
      -1.0036401338001189e-22,
      -7.24192654301757e-21,
      0.00014285714285714287,
      -8.727134217670637e-39,
      -5.563618805558547e-37,
      1.9932511991421313e-52
    ],
    [
      -2.7054629611461933e-24,
      1.5369479330180337e-23,
      -8.727134217670642e-39,
      0.00011464599966404649,
      -6.013542851646131e-06,
      1.337689040871245e-22
    ],
    [
      4.680644873565413e-23,
      9.690294501280884e-22,
      -5.563618805558545e-37,
      -6.013542851646131e-06,
      0.00022549434214247502,
      -8.061858820311357e-20
    ],
    [
      -1.670854781154142e-38,
      -3.47172543670329e-37,
      1.9932511991421306e-52,
      1.3376890408712454e-22,
      -8.061858820311357e-20,
      0.0017142857142857142
    ]
  ],
  "E1": 78954.9648407428,
  "E2": 78954.96484074282,
  "G12": 6999.999999999999,
  "nu12": 0.035359186268277165,
  "nu21": 0.03535918626827717,
  "eta16": 0.0,
  "eta26": 0.0,
  "eta61": 0.0,
  "eta62": 0.0,
  "E1_bend": 104670.02804427773,
  "E2_bend": 53216.41281987461,
  "G12_bend": 7000.0,
  "nu12_bend": 0.0524531415772722,
  "nu21_bend": 0.026668264908600543,
  "eng_compl": [
    [
      1.2665447980593288e-05,
      -4.4783993431697295e-07,
      -1.0036401338001185e-22
    ],
    [
      -4.4783993431697295e-07,
      1.2665447980593286e-05,
      -7.24192654301757e-21
    ],
    [
      -1.0036401338001189e-22,
      -7.24192654301757e-21,
      0.00014285714285714287
    ]
  ],
  "eng_stiff": [
    [
      79053.80360211374,
      2795.27816678294,
      1.972414930752436e-13
    ],
    [
      2795.27816678294,
      79053.80360211374,
      4.00947668777584e-12
    ],
    [
      1.9724149307524363e-13,
      4.00947668777584e-12,
      6999.999999999999
    ]
  ]
}