{
  "name": "MAT_CFRP_QI4",
  "plies": [
    "cfrp-as4--3501-6_t=0.125_ang=0",
    "cfrp-as4--3501-6_t=0.125_ang=45",
    "cfrp-as4--3501-6_t=0.125_ang=-45",
    "cfrp-as4--3501-6_t=0.125_ang=90"
  ],
  "stacking_seq": "[0,45,-45,90]",
  "n_plies": 4,
  "thick": 0.5,
  "rho": 1.6e-09,
  "gsm": 800.0,
  "stiff_A": [
    [
      31744.586121640517,
      9179.954762807818,
      4.9310373268810926e-14
    ],
    [
      9179.954762807818,
      31744.586121640517,
      1.00236917194396e-12
    ],
    [
      4.9310373268810926e-14,
      1.00236917194396e-12,
      11282.31567941635
    ]
  ],
  "stiff_B": [
    [
      -3220.355695449265,
      1.4210854715202004e-14,
      -536.7259492415442
    ],
    [
      1.4210854715202004e-14,
      3220.355695449265,
      -536.725949241544
    ],
    [
      -536.7259492415443,
      -536.7259492415441,
      0.0
    ]
  ],
  "stiff_D": [
    [
      782.9442266917246,
      69.65037506761577,
      1.797774025425398e-15
    ],
    [
      69.65037506761577,
      782.9442266917246,
      3.6544709393790206e-14
    ],
    [
      1.797774025425398e-15,
      3.6544709393790206e-14,
      113.44956083029348
    ]
  ],
  "stiff_ABD": [
    [
      31744.586121640517,
      9179.954762807818,
      4.9310373268810926e-14,
      -3220.355695449265,
      1.4210854715202004e-14,
      -536.7259492415442
    ],
    [
      9179.954762807818,
      31744.586121640517,
      1.00236917194396e-12,
      1.4210854715202004e-14,
      3220.355695449265,
      -536.725949241544
    ],
    [
      4.9310373268810926e-14,
      1.00236917194396e-12,
      11282.31567941635,
      -536.7259492415443,
      -536.7259492415441,
      0.0
    ],
    [
      -3220.355695449265,
      1.4210854715202004e-14,
      -536.7259492415442,
      782.9442266917246,
      69.65037506761577,
      1.797774025425398e-15
    ],
    [
      1.4210854715202004e-14,
      3220.355695449265,
      -536.725949241544,
      69.65037506761577,
      782.9442266917246,
      3.6544709393790206e-14
    ],
    [
      -536.7259492415443,
      -536.7259492415441,
      0.0,
      1.797774025425398e-15,
      3.6544709393790206e-14,
      113.44956083029348
    ]
  ],
  "compl_a": [
    [
      7.540931302657285e-05,
      -2.847620564550473e-05,
      1.985612514531379e-05
    ],
    [
      -2.847620564550473e-05,
      7.540931302657284e-05,
      -1.9856125145313787e-05
    ],
    [
      1.985612514531379e-05,
      -1.9856125145313794e-05,
      0.00010187170323581499
    ]
  ],
  "compl_b": [
    [
      0.00031464012184205276,
      0.00010274806737443195,
      0.00022203890808921296
    ],
    [
      -0.00010274806737443196,
      -0.0003146401218420527,
      0.00022203890808921293
    ],
    [
      0.00013912939640549492,
      0.00013912939640549492,
      -1.9680765122547786e-20
    ]
  ],
  "compl_c": [
    [
      0.0003146401218420527,
      -0.00010274806737443195,
      0.0001391293964054949
    ],
    [
      0.00010274806737443193,
      -0.00031464012184205276,
      0.00013912939640549487
    ],
    [
      0.00022203890808921301,
      0.00022203890808921293,
      -9.467606057556206e-21
    ]
  ],
  "compl_d": [
    [
      0.0026415885615836835,
      0.000282998507015511,
      0.0010024539825323584
    ],
    [
      0.000282998507015511,
      0.0026415885615836835,
      -0.0010024539825323588
    ],
    [
      0.0010024539825323584,
      -0.0010024539825323586,
      0.0109154066209026
    ]
  ],
  "compl_abcd": [
    [
      7.540931302657285e-05,
      -2.847620564550473e-05,
      1.985612514531379e-05,
      0.00031464012184205276,
      0.00010274806737443195,
      0.00022203890808921296
    ],
    [
      -2.847620564550473e-05,
      7.540931302657284e-05,
      -1.9856125145313787e-05,
      -0.00010274806737443196,
      -0.0003146401218420527,
      0.00022203890808921293
    ],
    [
      1.985612514531379e-05,
      -1.9856125145313794e-05,
      0.00010187170323581499,
      0.00013912939640549492,
      0.00013912939640549492,
      -1.9680765122547786e-20
    ],
    [
      0.0003146401218420527,
      -0.00010274806737443195,
      0.0001391293964054949,
      0.0026415885615836835,
      0.000282998507015511,
      0.0010024539825323584
    ],
    [
      0.00010274806737443193,
      -0.00031464012184205276,
      0.00013912939640549487,
      0.000282998507015511,
      0.0026415885615836835,
      -0.0010024539825323588
    ],
    [
      0.00022203890808921301,
      0.00022203890808921293,
      -9.467606057556206e-21,
      0.0010024539825323584,
      -0.0010024539825323586,
      0.0109154066209026
    ]
  ],
  "E1": 26521.92308521942,
  "E2": 26521.923085219423,
  "G12": 19632.537166580532,
  "nu12": 0.3776218679444837,
  "nu21": 0.3776218679444838,
  "eta16": 0.2633113119372518,
  "eta26": -0.2633113119372519,
  "eta61": 0.19491305744982362,
  "eta62": -0.1949130574498236,
  "E1_bend": 36341.7685085849,
  "E2_bend": 36341.7685085849,
  "G12_bend": 8794.908273610583,
  "nu12_bend": -0.10713193989825877,
  "nu21_bend": -0.10713193989825877,
  "eng_compl": [
    [
      3.7704656513286426e-05,
      -1.4238102822752367e-05,
      9.928062572656895e-06
    ],
    [
      -1.4238102822752364e-05,
      3.770465651328642e-05,
      -9.928062572656894e-06
    ],
    [
      9.928062572656895e-06,
      -9.928062572656897e-06,
      5.093585161790749e-05
    ]
  ],
  "eng_stiff": [
    [
      31707.868718055302,
      10905.972802413897,
      -4054.5611336706656
    ],
    [
      10905.972802413895,
      31707.868718055313,
      4054.561133670666
    ],
    [
      -4054.5611336706656,
      4054.561133670668,
      21213.110980942478
    ]
  ]
}