{
  "name": "MAT_GFRP_AP8",
  "plies": [
    "gfrp-scotchply-1002_t=0.125_ang=45",
    "gfrp-scotchply-1002_t=0.125_ang=-45",
    "gfrp-scotchply-1002_t=0.125_ang=45",
    "gfrp-scotchply-1002_t=0.125_ang=-45",
    "gfrp-scotchply-1002_t=0.125_ang=-45",
    "gfrp-scotchply-1002_t=0.125_ang=45",
    "gfrp-scotchply-1002_t=0.125_ang=-45",
    "gfrp-scotchply-1002_t=0.125_ang=45"
  ],
  "stacking_seq": "[45,-45,45,-45]_s",
  "n_plies": 8,
  "thick": 1.0,
  "rho": 1.8e-09,
  "gsm": 1800.0,
  "stiff_A": [
    [
      17120.60079890754,
      8840.600798907535,
      0.0
    ],
    [
      8840.600798907535,
      17120.60079890754,
      0.0
    ],
    [
      0.0,
      0.0,
      10798.801333762765
    ]
  ],
  "stiff_B": [
    [
      0.0,
      5.684341886080802e-14,
      0.0
    ],
    [
      5.684341886080802e-14,
      0.0,
      0.0
    ],
    [
      0.0,
      0.0,
      0.0
    ]
  ],
  "stiff_D": [
    [
      1426.7167332422946,
      736.7167332422947,
      240.4354020041772
    ],
    [
      736.7167332422947,
      1426.7167332422946,
      240.4354020041772
    ],
    [
      240.43540200417726,
      240.43540200417726,
      899.9001111468972
    ]
  ],
  "stiff_ABD": [
    [
      17120.60079890754,
      8840.600798907535,
      0.0,
      0.0,
      5.684341886080802e-14,
      0.0
    ],
    [
      8840.600798907535,
      17120.60079890754,
      0.0,
      5.684341886080802e-14,
      0.0,
      0.0
    ],
    [
      0.0,
      0.0,
      10798.801333762765,
      0.0,
      0.0,
      0.0
    ],
    [
      0.0,
      5.684341886080802e-14,
      0.0,
      1426.7167332422946,
      736.7167332422947,
      240.4354020041772
    ],
    [
      5.684341886080802e-14,
      0.0,
      0.0,
      736.7167332422947,
      1426.7167332422946,
      240.4354020041772
    ],
    [
      0.0,
      0.0,
      0.0,
      240.43540200417726,
      240.43540200417726,
      899.9001111468972
    ]
  ],
  "compl_a": [
    [
      7.964598259080962e-05,
      -4.112696426909368e-05,
      0.0
    ],
    [
      -4.112696426909368e-05,
      7.964598259080962e-05,
      0.0
    ],
    [
      0.0,
      0.0,
      9.260287036427561e-05
    ]
  ],
  "compl_b": [
    [
      4.436758650682983e-21,
      -5.512730052812081e-21,
      2.8747814719813725e-22
    ],
    [
      -5.512730052812081e-21,
      4.436758650682984e-21,
      2.874781471981373e-22
    ],
    [
      0.0,
      0.0,
      0.0
    ]
  ],
  "compl_c": [
    [
      4.436758650682983e-21,
      -5.51273005281208e-21,
      0.0
    ],
    [
      -5.51273005281208e-21,
      4.436758650682984e-21,
      0.0
    ],
    [
      2.874781471981374e-22,
      2.874781471981373e-22,
      0.0
    ]
  ],
  "compl_d": [
    [
      0.0009703434378148903,
      -0.0004789319245039509,
      -0.00013129537744118564
    ],
    [
      -0.0004789319245039509,
      0.0009703434378148903,
      -0.00013129537744118564
    ],
    [
      -0.00013129537744118567,
      -0.00013129537744118567,
      0.0011813934686126292
    ]
  ],
  "compl_abcd": [
    [
      7.964598259080962e-05,
      -4.112696426909368e-05,
      0.0,
      4.436758650682983e-21,
      -5.512730052812081e-21,
      2.8747814719813725e-22
    ],
    [
      -4.112696426909368e-05,
      7.964598259080962e-05,
      0.0,
      -5.512730052812081e-21,
      4.436758650682984e-21,
      2.874781471981373e-22
    ],
    [
      0.0,
      0.0,
      9.260287036427561e-05,
      0.0,
      0.0,
      0.0
    ],
    [
      4.436758650682983e-21,
      -5.51273005281208e-21,
      0.0,
      0.0009703434378148903,
      -0.0004789319245039509,
      -0.00013129537744118564
    ],
    [
      -5.51273005281208e-21,
      4.436758650682984e-21,
      0.0,
      -0.0004789319245039509,
      0.0009703434378148903,
      -0.00013129537744118564
    ],
    [
      2.874781471981374e-22,
      2.874781471981373e-22,
      0.0,
      -0.00013129537744118567,
      -0.00013129537744118567,
      0.0011813934686126292
    ]
  ],
  "E1": 12555.561090100611,
  "E2": 12555.561090100611,
  "G12": 10798.801333762765,
  "nu12": 0.5163721123309908,
  "nu21": 0.5163721123309908,
  "eta16": 0.0,
  "eta26": 0.0,
  "eta61": 0.0,
  "eta62": 0.0,
  "E1_bend": 12366.755452093043,
  "E2_bend": 12366.755452093043,
  "G12_bend": 10157.496480907597,
  "nu12_bend": 0.49356949904505404,
  "nu21_bend": 0.49356949904505404,
  "eng_compl": [
    [
      7.964598259080962e-05,
      -4.112696426909368e-05,
      0.0
    ],
    [
      -4.112696426909368e-05,
      7.964598259080962e-05,
      0.0
    ],
    [
      0.0,
      0.0,
      9.260287036427561e-05
    ]
  ],
  "eng_stiff": [
    [
      17120.600798907537,
      8840.600798907535,
      0.0
    ],
    [
      8840.600798907535,
      17120.60079890754,
      0.0
    ],
    [
      0.0,
      0.0,
      10798.801333762765
    ]
  ]
}