{
  "name": "MAT_CFRP_SOFT8",
  "plies": [
    "cfrp-as4--3501-6_t=0.125_ang=45",
    "cfrp-as4--3501-6_t=0.125_ang=-45",
    "cfrp-as4--3501-6_t=0.125_ang=0",
    "cfrp-as4--3501-6_t=0.125_ang=90",
    "cfrp-as4--3501-6_t=0.125_ang=90",
    "cfrp-as4--3501-6_t=0.125_ang=0",
    "cfrp-as4--3501-6_t=0.125_ang=-45",
    "cfrp-as4--3501-6_t=0.125_ang=45"
  ],
  "stacking_seq": "[45,-45,0,90]_s",
  "n_plies": 8,
  "thick": 1.0,
  "rho": 1.6e-09,
  "gsm": 1600.0,
  "stiff_A": [
    [
      63489.172243281035,
      18359.909525615636,
      0.0
    ],
    [
      18359.909525615636,
      63489.172243281035,
      1.8189894035458565e-12
    ],
    [
      0.0,
      1.8189894035458565e-12,
      22564.6313588327
    ]
  ],
  "stiff_B": [
    [
      0.0,
      0.0,
      0.0
    ],
    [
      0.0,
      0.0,
      0.0
    ],
    [
      0.0,
      0.0,
      4.547473508864641e-13
    ]
  ],
  "stiff_D": [
    [
      4854.700842921253,
      2502.781920395013,
      805.0889238623162
    ],
    [
      2502.781920395013,
      3781.2489444381654,
      805.0889238623162
    ],
    [
      805.0889238623163,
      805.0889238623163,
      2853.1754064964352
    ]
  ],
  "stiff_ABD": [
    [
      63489.172243281035,
      18359.909525615636,
      0.0,
      0.0,
      0.0,
      0.0
    ],
    [
      18359.909525615636,
      63489.172243281035,
      1.8189894035458565e-12,
      0.0,
      0.0,
      0.0
    ],
    [
      0.0,
      1.8189894035458565e-12,
      22564.6313588327,
      0.0,
      0.0,
      4.547473508864641e-13
    ],
    [
      0.0,
      0.0,
      0.0,
      4854.700842921253,
      2502.781920395013,
      805.0889238623162
    ],
    [
      0.0,
      0.0,
      0.0,
      2502.781920395013,
      3781.2489444381654,
      805.0889238623162
    ],
    [
      0.0,
      0.0,
      4.547473508864641e-13,
      805.0889238623163,
      805.0889238623163,
      2853.1754064964352
    ]
  ],
  "compl_a": [
    [
      1.7188089832172214e-05,
      -4.9704817858958995e-06,
      4.0068253521559166e-22
    ],
    [
      -4.9704817858958995e-06,
      1.7188089832172214e-05,
      -1.385573412422587e-21
    ],
    [
      4.0068253521559166e-22,
      -1.385573412422587e-21,
      4.431714323613623e-05
    ]
  ],
  "compl_b": [
    [
      5.833397165858286e-39,
      1.0731350061423217e-38,
      -6.853606529405305e-38
    ],
    [
      -2.0172079655944028e-38,
      -3.710936219495326e-38,
      2.3699997259027798e-37
    ],
    [
      6.451978188006461e-22,
      1.1869316378696653e-21,
      -7.580371879307066e-21
    ]
  ],
  "compl_c": [
    [
      5.833397165858286e-39,
      -2.017207965594403e-38,
      6.451978188006461e-22
    ],
    [
      1.0731350061423215e-38,
      -3.7109362194953254e-38,
      1.1869316378696653e-21
    ],
    [
      -6.853606529405305e-38,
      2.3699997259027798e-37,
      -7.580371879307066e-21
    ]
  ],
  "compl_d": [
    [
      0.0003154079151361469,
      -0.00020194979707824768,
      -3.2014811975000036e-05
    ],
    [
      -0.00020194979707824768,
      0.0004106718757523569,
      -5.889572485569307e-05
    ],
    [
      -3.2014811975000036e-05,
      -5.889572485569308e-05,
      0.0003761391829682831
    ]
  ],
  "compl_abcd": [
    [
      1.7188089832172214e-05,
      -4.9704817858958995e-06,
      4.0068253521559166e-22,
      5.833397165858286e-39,
      1.0731350061423217e-38,
      -6.853606529405305e-38
    ],
    [
      -4.9704817858958995e-06,
      1.7188089832172214e-05,
      -1.385573412422587e-21,
      -2.0172079655944028e-38,
      -3.710936219495326e-38,
      2.3699997259027798e-37
    ],
    [
      4.0068253521559166e-22,
      -1.385573412422587e-21,
      4.431714323613623e-05,
      6.451978188006461e-22,
      1.1869316378696653e-21,
      -7.580371879307066e-21
    ],
    [
      5.833397165858286e-39,
      -2.017207965594403e-38,
      6.451978188006461e-22,
      0.0003154079151361469,
      -0.00020194979707824768,
      -3.2014811975000036e-05
    ],
    [
      1.0731350061423215e-38,
      -3.7109362194953254e-38,
      1.1869316378696653e-21,
      -0.00020194979707824768,
      0.0004106718757523569,
      -5.889572485569307e-05
    ],
    [
      -6.853606529405305e-38,
      2.3699997259027798e-37,
      -7.580371879307066e-21,
      -3.2014811975000036e-05,
      -5.889572485569308e-05,
      0.0003761391829682831
    ]
  ],
  "E1": 58179.82159531342,
  "E2": 58179.82159531342,
  "G12": 22564.6313588327,
  "nu12": 0.28918174354617826,
  "nu21": 0.28918174354617826,
  "eta16": 0.0,
  "eta26": 0.0,
  "eta61": 0.0,
  "eta62": 0.0,
  "E1_bend": 38045.969755769,
  "E2_bend": 29220.408575619706,
  "G12_bend": 31903.08413311959,
  "nu12_bend": 0.6402813226518915,
  "nu21_bend": 0.491754631865824,
  "eng_compl": [
    [
      1.7188089832172214e-05,
      -4.9704817858958995e-06,
      4.006825352155916e-22
    ],
    [
      -4.9704817858958995e-06,
      1.7188089832172214e-05,
      -1.3855734124225868e-21
    ],
    [
      4.0068253521559166e-22,
      -1.385573412422587e-21,
      4.431714323613623e-05
    ]
  ],
  "eng_stiff": [
    [
      63489.172243281035,
      18359.909525615636,
      0.0
    ],
    [
      18359.909525615636,
      63489.172243281035,
      1.8189894035458565e-12
    ],
    [
      -7.555984440528973e-29,
      1.8189894035458565e-12,
      22564.6313588327
    ]
  ]
}