{
  "name": "MAT_CFRP_UD4",
  "plies": [
    "cfrp-as4--3501-6_t=0.125_ang=0",
    "cfrp-as4--3501-6_t=0.125_ang=0",
    "cfrp-as4--3501-6_t=0.125_ang=0",
    "cfrp-as4--3501-6_t=0.125_ang=0"
  ],
  "stacking_seq": "[0_2]_s",
  "n_plies": 4,
  "thick": 0.5,
  "rho": 1.6e-09,
  "gsm": 800.0,
  "stiff_A": [
    [
      73877.3625525157,
      1397.6390833914704,
      0.0
    ],
    [
      1397.6390833914704,
      5176.441049598038,
      0.0
    ],
    [
      0.0,
      0.0,
      3500.0
    ]
  ],
  "stiff_B": [
    [
      0.0,
      0.0,
      0.0
    ],
    [
      0.0,
      0.0,
      0.0
    ],
    [
      0.0,
      0.0,
      0.0
    ]
  ],
  "stiff_D": [
    [
      1539.111719844077,
      29.11748090398897,
      0.0
    ],
    [
      29.11748090398897,
      107.84252186662579,
      0.0
    ],
    [
      0.0,
      0.0,
      72.91666666666666
    ]
  ],
  "stiff_ABD": [
    [
      73877.3625525157,
      1397.6390833914704,
      0.0,
      0.0,
      0.0,
      0.0
    ],
    [
      1397.6390833914704,
      5176.441049598038,
      0.0,
      0.0,
      0.0,
      0.0
    ],
    [
      0.0,
      0.0,
      3500.0,
      0.0,
      0.0,
      0.0
    ],
    [
      0.0,
      0.0,
      0.0,
      1539.111719844077,
      29.11748090398897,
      0.0
    ],
    [
      0.0,
      0.0,
      0.0,
      29.11748090398897,
      107.84252186662579,
      0.0
    ],
    [
      0.0,
      0.0,
      0.0,
      0.0,
      0.0,
      72.91666666666666
    ]
  ],
  "compl_a": [
    [
      1.3605442176870749e-05,
      -3.673469387755103e-06,
      0.0
    ],
    [
      -3.673469387755102e-06,
      0.0001941747572815534,
      0.0
    ],
    [
      0.0,
      0.0,
      0.00028571428571428574
    ]
  ],
  "compl_b": [
    [
      0.0,
      0.0,
      0.0
    ],
    [
      0.0,
      0.0,
      0.0
    ],
    [
      0.0,
      0.0,
      0.0
    ]
  ],
  "compl_c": [
    [
      0.0,
      0.0,
      0.0
    ],
    [
      0.0,
      0.0,
      0.0
    ],
    [
      0.0,
      0.0,
      0.0
    ]
  ],
  "compl_d": [
    [
      0.0006530612244897959,
      -0.00017632653061224496,
      0.0
    ],
    [
      -0.00017632653061224496,
      0.009320388349514565,
      0.0
    ],
    [
      0.0,
      0.0,
      0.013714285714285715
    ]
  ],
  "compl_abcd": [
    [
      1.3605442176870749e-05,
      -3.673469387755103e-06,
      0.0,
      0.0,
      0.0,
      0.0
    ],
    [
      -3.673469387755102e-06,
      0.0001941747572815534,
      0.0,
      0.0,
      0.0,
      0.0
    ],
    [
      0.0,
      0.0,
      0.00028571428571428574,
      0.0,
      0.0,
      0.0
    ],
    [
      0.0,
      0.0,
      0.0,
      0.0006530612244897959,
      -0.00017632653061224496,
      0.0
    ],
    [
      0.0,
      0.0,
      0.0,
      -0.00017632653061224496,
      0.009320388349514565,
      0.0
    ],
    [
      0.0,
      0.0,
      0.0,
      0.0,
      0.0,
      0.013714285714285715
    ]
  ],
  "E1": 147000.0,
  "E2": 10300.0,
  "G12": 6999.999999999999,
  "nu12": 0.26999999999999996,
  "nu21": 0.018918367346938778,
  "eta16": 0.0,
  "eta26": 0.0,
  "eta61": 0.0,
  "eta62": 0.0,
  "E1_bend": 147000.0,
  "E2_bend": 10299.999999999998,
  "G12_bend": 6999.999999999999,
  "nu12_bend": 0.2700000000000001,
  "nu21_bend": 0.018918367346938778,
  "eng_compl": [
    [
      6.8027210884353745e-06,
      -1.8367346938775512e-06,
      0.0
    ],
    [
      -1.8367346938775508e-06,
      9.70873786407767e-05,
      0.0
    ],
    [
      0.0,
      0.0,
      0.00014285714285714287
    ]
  ],
  "eng_stiff": [
    [
      147754.7251050314,
      2795.278166782941,
      0.0
    ],
    [
      2795.2781667829404,
      10352.882099196077,
      0.0
    ],
    [
      0.0,
      0.0,
      6999.999999999999
    ]
  ]
}