{
  "name": "MAT_CFRP_AP8",
  "plies": [
    "cfrp-as4--3501-6_t=0.125_ang=45",
    "cfrp-as4--3501-6_t=0.125_ang=-45",
    "cfrp-as4--3501-6_t=0.125_ang=45",
    "cfrp-as4--3501-6_t=0.125_ang=-45",
    "cfrp-as4--3501-6_t=0.125_ang=-45",
    "cfrp-as4--3501-6_t=0.125_ang=45",
    "cfrp-as4--3501-6_t=0.125_ang=-45",
    "cfrp-as4--3501-6_t=0.125_ang=45"
  ],
  "stacking_seq": "[45,-45,45,-45]_s",
  "n_plies": 8,
  "thick": 1.0,
  "rho": 1.6e-09,
  "gsm": 1600.0,
  "stiff_A": [
    [
      47924.54088444833,
      33924.54088444833,
      0.0
    ],
    [
      33924.54088444833,
      47924.54088444833,
      0.0
    ],
    [
      0.0,
      0.0,
      38129.2627176654
    ]
  ],
  "stiff_B": [
    [
      0.0,
      0.0,
      0.0
    ],
    [
      0.0,
      0.0,
      0.0
    ],
    [
      0.0,
      0.0,
      4.547473508864641e-13
    ]
  ],
  "stiff_D": [
    [
      3993.7117403706943,
      2827.045073704028,
      1073.4518984830881
    ],
    [
      2827.045073704028,
      3993.7117403706943,
      1073.4518984830881
    ],
    [
      1073.4518984830884,
      1073.4518984830884,
      3177.4385598054496
    ]
  ],
  "stiff_ABD": [
    [
      47924.54088444833,
      33924.54088444833,
      0.0,
      0.0,
      0.0,
      0.0
    ],
    [
      33924.54088444833,
      47924.54088444833,
      0.0,
      0.0,
      0.0,
      0.0
    ],
    [
      0.0,
      0.0,
      38129.2627176654,
      0.0,
      0.0,
      4.547473508864641e-13
    ],
    [
      0.0,
      0.0,
      0.0,
      3993.7117403706943,
      2827.045073704028,
      1073.4518984830881
    ],
    [
      0.0,
      0.0,
      0.0,
      2827.045073704028,
      3993.7117403706943,
      1073.4518984830881
    ],
    [
      0.0,
      0.0,
      4.547473508864641e-13,
      1073.4518984830884,
      1073.4518984830884,
      3177.4385598054496
    ]
  ],
  "compl_a": [
    [
      4.1823089737423875e-05,
      -2.9605481691147553e-05,
      0.0
    ],
    [
      -2.9605481691147553e-05,
      4.182308973742387e-05,
      0.0
    ],
    [
      0.0,
      0.0,
      2.622657582982052e-05
    ]
  ],
  "compl_b": [
    [
      0.0,
      0.0,
      0.0
    ],
    [
      0.0,
      0.0,
      0.0
    ],
    [
      6.610144872912363e-22,
      6.610144872912363e-22,
      -4.200112808748122e-21
    ]
  ],
  "compl_c": [
    [
      0.0,
      0.0,
      6.61014487291236e-22
    ],
    [
      0.0,
      0.0,
      6.610144872912363e-22
    ],
    [
      0.0,
      0.0,
      -4.200112808748122e-21
    ]
  ],
  "compl_d": [
    [
      0.0005105997425972359,
      -0.0003465431145456213,
      -5.5424171239214245e-05
    ],
    [
      -0.00034654311454562135,
      0.0005105997425972359,
      -5.542417123921427e-05
    ],
    [
      -5.542417123921427e-05,
      -5.542417123921427e-05,
      0.00035216742750981375
    ]
  ],
  "compl_abcd": [
    [
      4.1823089737423875e-05,
      -2.9605481691147553e-05,
      0.0,
      0.0,
      0.0,
      0.0
    ],
    [
      -2.9605481691147553e-05,
      4.182308973742387e-05,
      0.0,
      0.0,
      0.0,
      0.0
    ],
    [
      0.0,
      0.0,
      2.622657582982052e-05,
      6.610144872912363e-22,
      6.610144872912363e-22,
      -4.200112808748122e-21
    ],
    [
      0.0,
      0.0,
      6.61014487291236e-22,
      0.0005105997425972359,
      -0.0003465431145456213,
      -5.5424171239214245e-05
    ],
    [
      0.0,
      0.0,
      6.610144872912363e-22,
      -0.00034654311454562135,
      0.0005105997425972359,
      -5.542417123921427e-05
    ],
    [
      0.0,
      0.0,
      -4.200112808748122e-21,
      -5.542417123921427e-05,
      -5.542417123921427e-05,
      0.00035216742750981375
    ]
  ],
  "E1": 23910.237294237642,
  "E2": 23910.23729423765,
  "G12": 38129.2627176654,
  "nu12": 0.707874092445546,
  "nu21": 0.7078740924455461,
  "eta16": 0.0,
  "eta26": 0.0,
  "eta61": 0.0,
  "eta62": 0.0,
  "E1_bend": 23501.774479870175,
  "E2_bend": 23501.774479870175,
  "G12_bend": 34074.70158399473,
  "nu12_bend": 0.6786981771335842,
  "nu21_bend": 0.6786981771335842,
  "eng_compl": [
    [
      4.1823089737423875e-05,
      -2.9605481691147553e-05,
      0.0
    ],
    [
      -2.9605481691147556e-05,
      4.182308973742387e-05,
      0.0
    ],
    [
      0.0,
      0.0,
      2.622657582982052e-05
    ]
  ],
  "eng_stiff": [
    [
      47924.54088444832,
      33924.540884448325,
      0.0
    ],
    [
      33924.540884448325,
      47924.54088444833,
      0.0
    ],
    [
      0.0,
      0.0,
      38129.2627176654
    ]
  ]
}