{
  "name": "MAT_CFRP_APHARD8",
  "plies": [
    "cfrp-as4--3501-6_t=0.125_ang=45",
    "cfrp-as4--3501-6_t=0.125_ang=-45",
    "cfrp-as4--3501-6_t=0.125_ang=0",
    "cfrp-as4--3501-6_t=0.125_ang=0",
    "cfrp-as4--3501-6_t=0.125_ang=0",
    "cfrp-as4--3501-6_t=0.125_ang=0",
    "cfrp-as4--3501-6_t=0.125_ang=-45",
    "cfrp-as4--3501-6_t=0.125_ang=45"
  ],
  "stacking_seq": "[45,-45,0_2]_s",
  "n_plies": 8,
  "thick": 1.0,
  "rho": 1.6e-09,
  "gsm": 1600.0,
  "stiff_A": [
    [
      97839.63299473986,
      18359.909525615636,
      0.0
    ],
    [
      18359.909525615636,
      29138.711491822207,
      0.0
    ],
    [
      0.0,
      0.0,
      22564.6313588327
    ]
  ],
  "stiff_B": [
    [
      0.0,
      0.0,
      0.0
    ],
    [
      0.0,
      0.0,
      0.0
    ],
    [
      0.0,
      0.0,
      4.547473508864641e-13
    ]
  ],
  "stiff_D": [
    [
      5033.6094926684345,
      2502.781920395013,
      805.0889238623162
    ],
    [
      2502.781920395013,
      3602.3402946909837,
      805.0889238623162
    ],
    [
      805.0889238623163,
      805.0889238623163,
      2853.1754064964352
    ]
  ],
  "stiff_ABD": [
    [
      97839.63299473986,
      18359.909525615636,
      0.0,
      0.0,
      0.0,
      0.0
    ],
    [
      18359.909525615636,
      29138.711491822207,
      0.0,
      0.0,
      0.0,
      0.0
    ],
    [
      0.0,
      0.0,
      22564.6313588327,
      0.0,
      0.0,
      4.547473508864641e-13
    ],
    [
      0.0,
      0.0,
      0.0,
      5033.6094926684345,
      2502.781920395013,
      805.0889238623162
    ],
    [
      0.0,
      0.0,
      0.0,
      2502.781920395013,
      3602.3402946909837,
      805.0889238623162
    ],
    [
      0.0,
      0.0,
      4.547473508864641e-13,
      805.0889238623163,
      805.0889238623163,
      2853.1754064964352
    ]
  ],
  "compl_a": [
    [
      1.1591340158002476e-05,
      -7.303547263621716e-06,
      0.0
    ],
    [
      -7.303547263621716e-06,
      3.892047413607962e-05,
      0.0
    ],
    [
      0.0,
      0.0,
      4.431714323613623e-05
    ]
  ],
  "compl_b": [
    [
      0.0,
      0.0,
      0.0
    ],
    [
      0.0,
      0.0,
      0.0
    ],
    [
      5.661665832338034e-22,
      1.3031322691397696e-21,
      -7.590860077375511e-21
    ]
  ],
  "compl_c": [
    [
      0.0,
      0.0,
      5.661665832338033e-22
    ],
    [
      0.0,
      0.0,
      1.3031322691397692e-21
    ],
    [
      0.0,
      0.0,
      -7.590860077375511e-21
    ]
  ],
  "compl_d": [
    [
      0.00030560732651631356,
      -0.00020604686123081945,
      -2.8093270281744282e-05
    ],
    [
      -0.00020604686123081945,
      0.0004352028356139275,
      -6.466161750611158e-05
    ],
    [
      -2.8093270281744285e-05,
      -6.466161750611159e-05,
      0.0003766596089203454
    ]
  ],
  "compl_abcd": [
    [
      1.1591340158002476e-05,
      -7.303547263621716e-06,
      0.0,
      0.0,
      0.0,
      0.0
    ],
    [
      -7.303547263621716e-06,
      3.892047413607962e-05,
      0.0,
      0.0,
      0.0,
      0.0
    ],
    [
      0.0,
      0.0,
      4.431714323613623e-05,
      5.661665832338034e-22,
      1.3031322691397696e-21,
      -7.590860077375511e-21
    ],
    [
      0.0,
      0.0,
      5.661665832338033e-22,
      0.00030560732651631356,
      -0.00020604686123081945,
      -2.8093270281744282e-05
    ],
    [
      0.0,
      0.0,
      1.3031322691397692e-21,
      -0.00020604686123081945,
      0.0004352028356139275,
      -6.466161750611158e-05
    ],
    [
      0.0,
      0.0,
      -7.590860077375511e-21,
      -2.8093270281744285e-05,
      -6.466161750611159e-05,
      0.0003766596089203454
    ]
  ],
  "E1": 86271.30136540906,
  "E2": 25693.41772414307,
  "G12": 22564.6313588327,
  "nu12": 0.6300865270164178,
  "nu21": 0.1876530907122548,
  "eta16": 0.0,
  "eta26": 0.0,
  "eta61": 0.0,
  "eta62": 0.0,
  "E1_bend": 39266.07433398502,
  "E2_bend": 27573.349753275303,
  "G12_bend": 31859.004033898724,
  "nu12_bend": 0.6742209474478044,
  "nu21_bend": 0.4734501808568305,
  "eng_compl": [
    [
      1.1591340158002478e-05,
      -7.303547263621716e-06,
      0.0
    ],
    [
      -7.303547263621716e-06,
      3.892047413607962e-05,
      0.0
    ],
    [
      0.0,
      0.0,
      4.431714323613623e-05
    ]
  ],
  "eng_stiff": [
    [
      97839.63299473986,
      18359.909525615636,
      0.0
    ],
    [
      18359.90952561564,
      29138.71149182221,
      0.0
    ],
    [
      0.0,
      0.0,
      22564.6313588327
    ]
  ]
}