{
  "name": "MAT_CFRP_UD8",
  "plies": [
    "cfrp-as4--3501-6_t=0.125_ang=0",
    "cfrp-as4--3501-6_t=0.125_ang=0",
    "cfrp-as4--3501-6_t=0.125_ang=0",
    "cfrp-as4--3501-6_t=0.125_ang=0",
    "cfrp-as4--3501-6_t=0.125_ang=0",
    "cfrp-as4--3501-6_t=0.125_ang=0",
    "cfrp-as4--3501-6_t=0.125_ang=0",
    "cfrp-as4--3501-6_t=0.125_ang=0"
  ],
  "stacking_seq": "[0_4]_s",
  "n_plies": 8,
  "thick": 1.0,
  "rho": 1.6e-09,
  "gsm": 1600.0,
  "stiff_A": [
    [
      147754.7251050314,
      2795.278166782941,
      0.0
    ],
    [
      2795.278166782941,
      10352.882099196077,
      0.0
    ],
    [
      0.0,
      0.0,
      7000.0
    ]
  ],
  "stiff_B": [
    [
      0.0,
      -2.842170943040401e-14,
      0.0
    ],
    [
      -2.842170943040401e-14,
      0.0,
      0.0
    ],
    [
      0.0,
      0.0,
      0.0
    ]
  ],
  "stiff_D": [
    [
      12312.893758752616,
      232.93984723191176,
      0.0
    ],
    [
      232.93984723191176,
      862.7401749330064,
      0.0
    ],
    [
      0.0,
      0.0,
      583.3333333333334
    ]
  ],
  "stiff_ABD": [
    [
      147754.7251050314,
      2795.278166782941,
      0.0,
      0.0,
      -2.842170943040401e-14,
      0.0
    ],
    [
      2795.278166782941,
      10352.882099196077,
      0.0,
      -2.842170943040401e-14,
      0.0,
      0.0
    ],
    [
      0.0,
      0.0,
      7000.0,
      0.0,
      0.0,
      0.0
    ],
    [
      0.0,
      -2.842170943040401e-14,
      0.0,
      12312.893758752616,
      232.93984723191176,
      0.0
    ],
    [
      -2.842170943040401e-14,
      0.0,
      0.0,
      232.93984723191176,
      862.7401749330064,
      0.0
    ],
    [
      0.0,
      0.0,
      0.0,
      0.0,
      0.0,
      583.3333333333334
    ]
  ],
  "compl_a": [
    [
      6.8027210884353745e-06,
      -1.8367346938775514e-06,
      0.0
    ],
    [
      -1.836734693877551e-06,
      9.70873786407767e-05,
      0.0
    ],
    [
      0.0,
      0.0,
      0.00014285714285714287
    ]
  ],
  "compl_b": [
    [
      -8.522961595123235e-24,
      2.2640686635311863e-22,
      0.0
    ],
    [
      2.264068663531186e-22,
      -1.2163838393039958e-22,
      0.0
    ],
    [
      0.0,
      0.0,
      0.0
    ]
  ],
  "compl_c": [
    [
      -8.522961595123236e-24,
      2.264068663531186e-22,
      0.0
    ],
    [
      2.2640686635311863e-22,
      -1.2163838393039958e-22,
      0.0
    ],
    [
      0.0,
      0.0,
      0.0
    ]
  ],
  "compl_d": [
    [
      8.163265306122449e-05,
      -2.2040816326530616e-05,
      0.0
    ],
    [
      -2.2040816326530616e-05,
      0.0011650485436893205,
      0.0
    ],
    [
      0.0,
      0.0,
      0.0017142857142857142
    ]
  ],
  "compl_abcd": [
    [
      6.8027210884353745e-06,
      -1.8367346938775514e-06,
      0.0,
      -8.522961595123235e-24,
      2.2640686635311863e-22,
      0.0
    ],
    [
      -1.836734693877551e-06,
      9.70873786407767e-05,
      0.0,
      2.264068663531186e-22,
      -1.2163838393039958e-22,
      0.0
    ],
    [
      0.0,
      0.0,
      0.00014285714285714287,
      0.0,
      0.0,
      0.0
    ],
    [
      -8.522961595123236e-24,
      2.264068663531186e-22,
      0.0,
      8.163265306122449e-05,
      -2.2040816326530616e-05,
      0.0
    ],
    [
      2.2640686635311863e-22,
      -1.2163838393039958e-22,
      0.0,
      -2.2040816326530616e-05,
      0.0011650485436893205,
      0.0
    ],
    [
      0.0,
      0.0,
      0.0,
      0.0,
      0.0,
      0.0017142857142857142
    ]
  ],
  "E1": 147000.0,
  "E2": 10300.0,
  "G12": 6999.999999999999,
  "nu12": 0.26999999999999996,
  "nu21": 0.018918367346938778,
  "eta16": 0.0,
  "eta26": 0.0,
  "eta61": 0.0,
  "eta62": 0.0,
  "E1_bend": 147000.0,
  "E2_bend": 10300.0,
  "G12_bend": 7000.0,
  "nu12_bend": 0.2700000000000001,
  "nu21_bend": 0.018918367346938778,
  "eng_compl": [
    [
      6.8027210884353745e-06,
      -1.8367346938775512e-06,
      0.0
    ],
    [
      -1.8367346938775508e-06,
      9.70873786407767e-05,
      0.0
    ],
    [
      0.0,
      0.0,
      0.00014285714285714287
    ]
  ],
  "eng_stiff": [
    [
      147754.7251050314,
      2795.278166782941,
      0.0
    ],
    [
      2795.2781667829404,
      10352.882099196077,
      0.0
    ],
    [
      0.0,
      0.0,
      6999.999999999999
    ]
  ]
}