{
  "name": "MAT_CFRP_QI16",
  "plies": [
    "cfrp-as4--3501-6_t=0.125_ang=0",
    "cfrp-as4--3501-6_t=0.125_ang=45",
    "cfrp-as4--3501-6_t=0.125_ang=-45",
    "cfrp-as4--3501-6_t=0.125_ang=90",
    "cfrp-as4--3501-6_t=0.125_ang=0",
    "cfrp-as4--3501-6_t=0.125_ang=45",
    "cfrp-as4--3501-6_t=0.125_ang=-45",
    "cfrp-as4--3501-6_t=0.125_ang=90",
    "cfrp-as4--3501-6_t=0.125_ang=90",
    "cfrp-as4--3501-6_t=0.125_ang=-45",
    "cfrp-as4--3501-6_t=0.125_ang=45",
    "cfrp-as4--3501-6_t=0.125_ang=0",
    "cfrp-as4--3501-6_t=0.125_ang=90",
    "cfrp-as4--3501-6_t=0.125_ang=-45",
    "cfrp-as4--3501-6_t=0.125_ang=45",
    "cfrp-as4--3501-6_t=0.125_ang=0"
  ],
  "stacking_seq": "[0,45,-45,90,0,45,-45,90]_s",
  "n_plies": 16,
  "thick": 2.0,
  "rho": 1.6e-09,
  "gsm": 3200.0,
  "stiff_A": [
    [
      126978.34448656207,
      36719.81905123128,
      0.0
    ],
    [
      36719.81905123128,
      126978.34448656207,
      3.637978807091713e-12
    ],
    [
      0.0,
      3.637978807091713e-12,
      45129.2627176654
    ]
  ],
  "stiff_B": [
    [
      3.637978807091713e-12,
      1.7621459846850485e-12,
      0.0
    ],
    [
      1.7621459846850485e-12,
      1.1368683772161603e-12,
      0.0
    ],
    [
      0.0,
      0.0,
      9.094947017729282e-13
    ]
  ],
  "stiff_D": [
    [
      55693.9323406146,
      11753.544953780236,
      2146.903796966177
    ],
    [
      11753.544953780236,
      29931.086777020486,
      2146.9037969661777
    ],
    [
      2146.903796966177,
      2146.9037969661777,
      14556.69284259161
    ]
  ],
  "stiff_ABD": [
    [
      126978.34448656207,
      36719.81905123128,
      0.0,
      3.637978807091713e-12,
      1.7621459846850485e-12,
      0.0
    ],
    [
      36719.81905123128,
      126978.34448656207,
      3.637978807091713e-12,
      1.7621459846850485e-12,
      1.1368683772161603e-12,
      0.0
    ],
    [
      0.0,
      3.637978807091713e-12,
      45129.2627176654,
      0.0,
      0.0,
      9.094947017729282e-13
    ],
    [
      3.637978807091713e-12,
      1.7621459846850485e-12,
      0.0,
      55693.9323406146,
      11753.544953780236,
      2146.903796966177
    ],
    [
      1.7621459846850485e-12,
      1.1368683772161603e-12,
      0.0,
      11753.544953780236,
      29931.086777020486,
      2146.9037969661777
    ],
    [
      0.0,
      0.0,
      9.094947017729282e-13,
      2146.903796966177,
      2146.9037969661777,
      14556.69284259161
    ]
  ],
  "compl_a": [
    [
      8.594044916086109e-06,
      -2.48524089294795e-06,
      2.0034126760779588e-22
    ],
    [
      -2.48524089294795e-06,
      8.594044916086107e-06,
      -6.927867062112935e-22
    ],
    [
      2.0034126760779585e-22,
      -6.927867062112935e-22,
      2.2158571618068116e-05
    ]
  ],
  "compl_b": [
    [
      -4.342240064915953e-22,
      -2.482703684845332e-22,
      1.0065814954596798e-22
    ],
    [
      -7.8899676455202e-23,
      -1.5156697038009544e-22,
      3.3990530989089245e-23
    ],
    [
      3.5800588184631276e-23,
      8.654039852066266e-23,
      -1.4024997322631137e-21
    ]
  ],
  "compl_c": [
    [
      -4.342240064915954e-22,
      -7.889967645520201e-23,
      3.580058818463127e-23
    ],
    [
      -2.4827036848453307e-22,
      -1.5156697038009544e-22,
      8.654039852066269e-23
    ],
    [
      1.0065814954596795e-22,
      3.3990530989089245e-23,
      -1.4024997322631137e-21
    ]
  ],
  "compl_d": [
    [
      1.9623066160211666e-05,
      -7.578300330284342e-06,
      -1.776430523984019e-06
    ],
    [
      -7.578300330284344e-06,
      3.669399054281112e-05,
      -4.29414747872333e-06
    ],
    [
      -1.7764305239840193e-06,
      -4.2941474787233295e-06,
      6.959224584307679e-05
    ]
  ],
  "compl_abcd": [
    [
      8.594044916086109e-06,
      -2.48524089294795e-06,
      2.0034126760779588e-22,
      -4.342240064915953e-22,
      -2.482703684845332e-22,
      1.0065814954596798e-22
    ],
    [
      -2.48524089294795e-06,
      8.594044916086107e-06,
      -6.927867062112935e-22,
      -7.8899676455202e-23,
      -1.5156697038009544e-22,
      3.3990530989089245e-23
    ],
    [
      2.0034126760779585e-22,
      -6.927867062112935e-22,
      2.2158571618068116e-05,
      3.5800588184631276e-23,
      8.654039852066266e-23,
      -1.4024997322631137e-21
    ],
    [
      -4.342240064915954e-22,
      -7.889967645520201e-23,
      3.580058818463127e-23,
      1.9623066160211666e-05,
      -7.578300330284342e-06,
      -1.776430523984019e-06
    ],
    [
      -2.4827036848453307e-22,
      -1.5156697038009544e-22,
      8.654039852066269e-23,
      -7.578300330284344e-06,
      3.669399054281112e-05,
      -4.29414747872333e-06
    ],
    [
      1.0065814954596795e-22,
      3.3990530989089245e-23,
      -1.4024997322631137e-21,
      -1.7764305239840193e-06,
      -4.2941474787233295e-06,
      6.959224584307679e-05
    ]
  ],
  "E1": 58179.821595313406,
  "E2": 58179.82159531342,
  "G12": 22564.6313588327,
  "nu12": 0.28918174354617826,
  "nu21": 0.2891817435461783,
  "eta16": 0.0,
  "eta26": 0.0,
  "eta61": 0.0,
  "eta62": 0.0,
  "E1_bend": 76440.65345106191,
  "E2_bend": 40878.62829336973,
  "G12_bend": 21554.12548953144,
  "nu12_bend": 0.3861934861968889,
  "nu21_bend": 0.2065270148648098,
  "eng_compl": [
    [
      1.7188089832172217e-05,
      -4.9704817858959e-06,
      4.0068253521559175e-22
    ],
    [
      -4.9704817858959e-06,
      1.7188089832172214e-05,
      -1.3855734124225868e-21
    ],
    [
      4.006825352155917e-22,
      -1.385573412422587e-21,
      4.431714323613623e-05
    ]
  ],
  "eng_stiff": [
    [
      63489.17224328101,
      18359.909525615636,
      -8.9640208455617e-29
    ],
    [
      18359.909525615636,
      63489.172243281035,
      1.8189894035458565e-12
    ],
    [
      -6.027205656433514e-30,
      1.8189894035458565e-12,
      22564.6313588327
    ]
  ]
}