{
  "name": "MAT_CFRP_AP12",
  "plies": [
    "cfrp-as4--3501-6_t=0.125_ang=45",
    "cfrp-as4--3501-6_t=0.125_ang=-45",
    "cfrp-as4--3501-6_t=0.125_ang=45",
    "cfrp-as4--3501-6_t=0.125_ang=-45",
    "cfrp-as4--3501-6_t=0.125_ang=45",
    "cfrp-as4--3501-6_t=0.125_ang=-45",
    "cfrp-as4--3501-6_t=0.125_ang=-45",
    "cfrp-as4--3501-6_t=0.125_ang=45",
    "cfrp-as4--3501-6_t=0.125_ang=-45",
    "cfrp-as4--3501-6_t=0.125_ang=45",
    "cfrp-as4--3501-6_t=0.125_ang=-45",
    "cfrp-as4--3501-6_t=0.125_ang=45"
  ],
  "stacking_seq": "[45,-45,45,-45,45,-45]_s",
  "n_plies": 12,
  "thick": 1.5,
  "rho": 1.6e-09,
  "gsm": 2400.0,
  "stiff_A": [
    [
      71886.8113266725,
      50886.8113266725,
      0.0
    ],
    [
      50886.8113266725,
      71886.8113266725,
      0.0
    ],
    [
      0.0,
      0.0,
      57193.8940764981
    ]
  ],
  "stiff_B": [
    [
      -9.094947017729282e-13,
      0.0,
      0.0
    ],
    [
      0.0,
      -9.094947017729282e-13,
      0.0
    ],
    [
      0.0,
      0.0,
      9.094947017729282e-13
    ]
  ],
  "stiff_D": [
    [
      13478.777123751093,
      9541.277123751091,
      2415.266771586948
    ],
    [
      9541.277123751091,
      13478.777123751093,
      2415.266771586948
    ],
    [
      2415.2667715869493,
      2415.2667715869493,
      10723.85513934339
    ]
  ],
  "stiff_ABD": [
    [
      71886.8113266725,
      50886.8113266725,
      0.0,
      -9.094947017729282e-13,
      0.0,
      0.0
    ],
    [
      50886.8113266725,
      71886.8113266725,
      0.0,
      0.0,
      -9.094947017729282e-13,
      0.0
    ],
    [
      0.0,
      0.0,
      57193.8940764981,
      0.0,
      0.0,
      9.094947017729282e-13
    ],
    [
      -9.094947017729282e-13,
      0.0,
      0.0,
      13478.777123751093,
      9541.277123751091,
      2415.266771586948
    ],
    [
      0.0,
      -9.094947017729282e-13,
      0.0,
      9541.277123751091,
      13478.777123751093,
      2415.266771586948
    ],
    [
      0.0,
      0.0,
      9.094947017729282e-13,
      2415.2667715869493,
      2415.2667715869493,
      10723.85513934339
    ]
  ],
  "compl_a": [
    [
      2.788205982494925e-05,
      -1.973698779409837e-05,
      1.209705046193273e-39
    ],
    [
      -1.9736987794098374e-05,
      2.788205982494925e-05,
      1.2097050461932714e-39
    ],
    [
      1.209705046193273e-39,
      1.2097050461932725e-39,
      1.7484383886547012e-05
    ]
  ],
  "compl_b": [
    [
      5.668472600616931e-21,
      -5.330707466175848e-21,
      -7.607272713179288e-23
    ],
    [
      -5.330707466175849e-21,
      5.66847260061693e-21,
      -7.607272713179274e-23
    ],
    [
      1.6329932496985655e-22,
      1.6329932496985653e-22,
      -1.5564157813162115e-21
    ]
  ],
  "compl_c": [
    [
      5.66847260061693e-21,
      -5.330707466175849e-21,
      1.6329932496985646e-22
    ],
    [
      -5.330707466175849e-21,
      5.668472600616931e-21,
      1.6329932496985641e-22
    ],
    [
      -7.607272713179287e-23,
      -7.607272713179283e-23,
      -1.5564157813162115e-21
    ]
  ],
  "compl_d": [
    [
      0.0001497817579546475,
      -0.00010418649601360636,
      -1.0269135462673033e-05
    ],
    [
      -0.00010418649601360636,
      0.00014978175795464749,
      -1.026913546267303e-05
    ],
    [
      -1.0269135462673039e-05,
      -1.0269135462673037e-05,
      9.787575360479038e-05
    ]
  ],
  "compl_abcd": [
    [
      2.788205982494925e-05,
      -1.973698779409837e-05,
      1.209705046193273e-39,
      5.668472600616931e-21,
      -5.330707466175848e-21,
      -7.607272713179288e-23
    ],
    [
      -1.9736987794098374e-05,
      2.788205982494925e-05,
      1.2097050461932714e-39,
      -5.330707466175849e-21,
      5.66847260061693e-21,
      -7.607272713179274e-23
    ],
    [
      1.209705046193273e-39,
      1.2097050461932725e-39,
      1.7484383886547012e-05,
      1.6329932496985655e-22,
      1.6329932496985653e-22,
      -1.5564157813162115e-21
    ],
    [
      5.66847260061693e-21,
      -5.330707466175849e-21,
      1.6329932496985646e-22,
      0.0001497817579546475,
      -0.00010418649601360636,
      -1.0269135462673033e-05
    ],
    [
      -5.330707466175849e-21,
      5.668472600616931e-21,
      1.6329932496985641e-22,
      -0.00010418649601360636,
      0.00014978175795464749,
      -1.026913546267303e-05
    ],
    [
      -7.607272713179287e-23,
      -7.607272713179283e-23,
      -1.5564157813162115e-21,
      -1.0269135462673039e-05,
      -1.0269135462673037e-05,
      9.787575360479038e-05
    ]
  ],
  "E1": 23910.237294237642,
  "E2": 23910.237294237642,
  "G12": 38129.2627176654,
  "nu12": 0.7078740924455462,
  "nu21": 0.707874092445546,
  "eta16": 0.0,
  "eta26": 0.0,
  "eta61": 0.0,
  "eta62": 0.0,
  "E1_bend": 23738.241586349548,
  "E2_bend": 23738.24158634955,
  "G12_bend": 36327.235547145094,
  "nu12_bend": 0.6955886847392527,
  "nu21_bend": 0.6955886847392528,
  "eng_compl": [
    [
      4.1823089737423875e-05,
      -2.9605481691147556e-05,
      1.81455756928991e-39
    ],
    [
      -2.9605481691147566e-05,
      4.1823089737423875e-05,
      1.8145575692899072e-39
    ],
    [
      1.8145575692899095e-39,
      1.814557569289909e-39,
      2.622657582982052e-05
    ]
  ],
  "eng_stiff": [
    [
      47924.54088444834,
      33924.54088444833,
      -5.6629531749359334e-30
    ],
    [
      33924.540884448346,
      47924.54088444834,
      -5.6629531749359334e-30
    ],
    [
      -5.6629531749359355e-30,
      -5.662953174935935e-30,
      38129.2627176654
    ]
  ]
}