{
  "name": "MAT_CFRP_HARD8",
  "plies": [
    "cfrp-as4--3501-6_t=0.125_ang=0",
    "cfrp-as4--3501-6_t=0.125_ang=0",
    "cfrp-as4--3501-6_t=0.125_ang=45",
    "cfrp-as4--3501-6_t=0.125_ang=-45",
    "cfrp-as4--3501-6_t=0.125_ang=-45",
    "cfrp-as4--3501-6_t=0.125_ang=45",
    "cfrp-as4--3501-6_t=0.125_ang=0",
    "cfrp-as4--3501-6_t=0.125_ang=0"
  ],
  "stacking_seq": "[0_2,45,-45]_s",
  "n_plies": 8,
  "thick": 1.0,
  "rho": 1.6e-09,
  "gsm": 1600.0,
  "stiff_A": [
    [
      97839.63299473986,
      18359.90952561564,
      0.0
    ],
    [
      18359.90952561564,
      29138.711491822207,
      0.0
    ],
    [
      0.0,
      0.0,
      22564.6313588327
    ]
  ],
  "stiff_B": [
    [
      0.0,
      2.842170943040401e-14,
      0.0
    ],
    [
      2.842170943040401e-14,
      -1.1368683772161603e-13,
      0.0
    ],
    [
      0.0,
      0.0,
      0.0
    ]
  ],
  "stiff_D": [
    [
      11272.996006454876,
      557.2030005409263,
      268.36297462077204
    ],
    [
      557.2030005409263,
      1254.1116206127174,
      268.36297462077204
    ],
    [
      268.3629746207721,
      268.3629746207721,
      907.5964866423478
    ]
  ],
  "stiff_ABD": [
    [
      97839.63299473986,
      18359.90952561564,
      0.0,
      0.0,
      2.842170943040401e-14,
      0.0
    ],
    [
      18359.90952561564,
      29138.711491822207,
      0.0,
      2.842170943040401e-14,
      -1.1368683772161603e-13,
      0.0
    ],
    [
      0.0,
      0.0,
      22564.6313588327,
      0.0,
      0.0,
      0.0
    ],
    [
      0.0,
      2.842170943040401e-14,
      0.0,
      11272.996006454876,
      557.2030005409263,
      268.36297462077204
    ],
    [
      2.842170943040401e-14,
      -1.1368683772161603e-13,
      0.0,
      557.2030005409263,
      1254.1116206127174,
      268.36297462077204
    ],
    [
      0.0,
      0.0,
      0.0,
      268.3629746207721,
      268.3629746207721,
      907.5964866423478
    ]
  ],
  "compl_a": [
    [
      1.159134015800248e-05,
      -7.303547263621718e-06,
      0.0
    ],
    [
      -7.3035472636217184e-06,
      3.892047413607963e-05,
      0.0
    ],
    [
      0.0,
      0.0,
      4.431714323613623e-05
    ]
  ],
  "compl_b": [
    [
      6.176143157006545e-23,
      -1.0123557892607145e-21,
      2.810768146881472e-22
    ],
    [
      -2.7187764798245464e-22,
      4.053797947108444e-21,
      -1.1182583848543233e-21
    ],
    [
      0.0,
      0.0,
      0.0
    ]
  ],
  "compl_c": [
    [
      6.176143157006545e-23,
      -2.718776479824546e-22,
      0.0
    ],
    [
      -1.0123557892607145e-21,
      4.053797947108444e-21,
      0.0
    ],
    [
      2.8107681468814736e-22,
      -1.1182583848543238e-21,
      0.0
    ]
  ],
  "compl_d": [
    [
      9.091511332084985e-05,
      -3.698112464430179e-05,
      -1.5947489713129665e-05
    ],
    [
      -3.6981124644301794e-05,
      0.0008662798906455881,
      -0.00024521148656797434
    ],
    [
      -1.594748971312967e-05,
      -0.0002452114865679744,
      0.0011790321089523964
    ]
  ],
  "compl_abcd": [
    [
      1.159134015800248e-05,
      -7.303547263621718e-06,
      0.0,
      6.176143157006545e-23,
      -1.0123557892607145e-21,
      2.810768146881472e-22
    ],
    [
      -7.3035472636217184e-06,
      3.892047413607963e-05,
      0.0,
      -2.7187764798245464e-22,
      4.053797947108444e-21,
      -1.1182583848543233e-21
    ],
    [
      0.0,
      0.0,
      4.431714323613623e-05,
      0.0,
      0.0,
      0.0
    ],
    [
      6.176143157006545e-23,
      -2.718776479824546e-22,
      0.0,
      9.091511332084985e-05,
      -3.698112464430179e-05,
      -1.5947489713129665e-05
    ],
    [
      -1.0123557892607145e-21,
      4.053797947108444e-21,
      0.0,
      -3.6981124644301794e-05,
      0.0008662798906455881,
      -0.00024521148656797434
    ],
    [
      2.8107681468814736e-22,
      -1.1182583848543238e-21,
      0.0,
      -1.594748971312967e-05,
      -0.0002452114865679744,
      0.0011790321089523964
    ]
  ],
  "E1": 86271.30136540905,
  "E2": 25693.417724143063,
  "G12": 22564.6313588327,
  "nu12": 0.6300865270164179,
  "nu21": 0.1876530907122548,
  "eta16": 0.0,
  "eta26": 0.0,
  "eta61": 0.0,
  "eta62": 0.0,
  "E1_bend": 131991.2560373832,
  "E2_bend": 13852.335866941454,
  "G12_bend": 10177.839864482014,
  "nu12_bend": 0.4067654242897016,
  "nu21_bend": 0.04268957994250785,
  "eng_compl": [
    [
      1.159134015800248e-05,
      -7.303547263621718e-06,
      0.0
    ],
    [
      -7.3035472636217184e-06,
      3.892047413607963e-05,
      0.0
    ],
    [
      0.0,
      0.0,
      4.431714323613623e-05
    ]
  ],
  "eng_stiff": [
    [
      97839.63299473985,
      18359.909525615636,
      0.0
    ],
    [
      18359.90952561564,
      29138.711491822207,
      0.0
    ],
    [
      0.0,
      0.0,
      22564.6313588327
    ]
  ]
}