{
  "name": "MAT_CFRPHM_UD8",
  "plies": [
    "cfrp-t300--5208_t=0.125_ang=0",
    "cfrp-t300--5208_t=0.125_ang=0",
    "cfrp-t300--5208_t=0.125_ang=0",
    "cfrp-t300--5208_t=0.125_ang=0",
    "cfrp-t300--5208_t=0.125_ang=0",
    "cfrp-t300--5208_t=0.125_ang=0",
    "cfrp-t300--5208_t=0.125_ang=0",
    "cfrp-t300--5208_t=0.125_ang=0"
  ],
  "stacking_seq": "[0_4]_s",
  "n_plies": 8,
  "thick": 1.0,
  "rho": 1.6e-09,
  "gsm": 1600.0,
  "stiff_A": [
    [
      181811.1388444179,
      2896.9244443497305,
      0.0
    ],
    [
      2896.924444349731,
      10346.158729820467,
      0.0
    ],
    [
      0.0,
      0.0,
      7170.0
    ]
  ],
  "stiff_B": [
    [
      -1.8189894035458565e-12,
      -2.842170943040401e-14,
      0.0
    ],
    [
      2.842170943040401e-14,
      0.0,
      0.0
    ],
    [
      0.0,
      0.0,
      0.0
    ]
  ],
  "stiff_D": [
    [
      15150.928237034826,
      241.41037036247758,
      0.0
    ],
    [
      241.41037036247758,
      862.1798941517054,
      0.0
    ],
    [
      0.0,
      0.0,
      597.5
    ]
  ],
  "stiff_ABD": [
    [
      181811.1388444179,
      2896.9244443497305,
      0.0,
      -1.8189894035458565e-12,
      -2.842170943040401e-14,
      0.0
    ],
    [
      2896.924444349731,
      10346.158729820467,
      0.0,
      2.842170943040401e-14,
      0.0,
      0.0
    ],
    [
      0.0,
      0.0,
      7170.0,
      0.0,
      0.0,
      0.0
    ],
    [
      -1.8189894035458565e-12,
      -2.842170943040401e-14,
      0.0,
      15150.928237034826,
      241.41037036247758,
      0.0
    ],
    [
      2.842170943040401e-14,
      0.0,
      0.0,
      241.41037036247758,
      862.1798941517054,
      0.0
    ],
    [
      0.0,
      0.0,
      0.0,
      0.0,
      0.0,
      597.5
    ]
  ],
  "compl_a": [
    [
      5.524861878453038e-06,
      -1.5469613259668508e-06,
      0.0
    ],
    [
      -1.546961325966851e-06,
      9.70873786407767e-05,
      0.0
    ],
    [
      0.0,
      0.0,
      0.0001394700139470014
    ]
  ],
  "compl_b": [
    [
      6.662761467156155e-22,
      -4.430574658147523e-24,
      0.0
    ],
    [
      -3.686840675025972e-22,
      5.223604990250428e-23,
      0.0
    ],
    [
      0.0,
      0.0,
      0.0
    ]
  ],
  "compl_c": [
    [
      6.662761467156155e-22,
      -4.430574658147479e-24,
      0.0
    ],
    [
      -3.686840675025973e-22,
      5.223604990250425e-23,
      0.0
    ],
    [
      0.0,
      0.0,
      0.0
    ]
  ],
  "compl_d": [
    [
      6.629834254143647e-05,
      -1.8563535911602216e-05,
      0.0
    ],
    [
      -1.8563535911602216e-05,
      0.0011650485436893207,
      0.0
    ],
    [
      0.0,
      0.0,
      0.0016736401673640166
    ]
  ],
  "compl_abcd": [
    [
      5.524861878453038e-06,
      -1.5469613259668508e-06,
      0.0,
      6.662761467156155e-22,
      -4.430574658147523e-24,
      0.0
    ],
    [
      -1.546961325966851e-06,
      9.70873786407767e-05,
      0.0,
      -3.686840675025972e-22,
      5.223604990250428e-23,
      0.0
    ],
    [
      0.0,
      0.0,
      0.0001394700139470014,
      0.0,
      0.0,
      0.0
    ],
    [
      6.662761467156155e-22,
      -4.430574658147479e-24,
      0.0,
      6.629834254143647e-05,
      -1.8563535911602216e-05,
      0.0
    ],
    [
      -3.686840675025973e-22,
      5.223604990250425e-23,
      0.0,
      -1.8563535911602216e-05,
      0.0011650485436893207,
      0.0
    ],
    [
      0.0,
      0.0,
      0.0,
      0.0,
      0.0,
      0.0016736401673640166
    ]
  ],
  "E1": 181000.0,
  "E2": 10300.0,
  "G12": 7170.0,
  "nu12": 0.28,
  "nu21": 0.01593370165745856,
  "eta16": 0.0,
  "eta26": 0.0,
  "eta61": 0.0,
  "eta62": 0.0,
  "E1_bend": 181000.0,
  "E2_bend": 10299.999999999998,
  "G12_bend": 7170.0,
  "nu12_bend": 0.2800000000000001,
  "nu21_bend": 0.015933701657458565,
  "eng_compl": [
    [
      5.524861878453038e-06,
      -1.5469613259668506e-06,
      0.0
    ],
    [
      -1.546961325966851e-06,
      9.70873786407767e-05,
      0.0
    ],
    [
      0.0,
      0.0,
      0.0001394700139470014
    ]
  ],
  "eng_stiff": [
    [
      181811.1388444179,
      2896.92444434973,
      0.0
    ],
    [
      2896.924444349731,
      10346.158729820467,
      0.0
    ],
    [
      0.0,
      0.0,
      7170.0
    ]
  ]
}