{
  "name": "MAT_CFRP_IM7_QI24",
  "plies": [
    "cfrp-im7--977-3_t=0.125_ang=0",
    "cfrp-im7--977-3_t=0.125_ang=45",
    "cfrp-im7--977-3_t=0.125_ang=-45",
    "cfrp-im7--977-3_t=0.125_ang=90",
    "cfrp-im7--977-3_t=0.125_ang=0",
    "cfrp-im7--977-3_t=0.125_ang=45",
    "cfrp-im7--977-3_t=0.125_ang=-45",
    "cfrp-im7--977-3_t=0.125_ang=90",
    "cfrp-im7--977-3_t=0.125_ang=0",
    "cfrp-im7--977-3_t=0.125_ang=45",
    "cfrp-im7--977-3_t=0.125_ang=-45",
    "cfrp-im7--977-3_t=0.125_ang=90",
    "cfrp-im7--977-3_t=0.125_ang=90",
    "cfrp-im7--977-3_t=0.125_ang=-45",
    "cfrp-im7--977-3_t=0.125_ang=45",
    "cfrp-im7--977-3_t=0.125_ang=0",
    "cfrp-im7--977-3_t=0.125_ang=90",
    "cfrp-im7--977-3_t=0.125_ang=-45",
    "cfrp-im7--977-3_t=0.125_ang=45",
    "cfrp-im7--977-3_t=0.125_ang=0",
    "cfrp-im7--977-3_t=0.125_ang=90",
    "cfrp-im7--977-3_t=0.125_ang=-45",
    "cfrp-im7--977-3_t=0.125_ang=45",
    "cfrp-im7--977-3_t=0.125_ang=0"
  ],
  "stacking_seq": "[0,45,-45,90,0,45,-45,90,0,45,-45,90]_s",
  "n_plies": 24,
  "thick": 3.0,
  "rho": 1.61e-09,
  "gsm": 4830.0,
  "stiff_A": [
    [
      240647.5984209739,
      71590.38375208071,
      0.0
    ],
    [
      71590.38375208071,
      240647.59842097387,
      6.366462912410498e-12
    ],
    [
      0.0,
      6.366462912410498e-12,
      84528.60733444661
    ]
  ],
  "stiff_B": [
    [
      7.275957614183426e-12,
      1.8189894035458565e-12,
      0.0
    ],
    [
      1.8189894035458565e-12,
      -2.0463630789890885e-12,
      0.0
    ],
    [
      0.0,
      9.094947017729282e-13,
      -9.094947017729282e-13
    ]
  ],
  "stiff_D": [
    [
      219674.7199290306,
      52737.65332445982,
      6372.314437283238
    ],
    [
      52737.65332445982,
      143206.9466816317,
      6372.314437283242
    ],
    [
      6372.314437283236,
      6372.314437283239,
      62441.321011234206
    ]
  ],
  "stiff_ABD": [
    [
      240647.5984209739,
      71590.38375208071,
      0.0,
      7.275957614183426e-12,
      1.8189894035458565e-12,
      0.0
    ],
    [
      71590.38375208071,
      240647.59842097387,
      6.366462912410498e-12,
      1.8189894035458565e-12,
      -2.0463630789890885e-12,
      0.0
    ],
    [
      0.0,
      6.366462912410498e-12,
      84528.60733444661,
      0.0,
      9.094947017729282e-13,
      -9.094947017729282e-13
    ],
    [
      7.275957614183426e-12,
      1.8189894035458565e-12,
      0.0,
      219674.7199290306,
      52737.65332445982,
      6372.314437283238
    ],
    [
      1.8189894035458565e-12,
      -2.0463630789890885e-12,
      0.0,
      52737.65332445982,
      143206.9466816317,
      6372.314437283242
    ],
    [
      0.0,
      9.094947017729282e-13,
      -9.094947017729282e-13,
      6372.314437283236,
      6372.314437283239,
      62441.321011234206
    ]
  ],
  "compl_a": [
    [
      4.558921255376048e-06,
      -1.3562359413076249e-06,
      1.0214797206642825e-22
    ],
    [
      -1.356235941307625e-06,
      4.558921255376048e-06,
      -3.4336544760656124e-22
    ],
    [
      1.0214797206642824e-22,
      -3.4336544760656124e-22,
      1.1830314393367341e-05
    ]
  ],
  "compl_b": [
    [
      -1.333024440888702e-22,
      -2.893313838908007e-23,
      1.6556602706712403e-23
    ],
    [
      -1.3674520793346837e-23,
      8.774376908754189e-23,
      -7.558977494708957e-24
    ],
    [
      1.617309668062724e-23,
      -8.908789539761174e-23,
      1.797566756092817e-22
    ]
  ],
  "compl_c": [
    [
      -1.3370189193464268e-22,
      -1.2331796257709972e-23,
      -3.4843447628186686e-24
    ],
    [
      -2.967021335850102e-23,
      9.022141080352458e-23,
      -6.429433370807223e-24
    ],
    [
      3.6426965210632456e-23,
      -7.435223611002616e-23,
      1.733272422384745e-22
    ]
  ],
  "compl_d": [
    [
      5.00018161896386e-06,
      -1.8269662766960996e-06,
      -3.238356525881871e-07
    ],
    [
      -1.8269662766961e-06,
      7.682292888471887e-06,
      -5.975527374975716e-07
    ],
    [
      -3.2383565258818706e-07,
      -5.975527374975713e-07,
      1.610906624412248e-05
    ]
  ],
  "compl_abcd": [
    [
      4.558921255376048e-06,
      -1.3562359413076249e-06,
      1.0214797206642825e-22,
      -1.333024440888702e-22,
      -2.893313838908007e-23,
      1.6556602706712403e-23
    ],
    [
      -1.356235941307625e-06,
      4.558921255376048e-06,
      -3.4336544760656124e-22,
      -1.3674520793346837e-23,
      8.774376908754189e-23,
      -7.558977494708957e-24
    ],
    [
      1.0214797206642824e-22,
      -3.4336544760656124e-22,
      1.1830314393367341e-05,
      1.617309668062724e-23,
      -8.908789539761174e-23,
      1.797566756092817e-22
    ],
    [
      -1.3370189193464268e-22,
      -1.2331796257709972e-23,
      -3.4843447628186686e-24,
      5.00018161896386e-06,
      -1.8269662766960996e-06,
      -3.238356525881871e-07
    ],
    [
      -2.967021335850102e-23,
      9.022141080352458e-23,
      -6.429433370807223e-24,
      -1.8269662766961e-06,
      7.682292888471887e-06,
      -5.975527374975716e-07
    ],
    [
      3.6426965210632456e-23,
      -7.435223611002616e-23,
      1.733272422384745e-22,
      -3.2383565258818706e-07,
      -5.975527374975713e-07,
      1.610906624412248e-05
    ]
  ],
  "E1": 73116.71219156383,
  "E2": 73116.71219156383,
  "G12": 28176.202444815535,
  "nu12": 0.2974905389533328,
  "nu21": 0.2974905389533328,
  "eta16": 0.0,
  "eta26": 0.0,
  "eta61": 0.0,
  "eta62": 0.0,
  "E1_bend": 88885.66022458649,
  "E2_bend": 57853.098143573974,
  "G12_bend": 27589.708659035623,
  "nu12_bend": 0.3653799833524216,
  "nu21_bend": 0.2378152334490736,
  "eng_compl": [
    [
      1.3676763766128143e-05,
      -4.068707823922874e-06,
      3.0644391619928476e-22
    ],
    [
      -4.068707823922874e-06,
      1.3676763766128143e-05,
      -1.0300963428196839e-21
    ],
    [
      3.064439161992847e-22,
      -1.0300963428196837e-21,
      3.549094318010203e-05
    ]
  ],
  "eng_stiff": [
    [
      80215.86614032464,
      23863.461250693566,
      0.0
    ],
    [
      23863.46125069357,
      80215.86614032462,
      2.1221543041368327e-12
    ],
    [
      -6.746857541627208e-29,
      2.122154304136832e-12,
      28176.202444815535
    ]
  ]
}