{
  "name": "MAT_CFRP_HARD16",
  "plies": [
    "cfrp-as4--3501-6_t=0.125_ang=0",
    "cfrp-as4--3501-6_t=0.125_ang=0",
    "cfrp-as4--3501-6_t=0.125_ang=0",
    "cfrp-as4--3501-6_t=0.125_ang=0",
    "cfrp-as4--3501-6_t=0.125_ang=0",
    "cfrp-as4--3501-6_t=0.125_ang=0",
    "cfrp-as4--3501-6_t=0.125_ang=45",
    "cfrp-as4--3501-6_t=0.125_ang=-45",
    "cfrp-as4--3501-6_t=0.125_ang=-45",
    "cfrp-as4--3501-6_t=0.125_ang=45",
    "cfrp-as4--3501-6_t=0.125_ang=0",
    "cfrp-as4--3501-6_t=0.125_ang=0",
    "cfrp-as4--3501-6_t=0.125_ang=0",
    "cfrp-as4--3501-6_t=0.125_ang=0",
    "cfrp-as4--3501-6_t=0.125_ang=0",
    "cfrp-as4--3501-6_t=0.125_ang=0"
  ],
  "stacking_seq": "[0_6,45,-45]_s",
  "n_plies": 16,
  "thick": 2.0,
  "rho": 1.6e-09,
  "gsm": 3200.0,
  "stiff_A": [
    [
      245594.35809977126,
      21155.187692398587,
      0.0
    ],
    [
      21155.187692398587,
      39491.59359101828,
      0.0
    ],
    [
      0.0,
      0.0,
      29564.631358832703
    ]
  ],
  "stiff_B": [
    [
      0.0,
      -1.1368683772161603e-13,
      0.0
    ],
    [
      -1.1368683772161603e-13,
      -6.821210263296962e-13,
      0.0
    ],
    [
      0.0,
      0.0,
      0.0
    ]
  ],
  "stiff_D": [
    [
      97463.25231772319,
      2187.7819311643084,
      268.36297462077204
    ],
    [
      2187.7819311643084,
      7293.292845143762,
      268.36297462077204
    ],
    [
      268.3629746207721,
      268.3629746207721,
      4990.9298199756795
    ]
  ],
  "stiff_ABD": [
    [
      245594.35809977126,
      21155.187692398587,
      0.0,
      0.0,
      -1.1368683772161603e-13,
      0.0
    ],
    [
      21155.187692398587,
      39491.59359101828,
      0.0,
      -1.1368683772161603e-13,
      -6.821210263296962e-13,
      0.0
    ],
    [
      0.0,
      0.0,
      29564.631358832703,
      0.0,
      0.0,
      0.0
    ],
    [
      0.0,
      -1.1368683772161603e-13,
      0.0,
      97463.25231772319,
      2187.7819311643084,
      268.36297462077204
    ],
    [
      -1.1368683772161603e-13,
      -6.821210263296962e-13,
      0.0,
      2187.7819311643084,
      7293.292845143762,
      268.36297462077204
    ],
    [
      0.0,
      0.0,
      0.0,
      268.3629746207721,
      268.3629746207721,
      4990.9298199756795
    ]
  ],
  "compl_a": [
    [
      4.268728953491196e-06,
      -2.2867084867302243e-06,
      0.0
    ],
    [
      -2.2867084867302243e-06,
      2.654680786224374e-05,
      0.0
    ],
    [
      0.0,
      0.0,
      3.382419986445192e-05
    ]
  ],
  "compl_b": [
    [
      6.287602574263706e-25,
      -1.4780882282939216e-22,
      7.91389196429866e-24
    ],
    [
      -2.3875589384563276e-23,
      2.4591831714457696e-21,
      -1.309468196131938e-22
    ],
    [
      0.0,
      0.0,
      0.0
    ]
  ],
  "compl_c": [
    [
      6.28760257426371e-25,
      -2.3875589384563276e-23,
      0.0
    ],
    [
      -1.4780882282939218e-22,
      2.45918317144577e-21,
      0.0
    ],
    [
      7.913891964298663e-24,
      -1.3094681961319384e-22,
      0.0
    ]
  ],
  "compl_d": [
    [
      1.033058979676114e-05,
      -3.0845488352353317e-06,
      -3.896206071413965e-07
    ],
    [
      -3.0845488352353317e-06,
      0.0001383050924167475,
      -7.270827003043128e-06
    ],
    [
      -3.896206071413966e-07,
      -7.27082700304313e-06,
      0.00020077536985131932
    ]
  ],
  "compl_abcd": [
    [
      4.268728953491196e-06,
      -2.2867084867302243e-06,
      0.0,
      6.287602574263706e-25,
      -1.4780882282939216e-22,
      7.91389196429866e-24
    ],
    [
      -2.2867084867302243e-06,
      2.654680786224374e-05,
      0.0,
      -2.3875589384563276e-23,
      2.4591831714457696e-21,
      -1.309468196131938e-22
    ],
    [
      0.0,
      0.0,
      3.382419986445192e-05,
      0.0,
      0.0,
      0.0
    ],
    [
      6.28760257426371e-25,
      -2.3875589384563276e-23,
      0.0,
      1.033058979676114e-05,
      -3.0845488352353317e-06,
      -3.896206071413965e-07
    ],
    [
      -1.4780882282939218e-22,
      2.45918317144577e-21,
      0.0,
      -3.0845488352353317e-06,
      0.0001383050924167475,
      -7.270827003043128e-06
    ],
    [
      7.913891964298663e-24,
      -1.3094681961319384e-22,
      0.0,
      -3.896206071413966e-07,
      -7.27082700304313e-06,
      0.00020077536985131932
    ]
  ],
  "E1": 117130.88496543524,
  "E2": 18834.65622663907,
  "G12": 14782.31567941635,
  "nu12": 0.5356883774173647,
  "nu21": 0.08613873647620364,
  "eta16": 0.0,
  "eta26": 0.0,
  "eta61": 0.0,
  "eta62": 0.0,
  "E1_bend": 145199.84139436862,
  "E2_bend": 10845.58763375197,
  "G12_bend": 7471.035919947744,
  "nu12_bend": 0.29858400109956973,
  "nu21_bend": 0.0223024964687549,
  "eng_compl": [
    [
      8.537457906982392e-06,
      -4.5734169734604486e-06,
      0.0
    ],
    [
      -4.5734169734604486e-06,
      5.309361572448748e-05,
      0.0
    ],
    [
      0.0,
      0.0,
      6.764839972890384e-05
    ]
  ],
  "eng_stiff": [
    [
      122797.17904988564,
      10577.593846199294,
      0.0
    ],
    [
      10577.593846199292,
      19745.79679550914,
      0.0
    ],
    [
      0.0,
      0.0,
      14782.31567941635
    ]
  ]
}