{
  "name": "MAT_CFRP_CRS16",
  "plies": [
    "cfrp-as4--3501-6_t=0.125_ang=0",
    "cfrp-as4--3501-6_t=0.125_ang=90",
    "cfrp-as4--3501-6_t=0.125_ang=0",
    "cfrp-as4--3501-6_t=0.125_ang=90",
    "cfrp-as4--3501-6_t=0.125_ang=0",
    "cfrp-as4--3501-6_t=0.125_ang=90",
    "cfrp-as4--3501-6_t=0.125_ang=0",
    "cfrp-as4--3501-6_t=0.125_ang=90",
    "cfrp-as4--3501-6_t=0.125_ang=0",
    "cfrp-as4--3501-6_t=0.125_ang=90",
    "cfrp-as4--3501-6_t=0.125_ang=0",
    "cfrp-as4--3501-6_t=0.125_ang=90",
    "cfrp-as4--3501-6_t=0.125_ang=0",
    "cfrp-as4--3501-6_t=0.125_ang=90",
    "cfrp-as4--3501-6_t=0.125_ang=0",
    "cfrp-as4--3501-6_t=0.125_ang=90"
  ],
  "stacking_seq": "[0,90,0,90,0,90,0,90,0,90,0,90,0,90,0,90]",
  "n_plies": 16,
  "thick": 2.0,
  "rho": 1.6e-09,
  "gsm": 3200.0,
  "stiff_A": [
    [
      158107.60720422748,
      5590.556333565882,
      3.944829861504874e-13
    ],
    [
      5590.556333565882,
      158107.60720422748,
      8.01895337555168e-12
    ],
    [
      3.944829861504874e-13,
      8.01895337555168e-12,
      14000.0
    ]
  ],
  "stiff_B": [
    [
      -8587.615187864712,
      -1.1368683772161603e-13,
      2.4655186634405488e-14
    ],
    [
      -1.1368683772161603e-13,
      8587.615187864712,
      5.0118458597198e-13
    ],
    [
      2.4655186634405488e-14,
      5.0118458597198e-13,
      0.0
    ]
  ],
  "stiff_D": [
    [
      52702.535734742494,
      1863.5187778552936,
      1.3149432871682913e-13
    ],
    [
      1863.5187778552936,
      52702.535734742494,
      2.6729844585172267e-12
    ],
    [
      1.3149432871682913e-13,
      2.6729844585172267e-12,
      4666.666666666664
    ]
  ],
  "stiff_ABD": [
    [
      158107.60720422748,
      5590.556333565882,
      3.944829861504874e-13,
      -8587.615187864712,
      -1.1368683772161603e-13,
      2.4655186634405488e-14
    ],
    [
      5590.556333565882,
      158107.60720422748,
      8.01895337555168e-12,
      -1.1368683772161603e-13,
      8587.615187864712,
      5.0118458597198e-13
    ],
    [
      3.944829861504874e-13,
      8.01895337555168e-12,
      14000.0,
      2.4655186634405488e-14,
      5.0118458597198e-13,
      0.0
    ],
    [
      -8587.615187864712,
      -1.1368683772161603e-13,
      2.4655186634405488e-14,
      52702.535734742494,
      1863.5187778552936,
      1.3149432871682913e-13
    ],
    [
      -1.1368683772161603e-13,
      8587.615187864712,
      5.0118458597198e-13,
      1863.5187778552936,
      52702.535734742494,
      2.6729844585172267e-12
    ],
    [
      2.4655186634405488e-14,
      5.0118458597198e-13,
      0.0,
      1.3149432871682913e-13,
      2.6729844585172267e-12,
      4666.666666666664
    ]
  ],
  "compl_a": [
    [
      6.389342754458951e-06,
      -2.259219605867812e-07,
      -5.246415282820382e-23
    ],
    [
      -2.2592196058678114e-07,
      6.38934275445895e-06,
      -3.61606644533229e-21
    ],
    [
      -5.2464152828203856e-23,
      -3.61606644533229e-21,
      7.142857142857143e-05
    ]
  ],
  "compl_b": [
    [
      1.0411115160535667e-06,
      1.6457685116972893e-23,
      -3.8829020084256884e-23
    ],
    [
      1.9683783783127947e-39,
      -1.0411115160535665e-06,
      -8.867036848478786e-23
    ],
    [
      -3.882902008425687e-23,
      -8.867036848478763e-23,
      4.4051369797546596e-37
    ]
  ],
  "compl_c": [
    [
      1.0411115160535665e-06,
      8.302413883695248e-24,
      -3.882902008425686e-23
    ],
    [
      2.659861028502526e-23,
      -1.0411115160535667e-06,
      -8.867036848478763e-23
    ],
    [
      -3.882902008425689e-23,
      -8.867036848478778e-23,
      4.4051369797546596e-37
    ]
  ],
  "compl_d": [
    [
      1.916802826337685e-05,
      -6.777658817603434e-07,
      -1.5739245848461176e-22
    ],
    [
      -6.777658817603433e-07,
      1.9168028263376848e-05,
      -1.0848199335996874e-20
    ],
    [
      -1.5739245848461185e-22,
      -1.0848199335996874e-20,
      0.0002142857142857144
    ]
  ],
  "compl_abcd": [
    [
      6.389342754458951e-06,
      -2.259219605867812e-07,
      -5.246415282820382e-23,
      1.0411115160535667e-06,
      1.6457685116972893e-23,
      -3.8829020084256884e-23
    ],
    [
      -2.2592196058678114e-07,
      6.38934275445895e-06,
      -3.61606644533229e-21,
      1.9683783783127947e-39,
      -1.0411115160535665e-06,
      -8.867036848478786e-23
    ],
    [
      -5.2464152828203856e-23,
      -3.61606644533229e-21,
      7.142857142857143e-05,
      -3.882902008425687e-23,
      -8.867036848478763e-23,
      4.4051369797546596e-37
    ],
    [
      1.0411115160535665e-06,
      8.302413883695248e-24,
      -3.882902008425686e-23,
      1.916802826337685e-05,
      -6.777658817603434e-07,
      -1.5739245848461176e-22
    ],
    [
      2.659861028502526e-23,
      -1.0411115160535667e-06,
      -8.867036848478763e-23,
      -6.777658817603433e-07,
      1.9168028263376848e-05,
      -1.0848199335996874e-20
    ],
    [
      -3.882902008425689e-23,
      -8.867036848478778e-23,
      4.4051369797546596e-37,
      -1.5739245848461185e-22,
      -1.0848199335996874e-20,
      0.0002142857142857144
    ]
  ],
  "E1": 78255.31032140409,
  "E2": 78255.3103214041,
  "G12": 6999.999999999999,
  "nu12": 0.035359186268277165,
  "nu21": 0.03535918626827718,
  "eta16": 0.0,
  "eta26": 0.0,
  "eta61": 0.0,
  "eta62": 0.0,
  "E1_bend": 78255.3103214041,
  "E2_bend": 78255.31032140412,
  "G12_bend": 6999.999999999996,
  "nu12_bend": 0.035359186268277165,
  "nu21_bend": 0.03535918626827717,
  "eng_compl": [
    [
      1.2778685508917902e-05,
      -4.518439211735624e-07,
      -1.0492830565640765e-22
    ],
    [
      -4.518439211735623e-07,
      1.27786855089179e-05,
      -7.23213289066458e-21
    ],
    [
      -1.0492830565640771e-22,
      -7.23213289066458e-21,
      0.00014285714285714287
    ]
  ],
  "eng_stiff": [
    [
      78353.27322922714,
      2770.5079828414578,
      1.9780710676392994e-13
    ],
    [
      2770.5079828414573,
      78353.27322922714,
      3.968663923845384e-12
    ],
    [
      1.9780710676392994e-13,
      3.968663923845384e-12,
      6999.999999999999
    ]
  ]
}