{
  "name": "MAT_CFRP_IM7_CRS24",
  "plies": [
    "cfrp-im7--977-3_t=0.125_ang=0",
    "cfrp-im7--977-3_t=0.125_ang=90",
    "cfrp-im7--977-3_t=0.125_ang=0",
    "cfrp-im7--977-3_t=0.125_ang=90",
    "cfrp-im7--977-3_t=0.125_ang=0",
    "cfrp-im7--977-3_t=0.125_ang=90",
    "cfrp-im7--977-3_t=0.125_ang=0",
    "cfrp-im7--977-3_t=0.125_ang=90",
    "cfrp-im7--977-3_t=0.125_ang=0",
    "cfrp-im7--977-3_t=0.125_ang=90",
    "cfrp-im7--977-3_t=0.125_ang=0",
    "cfrp-im7--977-3_t=0.125_ang=90",
    "cfrp-im7--977-3_t=0.125_ang=90",
    "cfrp-im7--977-3_t=0.125_ang=0",
    "cfrp-im7--977-3_t=0.125_ang=90",
    "cfrp-im7--977-3_t=0.125_ang=0",
    "cfrp-im7--977-3_t=0.125_ang=90",
    "cfrp-im7--977-3_t=0.125_ang=0",
    "cfrp-im7--977-3_t=0.125_ang=90",
    "cfrp-im7--977-3_t=0.125_ang=0",
    "cfrp-im7--977-3_t=0.125_ang=90",
    "cfrp-im7--977-3_t=0.125_ang=0",
    "cfrp-im7--977-3_t=0.125_ang=90",
    "cfrp-im7--977-3_t=0.125_ang=0"
  ],
  "stacking_seq": "[0,90,0,90,0,90,0,90,0,90,0,90]_s",
  "n_plies": 24,
  "thick": 3.0,
  "rho": 1.61e-09,
  "gsm": 4830.0,
  "stiff_A": [
    [
      301776.2057554205,
      10461.776417634132,
      8.379947798514684e-13
    ],
    [
      10461.776417634132,
      301776.20575542044,
      1.581018544154455e-11
    ],
    [
      8.379947798514684e-13,
      1.581018544154455e-11,
      23400.0
    ]
  ],
  "stiff_B": [
    [
      1.4551915228366852e-11,
      7.958078640513122e-13,
      2.524354896707238e-29
    ],
    [
      7.958078640513122e-13,
      -2.0463630789890885e-12,
      -6.058451752097371e-28
    ],
    [
      -2.524354896707238e-29,
      -6.058451752097371e-28,
      0.0
    ]
  ],
  "stiff_D": [
    [
      251821.41206569833,
      7846.332313225601,
      5.499340742775261e-13
    ],
    [
      7846.332313225601,
      200842.89656743236,
      1.0375434196013611e-11
    ],
    [
      5.49934074277526e-13,
      1.0375434196013611e-11,
      17550.0
    ]
  ],
  "stiff_ABD": [
    [
      301776.2057554205,
      10461.776417634132,
      8.379947798514684e-13,
      1.4551915228366852e-11,
      7.958078640513122e-13,
      2.524354896707238e-29
    ],
    [
      10461.776417634132,
      301776.20575542044,
      1.581018544154455e-11,
      7.958078640513122e-13,
      -2.0463630789890885e-12,
      -6.058451752097371e-28
    ],
    [
      8.379947798514684e-13,
      1.581018544154455e-11,
      23400.0,
      -2.524354896707238e-29,
      -6.058451752097371e-28,
      0.0
    ],
    [
      1.4551915228366852e-11,
      7.958078640513122e-13,
      2.524354896707238e-29,
      251821.41206569833,
      7846.332313225601,
      5.499340742775261e-13
    ],
    [
      7.958078640513122e-13,
      -2.0463630789890885e-12,
      -6.058451752097371e-28,
      7846.332313225601,
      200842.89656743236,
      1.0375434196013611e-11
    ],
    [
      -2.524354896707238e-29,
      -6.058451752097371e-28,
      0.0,
      5.49934074277526e-13,
      1.0375434196013611e-11,
      17550.0
    ]
  ],
  "compl_a": [
    [
      3.317701167447156e-06,
      -1.1501585337873328e-07,
      -4.1102320033870414e-23
    ],
    [
      -1.1501585337873327e-07,
      3.3177011674471564e-06,
      -2.2374823936853354e-21
    ],
    [
      -4.1102320033870414e-23,
      -2.2374823936853358e-21,
      4.2735042735042735e-05
    ]
  ],
  "compl_b": [
    [
      -1.9114190775286167e-22,
      -6.85039885293889e-24,
      1.296806774365999e-39
    ],
    [
      -4.9116861785673755e-24,
      3.445125785887285e-23,
      9.448267795552407e-38
    ],
    [
      1.0431307387676098e-38,
      1.058687187935043e-37,
      -1.4009691173974804e-52
    ]
  ],
  "compl_c": [
    [
      -1.9114190775286167e-22,
      -4.911686178567375e-24,
      1.8530145491636102e-39
    ],
    [
      -6.850398852938889e-24,
      3.4451257858872856e-23,
      1.0620384708253758e-37
    ],
    [
      1.0841029210669755e-38,
      9.415180521173426e-38,
      -1.4014447543410295e-52
    ]
  ],
  "compl_d": [
    [
      3.9759079177620105e-06,
      -1.5532685149793945e-07,
      -3.2758046357623266e-23
    ],
    [
      -1.5532685149793945e-07,
      4.985084178756922e-06,
      -2.9422788222217684e-21
    ],
    [
      -3.2758046357623254e-23,
      -2.9422788222217684e-21,
      5.698005698005698e-05
    ]
  ],
  "compl_abcd": [
    [
      3.317701167447156e-06,
      -1.1501585337873328e-07,
      -4.1102320033870414e-23,
      -1.9114190775286167e-22,
      -6.85039885293889e-24,
      1.296806774365999e-39
    ],
    [
      -1.1501585337873327e-07,
      3.3177011674471564e-06,
      -2.2374823936853354e-21,
      -4.9116861785673755e-24,
      3.445125785887285e-23,
      9.448267795552407e-38
    ],
    [
      -4.1102320033870414e-23,
      -2.2374823936853358e-21,
      4.2735042735042735e-05,
      1.0431307387676098e-38,
      1.058687187935043e-37,
      -1.4009691173974804e-52
    ],
    [
      -1.9114190775286167e-22,
      -4.911686178567375e-24,
      1.8530145491636102e-39,
      3.9759079177620105e-06,
      -1.5532685149793945e-07,
      -3.2758046357623266e-23
    ],
    [
      -6.850398852938889e-24,
      3.4451257858872856e-23,
      1.0620384708253758e-37,
      -1.5532685149793945e-07,
      4.985084178756922e-06,
      -2.9422788222217684e-21
    ],
    [
      1.0841029210669755e-38,
      9.415180521173426e-38,
      -1.4014447543410295e-52,
      -3.2758046357623254e-23,
      -2.9422788222217684e-21,
      5.698005698005698e-05
    ]
  ],
  "E1": 100471.17462053419,
  "E2": 100471.17462053418,
  "G12": 7800.0,
  "nu12": 0.0346673336668334,
  "nu21": 0.0346673336668334,
  "eta16": 0.0,
  "eta26": 0.0,
  "eta61": 0.0,
  "eta62": 0.0,
  "E1_bend": 111784.39079510089,
  "E2_bend": 89154.8524573302,
  "G12_bend": 7800.0,
  "nu12_bend": 0.0390670143048411,
  "nu21_bend": 0.031158320687910964,
  "eng_compl": [
    [
      9.953103502341468e-06,
      -3.4504756013619985e-07,
      -1.2330696010161125e-22
    ],
    [
      -3.450475601361998e-07,
      9.95310350234147e-06,
      -6.712447181056006e-21
    ],
    [
      -1.2330696010161123e-22,
      -6.712447181056007e-21,
      0.0001282051282051282
    ]
  ],
  "eng_stiff": [
    [
      100592.06858514018,
      3487.258805878044,
      2.793315932838228e-13
    ],
    [
      3487.258805878044,
      100592.06858514015,
      5.270061813848183e-12
    ],
    [
      2.7933159328382283e-13,
      5.2700618138481845e-12,
      7800.0
    ]
  ]
}