{
  "name": "MAT_CFRP_AS4_AP24",
  "plies": [
    "cfrp-as4--3501-6_t=0.125_ang=45",
    "cfrp-as4--3501-6_t=0.125_ang=-45",
    "cfrp-as4--3501-6_t=0.125_ang=45",
    "cfrp-as4--3501-6_t=0.125_ang=-45",
    "cfrp-as4--3501-6_t=0.125_ang=45",
    "cfrp-as4--3501-6_t=0.125_ang=-45",
    "cfrp-as4--3501-6_t=0.125_ang=45",
    "cfrp-as4--3501-6_t=0.125_ang=-45",
    "cfrp-as4--3501-6_t=0.125_ang=45",
    "cfrp-as4--3501-6_t=0.125_ang=-45",
    "cfrp-as4--3501-6_t=0.125_ang=45",
    "cfrp-as4--3501-6_t=0.125_ang=-45",
    "cfrp-as4--3501-6_t=0.125_ang=-45",
    "cfrp-as4--3501-6_t=0.125_ang=45",
    "cfrp-as4--3501-6_t=0.125_ang=-45",
    "cfrp-as4--3501-6_t=0.125_ang=45",
    "cfrp-as4--3501-6_t=0.125_ang=-45",
    "cfrp-as4--3501-6_t=0.125_ang=45",
    "cfrp-as4--3501-6_t=0.125_ang=-45",
    "cfrp-as4--3501-6_t=0.125_ang=45",
    "cfrp-as4--3501-6_t=0.125_ang=-45",
    "cfrp-as4--3501-6_t=0.125_ang=45",
    "cfrp-as4--3501-6_t=0.125_ang=-45",
    "cfrp-as4--3501-6_t=0.125_ang=45"
  ],
  "stacking_seq": "[45,-45,45,-45,45,-45,45,-45,45,-45,45,-45]_s",
  "n_plies": 24,
  "thick": 3.0,
  "rho": 1.6e-09,
  "gsm": 4800.0,
  "stiff_A": [
    [
      143773.622653345,
      101773.622653345,
      0.0
    ],
    [
      101773.622653345,
      143773.622653345,
      0.0
    ],
    [
      0.0,
      0.0,
      114387.7881529962
    ]
  ],
  "stiff_B": [
    [
      0.0,
      0.0,
      0.0
    ],
    [
      0.0,
      0.0,
      0.0
    ],
    [
      0.0,
      0.0,
      -5.4569682106375694e-12
    ]
  ],
  "stiff_D": [
    [
      107830.21699000875,
      76330.21699000873,
      9661.067086347794
    ],
    [
      76330.21699000873,
      107830.21699000875,
      9661.067086347794
    ],
    [
      9661.067086347792,
      9661.067086347792,
      85790.84111474713
    ]
  ],
  "stiff_ABD": [
    [
      143773.622653345,
      101773.622653345,
      0.0,
      0.0,
      0.0,
      0.0
    ],
    [
      101773.622653345,
      143773.622653345,
      0.0,
      0.0,
      0.0,
      0.0
    ],
    [
      0.0,
      0.0,
      114387.7881529962,
      0.0,
      0.0,
      -5.4569682106375694e-12
    ],
    [
      0.0,
      0.0,
      0.0,
      107830.21699000875,
      76330.21699000873,
      9661.067086347794
    ],
    [
      0.0,
      0.0,
      0.0,
      76330.21699000873,
      107830.21699000875,
      9661.067086347794
    ],
    [
      0.0,
      0.0,
      -5.4569682106375694e-12,
      9661.067086347792,
      9661.067086347792,
      85790.84111474713
    ]
  ],
  "compl_a": [
    [
      1.3941029912474625e-05,
      -9.868493897049185e-06,
      0.0
    ],
    [
      -9.868493897049187e-06,
      1.3941029912474625e-05,
      0.0
    ],
    [
      0.0,
      0.0,
      8.742191943273506e-06
    ]
  ],
  "compl_b": [
    [
      0.0,
      0.0,
      0.0
    ],
    [
      0.0,
      0.0,
      0.0
    ],
    [
      -2.952034689656593e-23,
      -2.9520346896565933e-23,
      5.627204373101414e-22
    ]
  ],
  "compl_c": [
    [
      0.0,
      0.0,
      -2.952034689656594e-23
    ],
    [
      0.0,
      0.0,
      -2.9520346896565933e-23
    ],
    [
      0.0,
      0.0,
      5.627204373101415e-22
    ]
  ],
  "compl_d": [
    [
      1.8620502121734858e-05,
      -1.3125529624296871e-05,
      -6.187991310678381e-07
    ],
    [
      -1.3125529624296873e-05,
      1.8620502121734858e-05,
      -6.187991310678381e-07
    ],
    [
      -6.187991310678378e-07,
      -6.18799131067838e-07,
      1.1795624179542968e-05
    ]
  ],
  "compl_abcd": [
    [
      1.3941029912474625e-05,
      -9.868493897049185e-06,
      0.0,
      0.0,
      0.0,
      0.0
    ],
    [
      -9.868493897049187e-06,
      1.3941029912474625e-05,
      0.0,
      0.0,
      0.0,
      0.0
    ],
    [
      0.0,
      0.0,
      8.742191943273506e-06,
      -2.952034689656593e-23,
      -2.9520346896565933e-23,
      5.627204373101414e-22
    ],
    [
      0.0,
      0.0,
      -2.952034689656594e-23,
      1.8620502121734858e-05,
      -1.3125529624296871e-05,
      -6.187991310678381e-07
    ],
    [
      0.0,
      0.0,
      -2.9520346896565933e-23,
      -1.3125529624296873e-05,
      1.8620502121734858e-05,
      -6.187991310678381e-07
    ],
    [
      0.0,
      0.0,
      5.627204373101415e-22,
      -6.187991310678378e-07,
      -6.18799131067838e-07,
      1.1795624179542968e-05
    ]
  ],
  "E1": 23910.237294237642,
  "E2": 23910.237294237642,
  "G12": 38129.2627176654,
  "nu12": 0.7078740924455462,
  "nu21": 0.707874092445546,
  "eta16": 0.0,
  "eta26": 0.0,
  "eta61": 0.0,
  "eta62": 0.0,
  "E1_bend": 23868.553143132744,
  "E2_bend": 23868.553143132744,
  "G12_bend": 37678.755925035315,
  "nu12_bend": 0.7048966530809093,
  "nu21_bend": 0.7048966530809093,
  "eng_compl": [
    [
      4.1823089737423875e-05,
      -2.9605481691147556e-05,
      0.0
    ],
    [
      -2.9605481691147566e-05,
      4.1823089737423875e-05,
      0.0
    ],
    [
      0.0,
      0.0,
      2.622657582982052e-05
    ]
  ],
  "eng_stiff": [
    [
      47924.54088444834,
      33924.54088444833,
      0.0
    ],
    [
      33924.540884448346,
      47924.54088444834,
      0.0
    ],
    [
      0.0,
      0.0,
      38129.2627176654
    ]
  ]
}