{
  "name": "MAT_SAND-HC_QI",
  "plies": [
    "cfrp-as4--3501-6_t=0.125_ang=0",
    "cfrp-as4--3501-6_t=0.125_ang=45",
    "cfrp-as4--3501-6_t=0.125_ang=-45",
    "cfrp-as4--3501-6_t=0.125_ang=90",
    "aramid-honeycomb-pn1-nomex_t=5.0_ang=0",
    "cfrp-as4--3501-6_t=0.125_ang=90",
    "cfrp-as4--3501-6_t=0.125_ang=-45",
    "cfrp-as4--3501-6_t=0.125_ang=45",
    "cfrp-as4--3501-6_t=0.125_ang=0"
  ],
  "stacking_seq": "[0,45,-45,90,0,90,-45,45,0]",
  "n_plies": 9,
  "thick": 6.0,
  "rho": 3.066666666666667e-10,
  "gsm": 1840.0000000000002,
  "stiff_A": [
    [
      63489.172243281035,
      18359.90952561564,
      0.0
    ],
    [
      18359.90952561564,
      63489.172243281035,
      1.8189894035458565e-12
    ],
    [
      0.0,
      1.8189894035458565e-12,
      22564.6313588327
    ]
  ],
  "stiff_B": [
    [
      7.275957614183426e-12,
      -9.094947017729282e-13,
      0.0
    ],
    [
      -9.094947017729282e-13,
      0.0,
      0.0
    ],
    [
      0.0,
      0.0,
      0.0
    ]
  ],
  "stiff_D": [
    [
      517126.66619313817,
      138986.11653760346,
      5903.985441656987
    ],
    [
      138986.11653760346,
      446278.8408932543,
      5903.9854416570015
    ],
    [
      5903.98544165698,
      5903.985441656994,
      170871.92377283287
    ]
  ],
  "stiff_ABD": [
    [
      63489.172243281035,
      18359.90952561564,
      0.0,
      7.275957614183426e-12,
      -9.094947017729282e-13,
      0.0
    ],
    [
      18359.90952561564,
      63489.172243281035,
      1.8189894035458565e-12,
      -9.094947017729282e-13,
      0.0,
      0.0
    ],
    [
      0.0,
      1.8189894035458565e-12,
      22564.6313588327,
      0.0,
      0.0,
      0.0
    ],
    [
      7.275957614183426e-12,
      -9.094947017729282e-13,
      0.0,
      517126.66619313817,
      138986.11653760346,
      5903.985441656987
    ],
    [
      -9.094947017729282e-13,
      0.0,
      0.0,
      138986.11653760346,
      446278.8408932543,
      5903.9854416570015
    ],
    [
      0.0,
      0.0,
      0.0,
      5903.98544165698,
      5903.985441656994,
      170871.92377283287
    ]
  ],
  "compl_a": [
    [
      1.7188089832172217e-05,
      -4.9704817858959e-06,
      4.0068253521559175e-22
    ],
    [
      -4.9704817858959e-06,
      1.7188089832172214e-05,
      -1.385573412422587e-21
    ],
    [
      4.006825352155917e-22,
      -1.385573412422587e-21,
      4.431714323613623e-05
    ]
  ],
  "compl_b": [
    [
      -2.837897915348923e-22,
      1.2333675942048167e-22,
      5.543990754927134e-24
    ],
    [
      1.1230502273129393e-22,
      -4.507440026799558e-23,
      -2.3229598373607015e-24
    ],
    [
      -9.053178980175814e-39,
      3.633556212589059e-39,
      1.8725939997985903e-40
    ]
  ],
  "compl_c": [
    [
      -2.8378979153489227e-22,
      1.123050227312939e-22,
      -9.053178980175813e-39
    ],
    [
      1.2333675942048167e-22,
      -4.507440026799557e-23,
      3.633556212589059e-39
    ],
    [
      5.543990754927128e-24,
      -2.3229598373606985e-24,
      1.872593999798588e-40
    ]
  ],
  "compl_d": [
    [
      2.1108402625726115e-06,
      -6.567213828407993e-07,
      -5.0242874937071036e-08
    ],
    [
      -6.567213828407992e-07,
      2.446094410136707e-06,
      -6.1826612995203e-08
    ],
    [
      -5.024287493707097e-08,
      -6.182661299520292e-08,
      5.856208758763343e-06
    ]
  ],
  "compl_abcd": [
    [
      1.7188089832172217e-05,
      -4.9704817858959e-06,
      4.0068253521559175e-22,
      -2.837897915348923e-22,
      1.2333675942048167e-22,
      5.543990754927134e-24
    ],
    [
      -4.9704817858959e-06,
      1.7188089832172214e-05,
      -1.385573412422587e-21,
      1.1230502273129393e-22,
      -4.507440026799558e-23,
      -2.3229598373607015e-24
    ],
    [
      4.006825352155917e-22,
      -1.385573412422587e-21,
      4.431714323613623e-05,
      -9.053178980175814e-39,
      3.633556212589059e-39,
      1.8725939997985903e-40
    ],
    [
      -2.8378979153489227e-22,
      1.123050227312939e-22,
      -9.053178980175813e-39,
      2.1108402625726115e-06,
      -6.567213828407993e-07,
      -5.0242874937071036e-08
    ],
    [
      1.2333675942048167e-22,
      -4.507440026799557e-23,
      3.633556212589059e-39,
      -6.567213828407992e-07,
      2.446094410136707e-06,
      -6.1826612995203e-08
    ],
    [
      5.543990754927128e-24,
      -2.3229598373606985e-24,
      1.872593999798588e-40,
      -5.024287493707097e-08,
      -6.182661299520292e-08,
      5.856208758763343e-06
    ]
  ],
  "E1": 9696.636932552236,
  "E2": 9696.636932552237,
  "G12": 3760.771893138783,
  "nu12": 0.28918174354617826,
  "nu21": 0.2891817435461783,
  "eta16": 0.0,
  "eta26": 0.0,
  "eta61": 0.0,
  "eta62": 0.0,
  "E1_bend": 26319.166135217907,
  "E2_bend": 22711.942484857187,
  "G12_bend": 9486.607777159781,
  "nu12_bend": 0.3111184652316667,
  "nu21_bend": 0.26847752896181,
  "eng_compl": [
    [
      0.0001031285389930333,
      -2.98228907153754e-05,
      2.4040952112935505e-21
    ],
    [
      -2.98228907153754e-05,
      0.00010312853899303328,
      -8.31344047453552e-21
    ],
    [
      2.40409521129355e-21,
      -8.31344047453552e-21,
      0.0002659028594168174
    ]
  ],
  "eng_stiff": [
    [
      10581.528707213503,
      3059.9849209359395,
      -2.988006948520567e-29
    ],
    [
      3059.9849209359395,
      10581.528707213507,
      3.0316490059097606e-13
    ],
    [
      -1.0045342760722523e-30,
      3.031649005909761e-13,
      3760.771893138783
    ]
  ]
}