{
  "name": "MAT_CFRP_QI24",
  "plies": [
    "cfrp-as4--3501-6_t=0.125_ang=0",
    "cfrp-as4--3501-6_t=0.125_ang=45",
    "cfrp-as4--3501-6_t=0.125_ang=-45",
    "cfrp-as4--3501-6_t=0.125_ang=90",
    "cfrp-as4--3501-6_t=0.125_ang=0",
    "cfrp-as4--3501-6_t=0.125_ang=45",
    "cfrp-as4--3501-6_t=0.125_ang=-45",
    "cfrp-as4--3501-6_t=0.125_ang=90",
    "cfrp-as4--3501-6_t=0.125_ang=0",
    "cfrp-as4--3501-6_t=0.125_ang=45",
    "cfrp-as4--3501-6_t=0.125_ang=-45",
    "cfrp-as4--3501-6_t=0.125_ang=90",
    "cfrp-as4--3501-6_t=0.125_ang=0",
    "cfrp-as4--3501-6_t=0.125_ang=45",
    "cfrp-as4--3501-6_t=0.125_ang=-45",
    "cfrp-as4--3501-6_t=0.125_ang=90",
    "cfrp-as4--3501-6_t=0.125_ang=0",
    "cfrp-as4--3501-6_t=0.125_ang=45",
    "cfrp-as4--3501-6_t=0.125_ang=-45",
    "cfrp-as4--3501-6_t=0.125_ang=90",
    "cfrp-as4--3501-6_t=0.125_ang=0",
    "cfrp-as4--3501-6_t=0.125_ang=45",
    "cfrp-as4--3501-6_t=0.125_ang=-45",
    "cfrp-as4--3501-6_t=0.125_ang=90"
  ],
  "stacking_seq": "[0,45,-45,90,0,45,-45,90,0,45,-45,90,0,45,-45,90,0,45,-45,90,0,45,-45,90]",
  "n_plies": 24,
  "thick": 3.0,
  "rho": 1.6e-09,
  "gsm": 4800.0,
  "stiff_A": [
    [
      190467.51672984308,
      55079.72857684691,
      4.9310373268810926e-14
    ],
    [
      55079.72857684691,
      190467.5167298431,
      5.549842680808601e-12
    ],
    [
      4.9310373268810926e-14,
      5.549842680808601e-12,
      67693.8940764981
    ]
  ],
  "stiff_B": [
    [
      -19322.134172695594,
      -5.684341886080802e-14,
      -3220.3556954492633
    ],
    [
      -5.684341886080802e-14,
      19322.134172695598,
      -3220.355695449262
    ],
    [
      -3220.3556954492656,
      -3220.3556954492647,
      -1.8189894035458565e-12
    ]
  ],
  "stiff_D": [
    [
      143580.22964232764,
      40580.20433768988,
      1.0195946972769758e-13
    ],
    [
      40580.20433768988,
      143580.2296423276,
      3.891596493450815e-12
    ],
    [
      1.0195946972769758e-13,
      4.801091195223743e-12,
      50040.82846242829
    ]
  ],
  "stiff_ABD": [
    [
      190467.51672984308,
      55079.72857684691,
      4.9310373268810926e-14,
      -19322.134172695594,
      -5.684341886080802e-14,
      -3220.3556954492633
    ],
    [
      55079.72857684691,
      190467.5167298431,
      5.549842680808601e-12,
      -5.684341886080802e-14,
      19322.134172695598,
      -3220.355695449262
    ],
    [
      4.9310373268810926e-14,
      5.549842680808601e-12,
      67693.8940764981,
      -3220.3556954492656,
      -3220.3556954492647,
      -1.8189894035458565e-12
    ],
    [
      -19322.134172695594,
      -5.684341886080802e-14,
      -3220.3556954492633,
      143580.22964232764,
      40580.20433768988,
      1.0195946972769758e-13
    ],
    [
      -5.684341886080802e-14,
      19322.134172695598,
      -3220.355695449262,
      40580.20433768988,
      143580.2296423276,
      3.891596493450815e-12
    ],
    [
      -3220.3556954492656,
      -3220.3556954492647,
      -1.8189894035458565e-12,
      1.0195946972769758e-13,
      4.801091195223743e-12,
      50040.82846242829
    ]
  ],
  "compl_a": [
    [
      5.8196552326711954e-06,
      -1.6790064972383787e-06,
      3.7490396851178486e-08
    ],
    [
      -1.6790064972383787e-06,
      5.819655232671195e-06,
      -3.749039685117881e-08
    ],
    [
      3.749039685117851e-08,
      -3.7490396851178843e-08,
      1.4797374676612865e-05
    ]
  ],
  "compl_b": [
    [
      7.824151863211761e-07,
      5.656440957714608e-09,
      2.6646964384327853e-07
    ],
    [
      -5.656440957714439e-09,
      -7.824151863211765e-07,
      2.664696438432784e-07
    ],
    [
      2.6269054242629685e-07,
      2.6269054242629695e-07,
      4.965036774080252e-22
    ]
  ],
  "compl_c": [
    [
      7.824151863211761e-07,
      -5.656440957714458e-09,
      2.626905424262967e-07
    ],
    [
      5.656440957714584e-09,
      -7.824151863211765e-07,
      2.626905424262967e-07
    ],
    [
      2.664696438432787e-07,
      2.664696438432787e-07,
      4.91585098037262e-22
    ]
  ],
  "compl_d": [
    [
      7.688185062007333e-06,
      -2.166265300462868e-06,
      4.998797035303661e-08
    ],
    [
      -2.166265300462868e-06,
      7.688185062007336e-06,
      -4.9987970353037034e-08
    ],
    [
      4.998797035303668e-08,
      -4.998797035303721e-08,
      2.001797901532625e-05
    ]
  ],
  "compl_abcd": [
    [
      5.8196552326711954e-06,
      -1.6790064972383787e-06,
      3.7490396851178486e-08,
      7.824151863211761e-07,
      5.656440957714608e-09,
      2.6646964384327853e-07
    ],
    [
      -1.6790064972383787e-06,
      5.819655232671195e-06,
      -3.749039685117881e-08,
      -5.656440957714439e-09,
      -7.824151863211765e-07,
      2.664696438432784e-07
    ],
    [
      3.749039685117851e-08,
      -3.7490396851178843e-08,
      1.4797374676612865e-05,
      2.6269054242629685e-07,
      2.6269054242629695e-07,
      4.965036774080252e-22
    ],
    [
      7.824151863211761e-07,
      -5.656440957714458e-09,
      2.626905424262967e-07,
      7.688185062007333e-06,
      -2.166265300462868e-06,
      4.998797035303661e-08
    ],
    [
      5.656440957714584e-09,
      -7.824151863211765e-07,
      2.626905424262967e-07,
      -2.166265300462868e-06,
      7.688185062007336e-06,
      -4.9987970353037034e-08
    ],
    [
      2.664696438432787e-07,
      2.664696438432787e-07,
      4.91585098037262e-22,
      4.998797035303668e-08,
      -4.998797035303721e-08,
      2.001797901532625e-05
    ]
  ],
  "E1": 57277.16161981898,
  "E2": 57277.161619818995,
  "G12": 22526.518427634604,
  "nu12": 0.2885061795091463,
  "nu21": 0.28850617950914637,
  "eta16": 0.006442030558908313,
  "eta26": -0.0064420305589083715,
  "eta61": 0.0025335843465822193,
  "eta62": -0.0025335843465822414,
  "E1_bend": 57808.75991666141,
  "E2_bend": 57808.75991666137,
  "G12_bend": 22202.263480452595,
  "nu12_bend": 0.28176549900806774,
  "nu21_bend": 0.2817654990080676,
  "eng_compl": [
    [
      1.7458965698013588e-05,
      -5.037019491715136e-06,
      1.1247119055353545e-07
    ],
    [
      -5.037019491715136e-06,
      1.7458965698013585e-05,
      -1.1247119055353643e-07
    ],
    [
      1.1247119055353554e-07,
      -1.1247119055353654e-07,
      4.4392124029838596e-05
    ]
  ],
  "eng_stiff": [
    [
      62478.09285739319,
      18024.59032867292,
      -112.62669815751842
    ],
    [
      18024.590328672915,
      62478.09285739321,
      112.6266981575202
    ],
    [
      -112.62669815751849,
      112.62669815752031,
      22527.089126113522
    ]
  ]
}