{
  "name": "MAT_CFRP_UD16",
  "plies": [
    "cfrp-as4--3501-6_t=0.125_ang=0",
    "cfrp-as4--3501-6_t=0.125_ang=0",
    "cfrp-as4--3501-6_t=0.125_ang=0",
    "cfrp-as4--3501-6_t=0.125_ang=0",
    "cfrp-as4--3501-6_t=0.125_ang=0",
    "cfrp-as4--3501-6_t=0.125_ang=0",
    "cfrp-as4--3501-6_t=0.125_ang=0",
    "cfrp-as4--3501-6_t=0.125_ang=0",
    "cfrp-as4--3501-6_t=0.125_ang=0",
    "cfrp-as4--3501-6_t=0.125_ang=0",
    "cfrp-as4--3501-6_t=0.125_ang=0",
    "cfrp-as4--3501-6_t=0.125_ang=0",
    "cfrp-as4--3501-6_t=0.125_ang=0",
    "cfrp-as4--3501-6_t=0.125_ang=0",
    "cfrp-as4--3501-6_t=0.125_ang=0",
    "cfrp-as4--3501-6_t=0.125_ang=0"
  ],
  "stacking_seq": "[0_8]_s",
  "n_plies": 16,
  "thick": 2.0,
  "rho": 1.6e-09,
  "gsm": 3200.0,
  "stiff_A": [
    [
      295509.4502100628,
      5590.556333565882,
      0.0
    ],
    [
      5590.556333565882,
      20705.764198392157,
      0.0
    ],
    [
      0.0,
      0.0,
      14000.0
    ]
  ],
  "stiff_B": [
    [
      0.0,
      -1.1368683772161603e-13,
      0.0
    ],
    [
      -1.1368683772161603e-13,
      -6.821210263296962e-13,
      0.0
    ],
    [
      0.0,
      0.0,
      0.0
    ]
  ],
  "stiff_D": [
    [
      98503.15007002093,
      1863.5187778552936,
      0.0
    ],
    [
      1863.5187778552936,
      6901.92139946405,
      0.0
    ],
    [
      0.0,
      0.0,
      4666.666666666664
    ]
  ],
  "stiff_ABD": [
    [
      295509.4502100628,
      5590.556333565882,
      0.0,
      0.0,
      -1.1368683772161603e-13,
      0.0
    ],
    [
      5590.556333565882,
      20705.764198392157,
      0.0,
      -1.1368683772161603e-13,
      -6.821210263296962e-13,
      0.0
    ],
    [
      0.0,
      0.0,
      14000.0,
      0.0,
      0.0,
      0.0
    ],
    [
      0.0,
      -1.1368683772161603e-13,
      0.0,
      98503.15007002093,
      1863.5187778552936,
      0.0
    ],
    [
      -1.1368683772161603e-13,
      -6.821210263296962e-13,
      0.0,
      1863.5187778552936,
      6901.92139946405,
      0.0
    ],
    [
      0.0,
      0.0,
      0.0,
      0.0,
      0.0,
      4666.666666666664
    ]
  ],
  "compl_a": [
    [
      3.4013605442176872e-06,
      -9.183673469387753e-07,
      0.0
    ],
    [
      -9.183673469387753e-07,
      4.854368932038834e-05,
      0.0
    ],
    [
      0.0,
      0.0,
      7.142857142857143e-05
    ]
  ],
  "compl_b": [
    [
      -4.048406757683537e-25,
      -3.4627071359520006e-23,
      0.0
    ],
    [
      -3.462707135952002e-23,
      4.791824071161072e-21,
      0.0
    ],
    [
      0.0,
      0.0,
      0.0
    ]
  ],
  "compl_c": [
    [
      -4.048406757683538e-25,
      -3.4627071359520023e-23,
      0.0
    ],
    [
      -3.462707135952e-23,
      4.791824071161072e-21,
      0.0
    ],
    [
      0.0,
      0.0,
      0.0
    ]
  ],
  "compl_d": [
    [
      1.0204081632653061e-05,
      -2.755102040816327e-06,
      0.0
    ],
    [
      -2.7551020408163266e-06,
      0.00014563106796116509,
      0.0
    ],
    [
      0.0,
      0.0,
      0.0002142857142857144
    ]
  ],
  "compl_abcd": [
    [
      3.4013605442176872e-06,
      -9.183673469387753e-07,
      0.0,
      -4.048406757683537e-25,
      -3.4627071359520006e-23,
      0.0
    ],
    [
      -9.183673469387753e-07,
      4.854368932038834e-05,
      0.0,
      -3.462707135952002e-23,
      4.791824071161072e-21,
      0.0
    ],
    [
      0.0,
      0.0,
      7.142857142857143e-05,
      0.0,
      0.0,
      0.0
    ],
    [
      -4.048406757683538e-25,
      -3.4627071359520023e-23,
      0.0,
      1.0204081632653061e-05,
      -2.755102040816327e-06,
      0.0
    ],
    [
      -3.462707135952e-23,
      4.791824071161072e-21,
      0.0,
      -2.7551020408163266e-06,
      0.00014563106796116509,
      0.0
    ],
    [
      0.0,
      0.0,
      0.0,
      0.0,
      0.0,
      0.0002142857142857144
    ]
  ],
  "E1": 147000.0,
  "E2": 10300.000000000002,
  "G12": 6999.999999999999,
  "nu12": 0.2699999999999999,
  "nu21": 0.018918367346938775,
  "eta16": 0.0,
  "eta26": 0.0,
  "eta61": 0.0,
  "eta62": 0.0,
  "E1_bend": 147000.0,
  "E2_bend": 10299.999999999998,
  "G12_bend": 6999.999999999996,
  "nu12_bend": 0.2700000000000001,
  "nu21_bend": 0.018918367346938775,
  "eng_compl": [
    [
      6.8027210884353745e-06,
      -1.8367346938775506e-06,
      0.0
    ],
    [
      -1.8367346938775504e-06,
      9.708737864077668e-05,
      0.0
    ],
    [
      0.0,
      0.0,
      0.00014285714285714287
    ]
  ],
  "eng_stiff": [
    [
      147754.7251050314,
      2795.2781667829404,
      0.0
    ],
    [
      2795.2781667829404,
      10352.882099196078,
      0.0
    ],
    [
      0.0,
      0.0,
      6999.999999999999
    ]
  ]
}