{
  "name": "MAT_CFRP_AP16",
  "plies": [
    "cfrp-as4--3501-6_t=0.125_ang=45",
    "cfrp-as4--3501-6_t=0.125_ang=-45",
    "cfrp-as4--3501-6_t=0.125_ang=45",
    "cfrp-as4--3501-6_t=0.125_ang=-45",
    "cfrp-as4--3501-6_t=0.125_ang=45",
    "cfrp-as4--3501-6_t=0.125_ang=-45",
    "cfrp-as4--3501-6_t=0.125_ang=45",
    "cfrp-as4--3501-6_t=0.125_ang=-45",
    "cfrp-as4--3501-6_t=0.125_ang=45",
    "cfrp-as4--3501-6_t=0.125_ang=-45",
    "cfrp-as4--3501-6_t=0.125_ang=45",
    "cfrp-as4--3501-6_t=0.125_ang=-45",
    "cfrp-as4--3501-6_t=0.125_ang=45",
    "cfrp-as4--3501-6_t=0.125_ang=-45",
    "cfrp-as4--3501-6_t=0.125_ang=45",
    "cfrp-as4--3501-6_t=0.125_ang=-45"
  ],
  "stacking_seq": "[45,-45,45,-45,45,-45,45,-45,45,-45,45,-45,45,-45,45,-45]",
  "n_plies": 16,
  "thick": 2.0,
  "rho": 1.6e-09,
  "gsm": 3200.0,
  "stiff_A": [
    [
      95849.08176889666,
      67849.08176889666,
      0.0
    ],
    [
      67849.08176889666,
      95849.08176889666,
      0.0
    ],
    [
      0.0,
      0.0,
      76258.5254353308
    ]
  ],
  "stiff_B": [
    [
      0.0,
      -9.094947017729282e-13,
      -4293.8075939323535
    ],
    [
      -9.094947017729282e-13,
      0.0,
      -4293.8075939323535
    ],
    [
      -4293.807593932354,
      -4293.807593932354,
      1.8189894035458565e-12
    ]
  ],
  "stiff_D": [
    [
      31949.69392296555,
      22616.360589632215,
      0.0
    ],
    [
      22616.360589632215,
      31949.69392296555,
      0.0
    ],
    [
      4.547473508864641e-13,
      4.547473508864641e-13,
      25419.508478443597
    ]
  ],
  "stiff_ABD": [
    [
      95849.08176889666,
      67849.08176889666,
      0.0,
      0.0,
      -9.094947017729282e-13,
      -4293.8075939323535
    ],
    [
      67849.08176889666,
      95849.08176889666,
      0.0,
      -9.094947017729282e-13,
      0.0,
      -4293.8075939323535
    ],
    [
      0.0,
      0.0,
      76258.5254353308,
      -4293.807593932354,
      -4293.807593932354,
      1.8189894035458565e-12
    ],
    [
      0.0,
      -9.094947017729282e-13,
      -4293.8075939323535,
      31949.69392296555,
      22616.360589632215,
      0.0
    ],
    [
      -9.094947017729282e-13,
      0.0,
      -4293.8075939323535,
      22616.360589632215,
      31949.69392296555,
      0.0
    ],
    [
      -4293.807593932354,
      -4293.807593932354,
      1.8189894035458565e-12,
      4.547473508864641e-13,
      4.547473508864641e-13,
      25419.508478443597
    ]
  ],
  "compl_a": [
    [
      2.0938853254078946e-05,
      -1.4775432460206773e-05,
      -2.0205350600356474e-23
    ],
    [
      -1.4775432460206771e-05,
      2.093885325407894e-05,
      -2.0205350600356474e-23
    ],
    [
      -1.9219537297907094e-23,
      -1.9219537297907094e-23,
      1.3230529430091461e-05
    ]
  ],
  "compl_b": [
    [
      -1.6990058713662067e-21,
      1.7812034466424457e-21,
      1.0411115160535667e-06
    ],
    [
      1.781203446642445e-21,
      -1.699005871366207e-21,
      1.0411115160535663e-06
    ],
    [
      1.0411115160535659e-06,
      1.0411115160535665e-06,
      -9.532537911812864e-22
    ]
  ],
  "compl_c": [
    [
      -1.6902517915483828e-21,
      1.789957526460269e-21,
      1.041111516053566e-06
    ],
    [
      1.789957526460269e-21,
      -1.6902517915483832e-21,
      1.0411115160535665e-06
    ],
    [
      1.041111516053567e-06,
      1.0411115160535667e-06,
      -9.908371769459707e-22
    ]
  ],
  "compl_d": [
    [
      6.28165597622368e-05,
      -4.4326297380620294e-05,
      -5.765861189372128e-23
    ],
    [
      -4.4326297380620294e-05,
      6.281655976223681e-05,
      -5.765861189372128e-23
    ],
    [
      -3.914012769507331e-22,
      -3.914012769507333e-22,
      3.9691588290274395e-05
    ]
  ],
  "compl_abcd": [
    [
      2.0938853254078946e-05,
      -1.4775432460206773e-05,
      -2.0205350600356474e-23,
      -1.6990058713662067e-21,
      1.7812034466424457e-21,
      1.0411115160535667e-06
    ],
    [
      -1.4775432460206771e-05,
      2.093885325407894e-05,
      -2.0205350600356474e-23,
      1.781203446642445e-21,
      -1.699005871366207e-21,
      1.0411115160535663e-06
    ],
    [
      -1.9219537297907094e-23,
      -1.9219537297907094e-23,
      1.3230529430091461e-05,
      1.0411115160535659e-06,
      1.0411115160535665e-06,
      -9.532537911812864e-22
    ],
    [
      -1.6902517915483828e-21,
      1.789957526460269e-21,
      1.041111516053566e-06,
      6.28165597622368e-05,
      -4.4326297380620294e-05,
      -5.765861189372128e-23
    ],
    [
      1.789957526460269e-21,
      -1.6902517915483832e-21,
      1.0411115160535665e-06,
      -4.4326297380620294e-05,
      6.281655976223681e-05,
      -5.765861189372128e-23
    ],
    [
      1.041111516053567e-06,
      1.0411115160535667e-06,
      -9.908371769459707e-22,
      -3.914012769507331e-22,
      -3.914012769507333e-22,
      3.9691588290274395e-05
    ]
  ],
  "E1": 23879.05363931994,
  "E2": 23879.053639319947,
  "G12": 37791.38262319285,
  "nu12": 0.705646688522853,
  "nu21": 0.7056466885228533,
  "eta16": 0.0,
  "eta26": 0.0,
  "eta61": 0.0,
  "eta62": 0.0,
  "E1_bend": 23879.053639319955,
  "E2_bend": 23879.05363931995,
  "G12_bend": 37791.38262319283,
  "nu12_bend": 0.7056466885228531,
  "nu21_bend": 0.705646688522853,
  "eng_compl": [
    [
      4.187770650815789e-05,
      -2.9550864920413546e-05,
      -4.041070120071295e-23
    ],
    [
      -2.9550864920413543e-05,
      4.187770650815788e-05,
      -4.041070120071295e-23
    ],
    [
      -3.843907459581418e-23,
      -3.843907459581419e-23,
      2.6461058860182922e-05
    ]
  ],
  "eng_stiff": [
    [
      47561.89060603429,
      33561.8906060343,
      1.2389031369284563e-13
    ],
    [
      33561.89060603429,
      47561.8906060343,
      1.2389031369284566e-13
    ],
    [
      1.1784574056473177e-13,
      1.178457405647318e-13,
      37791.38262319285
    ]
  ]
}