{
  "name": "MAT_CFRP_IM7_AP24",
  "plies": [
    "cfrp-im7--977-3_t=0.125_ang=45",
    "cfrp-im7--977-3_t=0.125_ang=-45",
    "cfrp-im7--977-3_t=0.125_ang=45",
    "cfrp-im7--977-3_t=0.125_ang=-45",
    "cfrp-im7--977-3_t=0.125_ang=45",
    "cfrp-im7--977-3_t=0.125_ang=-45",
    "cfrp-im7--977-3_t=0.125_ang=45",
    "cfrp-im7--977-3_t=0.125_ang=-45",
    "cfrp-im7--977-3_t=0.125_ang=45",
    "cfrp-im7--977-3_t=0.125_ang=-45",
    "cfrp-im7--977-3_t=0.125_ang=45",
    "cfrp-im7--977-3_t=0.125_ang=-45",
    "cfrp-im7--977-3_t=0.125_ang=-45",
    "cfrp-im7--977-3_t=0.125_ang=45",
    "cfrp-im7--977-3_t=0.125_ang=-45",
    "cfrp-im7--977-3_t=0.125_ang=45",
    "cfrp-im7--977-3_t=0.125_ang=-45",
    "cfrp-im7--977-3_t=0.125_ang=45",
    "cfrp-im7--977-3_t=0.125_ang=-45",
    "cfrp-im7--977-3_t=0.125_ang=45",
    "cfrp-im7--977-3_t=0.125_ang=-45",
    "cfrp-im7--977-3_t=0.125_ang=45",
    "cfrp-im7--977-3_t=0.125_ang=-45",
    "cfrp-im7--977-3_t=0.125_ang=45"
  ],
  "stacking_seq": "[45,-45,45,-45,45,-45,45,-45,45,-45,45,-45]_s",
  "n_plies": 24,
  "thick": 3.0,
  "rho": 1.61e-09,
  "gsm": 4830.0,
  "stiff_A": [
    [
      179518.99108652727,
      132718.99108652727,
      0.0
    ],
    [
      132718.99108652727,
      179518.99108652727,
      0.0
    ],
    [
      0.0,
      0.0,
      145657.21466889323
    ]
  ],
  "stiff_B": [
    [
      7.275957614183426e-12,
      0.0,
      0.0
    ],
    [
      0.0,
      7.275957614183426e-12,
      0.0
    ],
    [
      0.0,
      0.0,
      1.8189894035458565e-12
    ]
  ],
  "stiff_D": [
    [
      134639.2433148955,
      99539.24331489549,
      12744.628874566479
    ],
    [
      99539.24331489549,
      134639.2433148955,
      12744.628874566479
    ],
    [
      12744.628874566479,
      12744.628874566479,
      109242.91100166985
    ]
  ],
  "stiff_ABD": [
    [
      179518.99108652727,
      132718.99108652727,
      0.0,
      7.275957614183426e-12,
      0.0,
      0.0
    ],
    [
      132718.99108652727,
      179518.99108652727,
      0.0,
      0.0,
      7.275957614183426e-12,
      0.0
    ],
    [
      0.0,
      0.0,
      145657.21466889323,
      0.0,
      0.0,
      1.8189894035458565e-12
    ],
    [
      7.275957614183426e-12,
      0.0,
      0.0,
      134639.2433148955,
      99539.24331489549,
      12744.628874566479
    ],
    [
      0.0,
      7.275957614183426e-12,
      0.0,
      99539.24331489549,
      134639.2433148955,
      12744.628874566479
    ],
    [
      0.0,
      0.0,
      1.8189894035458565e-12,
      12744.628874566479,
      12744.628874566479,
      109242.91100166985
    ]
  ],
  "compl_a": [
    [
      1.2285103340794896e-05,
      -9.082418026726472e-06,
      -1.468383944739819e-40
    ],
    [
      -9.082418026726472e-06,
      1.2285103340794896e-05,
      -1.4683839447398136e-40
    ],
    [
      -1.4683839447398124e-40,
      -1.4683839447398195e-40,
      6.865434041651776e-06
    ]
  ],
  "compl_b": [
    [
      -2.265054530250584e-21,
      2.1642668312948345e-21,
      1.1758216680008943e-23
    ],
    [
      2.1642668312948337e-21,
      -2.265054530250584e-21,
      1.1758216680008896e-23
    ],
    [
      6.301373156258079e-24,
      6.301373156258081e-24,
      -1.157857199252734e-22
    ]
  ],
  "compl_c": [
    [
      -2.265054530250584e-21,
      2.164266831294834e-21,
      6.301373156258081e-24
    ],
    [
      2.1642668312948345e-21,
      -2.2650545302505837e-21,
      6.301373156258078e-24
    ],
    [
      1.1758216680008889e-23,
      1.1758216680008946e-23,
      -1.157857199252734e-22
    ]
  ],
  "compl_d": [
    [
      1.6407598843395008e-05,
      -1.2082429646633487e-05,
      -5.045881304974551e-07
    ],
    [
      -1.2082429646633484e-05,
      1.640759884339501e-05,
      -5.045881304974548e-07
    ],
    [
      -5.045881304974549e-07,
      -5.045881304974551e-07,
      9.271645799514811e-06
    ]
  ],
  "compl_abcd": [
    [
      1.2285103340794896e-05,
      -9.082418026726472e-06,
      -1.468383944739819e-40,
      -2.265054530250584e-21,
      2.1642668312948345e-21,
      1.1758216680008943e-23
    ],
    [
      -9.082418026726472e-06,
      1.2285103340794896e-05,
      -1.4683839447398136e-40,
      2.1642668312948337e-21,
      -2.265054530250584e-21,
      1.1758216680008896e-23
    ],
    [
      -1.4683839447398124e-40,
      -1.4683839447398195e-40,
      6.865434041651776e-06,
      6.301373156258079e-24,
      6.301373156258081e-24,
      -1.157857199252734e-22
    ],
    [
      -2.265054530250584e-21,
      2.164266831294834e-21,
      6.301373156258081e-24,
      1.6407598843395008e-05,
      -1.2082429646633487e-05,
      -5.045881304974551e-07
    ],
    [
      2.1642668312948345e-21,
      -2.2650545302505837e-21,
      6.301373156258078e-24,
      -1.2082429646633484e-05,
      1.640759884339501e-05,
      -5.045881304974548e-07
    ],
    [
      1.1758216680008889e-23,
      1.1758216680008946e-23,
      -1.157857199252734e-22,
      -5.045881304974549e-07,
      -5.045881304974551e-07,
      9.271645799514811e-06
    ]
  ],
  "E1": 27133.13222416616,
  "E2": 27133.13222416616,
  "G12": 48552.40488963108,
  "nu12": 0.739303347702959,
  "nu21": 0.739303347702959,
  "eta16": 0.0,
  "eta26": 0.0,
  "eta61": 0.0,
  "eta62": 0.0,
  "E1_bend": 27087.720067178423,
  "E2_bend": 27087.720067178416,
  "G12_bend": 47935.87395969143,
  "nu12_bend": 0.7363923119986172,
  "nu21_bend": 0.736392311998617,
  "eng_compl": [
    [
      3.685531002238469e-05,
      -2.7247254080179417e-05,
      -4.405151834219457e-40
    ],
    [
      -2.7247254080179417e-05,
      3.685531002238469e-05,
      -4.4051518342194404e-40
    ],
    [
      -4.405151834219438e-40,
      -4.405151834219459e-40,
      2.0596302124955327e-05
    ]
  ],
  "eng_stiff": [
    [
      59839.66369550908,
      44239.66369550909,
      2.2260561006499835e-30
    ],
    [
      44239.66369550909,
      59839.66369550909,
      2.2260561006499825e-30
    ],
    [
      2.226056100649982e-30,
      2.226056100649984e-30,
      48552.40488963108
    ]
  ]
}