{
  "name": "MAT_CFRP_AS4_CRS24",
  "plies": [
    "cfrp-as4--3501-6_t=0.125_ang=0",
    "cfrp-as4--3501-6_t=0.125_ang=90",
    "cfrp-as4--3501-6_t=0.125_ang=0",
    "cfrp-as4--3501-6_t=0.125_ang=90",
    "cfrp-as4--3501-6_t=0.125_ang=0",
    "cfrp-as4--3501-6_t=0.125_ang=90",
    "cfrp-as4--3501-6_t=0.125_ang=0",
    "cfrp-as4--3501-6_t=0.125_ang=90",
    "cfrp-as4--3501-6_t=0.125_ang=0",
    "cfrp-as4--3501-6_t=0.125_ang=90",
    "cfrp-as4--3501-6_t=0.125_ang=0",
    "cfrp-as4--3501-6_t=0.125_ang=90",
    "cfrp-as4--3501-6_t=0.125_ang=90",
    "cfrp-as4--3501-6_t=0.125_ang=0",
    "cfrp-as4--3501-6_t=0.125_ang=90",
    "cfrp-as4--3501-6_t=0.125_ang=0",
    "cfrp-as4--3501-6_t=0.125_ang=90",
    "cfrp-as4--3501-6_t=0.125_ang=0",
    "cfrp-as4--3501-6_t=0.125_ang=90",
    "cfrp-as4--3501-6_t=0.125_ang=0",
    "cfrp-as4--3501-6_t=0.125_ang=90",
    "cfrp-as4--3501-6_t=0.125_ang=0",
    "cfrp-as4--3501-6_t=0.125_ang=90",
    "cfrp-as4--3501-6_t=0.125_ang=0"
  ],
  "stacking_seq": "[0,90,0,90,0,90,0,90,0,90,0,90]_s",
  "n_plies": 24,
  "thick": 3.0,
  "rho": 1.6e-09,
  "gsm": 4800.0,
  "stiff_A": [
    [
      237161.4108063412,
      8385.834500348823,
      5.917244792257311e-13
    ],
    [
      8385.834500348823,
      237161.4108063412,
      1.202843006332752e-11
    ],
    [
      5.917244792257311e-13,
      1.202843006332752e-11,
      21000.0
    ]
  ],
  "stiff_B": [
    [
      1.0913936421275139e-11,
      3.410605131648481e-13,
      1.262177448353619e-29
    ],
    [
      3.410605131648481e-13,
      9.094947017729282e-13,
      0.0
    ],
    [
      1.262177448353619e-29,
      0.0,
      0.0
    ]
  ],
  "stiff_D": [
    [
      197193.1922774515,
      6289.375875261617,
      3.8831918949188594e-13
    ],
    [
      6289.375875261617,
      158548.9239320603,
      7.893657229058685e-12
    ],
    [
      3.8831918949188594e-13,
      7.893657229058685e-12,
      15749.999999999998
    ]
  ],
  "stiff_ABD": [
    [
      237161.4108063412,
      8385.834500348823,
      5.917244792257311e-13,
      1.0913936421275139e-11,
      3.410605131648481e-13,
      1.262177448353619e-29
    ],
    [
      8385.834500348823,
      237161.4108063412,
      1.202843006332752e-11,
      3.410605131648481e-13,
      9.094947017729282e-13,
      0.0
    ],
    [
      5.917244792257311e-13,
      1.202843006332752e-11,
      21000.0,
      1.262177448353619e-29,
      0.0,
      0.0
    ],
    [
      1.0913936421275139e-11,
      3.410605131648481e-13,
      1.262177448353619e-29,
      197193.1922774515,
      6289.375875261617,
      3.8831918949188594e-13
    ],
    [
      3.410605131648481e-13,
      9.094947017729282e-13,
      0.0,
      6289.375875261617,
      158548.9239320603,
      7.893657229058685e-12
    ],
    [
      1.262177448353619e-29,
      0.0,
      0.0,
      3.8831918949188594e-13,
      7.893657229058685e-12,
      15749.999999999998
    ]
  ],
  "compl_a": [
    [
      4.2218159935310954e-06,
      -1.4927997810565767e-07,
      -3.3454671126670627e-23
    ],
    [
      -1.492799781056577e-07,
      4.2218159935310954e-06,
      -2.4139755143391893e-21
    ],
    [
      -3.3454671126670615e-23,
      -2.4139755143391893e-21,
      4.761904761904762e-05
    ]
  ],
  "compl_b": [
    [
      -2.334371934851282e-22,
      1.034689286765741e-24,
      1.853577766461066e-39
    ],
    [
      1.7245190825536234e-24,
      -2.3965170034084976e-23,
      1.2088085844529005e-38
    ],
    [
      2.5380480358498887e-39,
      1.381873314167182e-38,
      -6.961502108062326e-54
    ]
  ],
  "compl_c": [
    [
      -2.334371934851282e-22,
      1.7245190825536238e-24,
      2.5380480358498893e-39
    ],
    [
      1.034689286765741e-24,
      -2.3965170034084979e-23,
      1.3818733141671818e-38
    ],
    [
      1.8535777664610666e-39,
      1.2088085844529002e-38,
      -6.961502108062324e-54
    ]
  ],
  "compl_d": [
    [
      5.077593162536896e-06,
      -2.0141979616674843e-07,
      -2.4240509927535784e-23
    ],
    [
      -2.0141979616674843e-07,
      6.3151914246725725e-06,
      -3.1601105568419676e-21
    ],
    [
      -2.4240509927535798e-23,
      -3.160110556841967e-21,
      6.34920634920635e-05
    ]
  ],
  "compl_abcd": [
    [
      4.2218159935310954e-06,
      -1.4927997810565767e-07,
      -3.3454671126670627e-23,
      -2.334371934851282e-22,
      1.034689286765741e-24,
      1.853577766461066e-39
    ],
    [
      -1.492799781056577e-07,
      4.2218159935310954e-06,
      -2.4139755143391893e-21,
      1.7245190825536234e-24,
      -2.3965170034084976e-23,
      1.2088085844529005e-38
    ],
    [
      -3.3454671126670615e-23,
      -2.4139755143391893e-21,
      4.761904761904762e-05,
      2.5380480358498887e-39,
      1.381873314167182e-38,
      -6.961502108062326e-54
    ],
    [
      -2.334371934851282e-22,
      1.7245190825536238e-24,
      2.5380480358498893e-39,
      5.077593162536896e-06,
      -2.0141979616674843e-07,
      -2.4240509927535784e-23
    ],
    [
      1.034689286765741e-24,
      -2.3965170034084979e-23,
      1.3818733141671818e-38,
      -2.0141979616674843e-07,
      6.3151914246725725e-06,
      -3.1601105568419676e-21
    ],
    [
      1.8535777664610666e-39,
      1.2088085844529002e-38,
      -6.961502108062324e-54,
      -2.4240509927535798e-23,
      -3.160110556841967e-21,
      6.34920634920635e-05
    ]
  ],
  "E1": 78954.96484074282,
  "E2": 78954.96484074282,
  "G12": 6999.999999999999,
  "nu12": 0.03535918626827718,
  "nu21": 0.03535918626827717,
  "eta16": 0.0,
  "eta26": 0.0,
  "eta61": 0.0,
  "eta62": 0.0,
  "E1_bend": 87530.53468789307,
  "E2_bend": 70377.03444872027,
  "G12_bend": 6999.999999999998,
  "nu12_bend": 0.03966836052420433,
  "nu21_bend": 0.0318944878503333,
  "eng_compl": [
    [
      1.2665447980593286e-05,
      -4.4783993431697295e-07,
      -1.0036401338001189e-22
    ],
    [
      -4.4783993431697306e-07,
      1.2665447980593286e-05,
      -7.241926543017568e-21
    ],
    [
      -1.0036401338001185e-22,
      -7.241926543017568e-21,
      0.00014285714285714287
    ]
  ],
  "eng_stiff": [
    [
      79053.80360211375,
      2795.2781667829404,
      1.9724149307524365e-13
    ],
    [
      2795.278166782941,
      79053.80360211374,
      4.009476687775839e-12
    ],
    [
      1.9724149307524368e-13,
      4.009476687775839e-12,
      6999.999999999999
    ]
  ]
}