{
  "name": "MAT_SAND-HC_UD",
  "plies": [
    "cfrp-as4--3501-6_t=0.125_ang=0",
    "cfrp-as4--3501-6_t=0.125_ang=0",
    "cfrp-as4--3501-6_t=0.125_ang=0",
    "cfrp-as4--3501-6_t=0.125_ang=0",
    "cfrp-as4--3501-6_t=0.125_ang=0",
    "cfrp-as4--3501-6_t=0.125_ang=0",
    "cfrp-as4--3501-6_t=0.125_ang=0",
    "cfrp-as4--3501-6_t=0.125_ang=0",
    "aramid-honeycomb-pn1-nomex_t=5.0_ang=0",
    "cfrp-as4--3501-6_t=0.125_ang=0",
    "cfrp-as4--3501-6_t=0.125_ang=0",
    "cfrp-as4--3501-6_t=0.125_ang=0",
    "cfrp-as4--3501-6_t=0.125_ang=0",
    "cfrp-as4--3501-6_t=0.125_ang=0",
    "cfrp-as4--3501-6_t=0.125_ang=0",
    "cfrp-as4--3501-6_t=0.125_ang=0",
    "cfrp-as4--3501-6_t=0.125_ang=0"
  ],
  "stacking_seq": "[0_17]",
  "n_plies": 17,
  "thick": 7.0,
  "rho": 4.914285714285715e-10,
  "gsm": 3440.0000000000005,
  "stiff_A": [
    [
      295509.4502100628,
      5590.556333565882,
      0.0
    ],
    [
      5590.556333565882,
      20705.764198392157,
      0.0
    ],
    [
      0.0,
      0.0,
      14000.0
    ]
  ],
  "stiff_B": [
    [
      0.0,
      -1.5916157281026244e-12,
      0.0
    ],
    [
      -1.5916157281026244e-12,
      -9.094947017729282e-13,
      0.0
    ],
    [
      0.0,
      0.0,
      0.0
    ]
  ],
  "stiff_D": [
    [
      2684210.839408071,
      50780.88669655676,
      0.0
    ],
    [
      50780.88669655676,
      188077.35813539533,
      0.0
    ],
    [
      0.0,
      0.0,
      127166.66666666669
    ]
  ],
  "stiff_ABD": [
    [
      295509.4502100628,
      5590.556333565882,
      0.0,
      0.0,
      -1.5916157281026244e-12,
      0.0
    ],
    [
      5590.556333565882,
      20705.764198392157,
      0.0,
      -1.5916157281026244e-12,
      -9.094947017729282e-13,
      0.0
    ],
    [
      0.0,
      0.0,
      14000.0,
      0.0,
      0.0,
      0.0
    ],
    [
      0.0,
      -1.5916157281026244e-12,
      0.0,
      2684210.839408071,
      50780.88669655676,
      0.0
    ],
    [
      -1.5916157281026244e-12,
      -9.094947017729282e-13,
      0.0,
      50780.88669655676,
      188077.35813539533,
      0.0
    ],
    [
      0.0,
      0.0,
      0.0,
      0.0,
      0.0,
      127166.66666666669
    ]
  ],
  "compl_a": [
    [
      3.4013605442176872e-06,
      -9.183673469387753e-07,
      0.0
    ],
    [
      -9.183673469387753e-07,
      4.854368932038834e-05,
      0.0
    ],
    [
      0.0,
      0.0,
      7.142857142857143e-05
    ]
  ],
  "compl_b": [
    [
      -1.0102446221008456e-24,
      2.46159870937804e-23,
      0.0
    ],
    [
      2.4615987093780374e-23,
      2.20326992505266e-22,
      0.0
    ],
    [
      0.0,
      0.0,
      0.0
    ]
  ],
  "compl_c": [
    [
      -1.0102446221008458e-24,
      2.4615987093780377e-23,
      0.0
    ],
    [
      2.4615987093780398e-23,
      2.20326992505266e-22,
      0.0
    ],
    [
      0.0,
      0.0,
      0.0
    ]
  ],
  "compl_d": [
    [
      3.744617112900205e-07,
      -1.0110466204830558e-07,
      0.0
    ],
    [
      -1.0110466204830557e-07,
      5.344259374721655e-06,
      0.0
    ],
    [
      0.0,
      0.0,
      7.86369593709043e-06
    ]
  ],
  "compl_abcd": [
    [
      3.4013605442176872e-06,
      -9.183673469387753e-07,
      0.0,
      -1.0102446221008456e-24,
      2.46159870937804e-23,
      0.0
    ],
    [
      -9.183673469387753e-07,
      4.854368932038834e-05,
      0.0,
      2.4615987093780374e-23,
      2.20326992505266e-22,
      0.0
    ],
    [
      0.0,
      0.0,
      7.142857142857143e-05,
      0.0,
      0.0,
      0.0
    ],
    [
      -1.0102446221008458e-24,
      2.4615987093780377e-23,
      0.0,
      3.744617112900205e-07,
      -1.0110466204830558e-07,
      0.0
    ],
    [
      2.4615987093780398e-23,
      2.20326992505266e-22,
      0.0,
      -1.0110466204830557e-07,
      5.344259374721655e-06,
      0.0
    ],
    [
      0.0,
      0.0,
      0.0,
      0.0,
      0.0,
      7.86369593709043e-06
    ]
  ],
  "E1": 42000.0,
  "E2": 2942.8571428571436,
  "G12": 2000.0,
  "nu12": 0.2699999999999999,
  "nu21": 0.018918367346938775,
  "eta16": 0.0,
  "eta26": 0.0,
  "eta61": 0.0,
  "eta62": 0.0,
  "E1_bend": 93428.57142857143,
  "E2_bend": 6546.355685131192,
  "G12_bend": 4448.979591836736,
  "nu12_bend": 0.27000000000000013,
  "nu21_bend": 0.01891836734693877,
  "eng_compl": [
    [
      2.380952380952381e-05,
      -6.428571428571427e-06,
      0.0
    ],
    [
      -6.428571428571426e-06,
      0.0003398058252427184,
      0.0
    ],
    [
      0.0,
      0.0,
      0.0005
    ]
  ],
  "eng_stiff": [
    [
      42215.63574429468,
      798.6509047951258,
      0.0
    ],
    [
      798.6509047951257,
      2957.9663140560224,
      0.0
    ],
    [
      0.0,
      0.0,
      2000.0
    ]
  ]
}