{
  "name": "MAT_CFRP_IM7_UD24",
  "plies": [
    "cfrp-im7--977-3_t=0.125_ang=0",
    "cfrp-im7--977-3_t=0.125_ang=0",
    "cfrp-im7--977-3_t=0.125_ang=0",
    "cfrp-im7--977-3_t=0.125_ang=0",
    "cfrp-im7--977-3_t=0.125_ang=0",
    "cfrp-im7--977-3_t=0.125_ang=0",
    "cfrp-im7--977-3_t=0.125_ang=0",
    "cfrp-im7--977-3_t=0.125_ang=0",
    "cfrp-im7--977-3_t=0.125_ang=0",
    "cfrp-im7--977-3_t=0.125_ang=0",
    "cfrp-im7--977-3_t=0.125_ang=0",
    "cfrp-im7--977-3_t=0.125_ang=0",
    "cfrp-im7--977-3_t=0.125_ang=0",
    "cfrp-im7--977-3_t=0.125_ang=0",
    "cfrp-im7--977-3_t=0.125_ang=0",
    "cfrp-im7--977-3_t=0.125_ang=0",
    "cfrp-im7--977-3_t=0.125_ang=0",
    "cfrp-im7--977-3_t=0.125_ang=0",
    "cfrp-im7--977-3_t=0.125_ang=0",
    "cfrp-im7--977-3_t=0.125_ang=0",
    "cfrp-im7--977-3_t=0.125_ang=0",
    "cfrp-im7--977-3_t=0.125_ang=0",
    "cfrp-im7--977-3_t=0.125_ang=0",
    "cfrp-im7--977-3_t=0.125_ang=0"
  ],
  "stacking_seq": "[0_12]_s",
  "n_plies": 24,
  "thick": 3.0,
  "rho": 1.61e-09,
  "gsm": 4830.0,
  "stiff_A": [
    [
      573661.6217461716,
      10461.776417634132,
      0.0
    ],
    [
      10461.776417634132,
      29890.789764668945,
      0.0
    ],
    [
      0.0,
      0.0,
      23400.0
    ]
  ],
  "stiff_B": [
    [
      -7.275957614183426e-12,
      7.958078640513122e-13,
      0.0
    ],
    [
      7.958078640513122e-13,
      2.2737367544323206e-13,
      0.0
    ],
    [
      0.0,
      0.0,
      0.0
    ]
  ],
  "stiff_D": [
    [
      430246.2163096289,
      7846.332313225601,
      0.0
    ],
    [
      7846.332313225601,
      22418.09232350172,
      0.0
    ],
    [
      0.0,
      0.0,
      17550.0
    ]
  ],
  "stiff_ABD": [
    [
      573661.6217461716,
      10461.776417634132,
      0.0,
      -7.275957614183426e-12,
      7.958078640513122e-13,
      0.0
    ],
    [
      10461.776417634132,
      29890.789764668945,
      0.0,
      7.958078640513122e-13,
      2.2737367544323206e-13,
      0.0
    ],
    [
      0.0,
      0.0,
      23400.0,
      0.0,
      0.0,
      0.0
    ],
    [
      -7.275957614183426e-12,
      7.958078640513122e-13,
      0.0,
      430246.2163096289,
      7846.332313225601,
      0.0
    ],
    [
      7.958078640513122e-13,
      2.2737367544323206e-13,
      0.0,
      7846.332313225601,
      22418.09232350172,
      0.0
    ],
    [
      0.0,
      0.0,
      0.0,
      0.0,
      0.0,
      17550.0
    ]
  ],
  "compl_a": [
    [
      1.7543859649122818e-06,
      -6.140350877192987e-07,
      0.0
    ],
    [
      -6.140350877192988e-07,
      3.367003367003369e-05,
      0.0
    ],
    [
      0.0,
      0.0,
      4.2735042735042735e-05
    ]
  ],
  "compl_b": [
    [
      3.203106532790624e-23,
      -6.726108064249688e-23,
      0.0
    ],
    [
      -6.726108064249692e-23,
      -2.9615689283314203e-22,
      0.0
    ],
    [
      0.0,
      0.0,
      0.0
    ]
  ],
  "compl_c": [
    [
      3.203106532790624e-23,
      -6.726108064249692e-23,
      0.0
    ],
    [
      -6.72610806424969e-23,
      -2.961568928331421e-22,
      0.0
    ],
    [
      0.0,
      0.0,
      0.0
    ]
  ],
  "compl_d": [
    [
      2.339181286549708e-06,
      -8.187134502923974e-07,
      0.0
    ],
    [
      -8.187134502923975e-07,
      4.489337822671155e-05,
      0.0
    ],
    [
      0.0,
      0.0,
      5.698005698005698e-05
    ]
  ],
  "compl_abcd": [
    [
      1.7543859649122818e-06,
      -6.140350877192987e-07,
      0.0,
      3.203106532790624e-23,
      -6.726108064249688e-23,
      0.0
    ],
    [
      -6.140350877192988e-07,
      3.367003367003369e-05,
      0.0,
      -6.726108064249692e-23,
      -2.9615689283314203e-22,
      0.0
    ],
    [
      0.0,
      0.0,
      4.2735042735042735e-05,
      0.0,
      0.0,
      0.0
    ],
    [
      3.203106532790624e-23,
      -6.726108064249692e-23,
      0.0,
      2.339181286549708e-06,
      -8.187134502923974e-07,
      0.0
    ],
    [
      -6.72610806424969e-23,
      -2.961568928331421e-22,
      0.0,
      -8.187134502923975e-07,
      4.489337822671155e-05,
      0.0
    ],
    [
      0.0,
      0.0,
      0.0,
      0.0,
      0.0,
      5.698005698005698e-05
    ]
  ],
  "E1": 189999.99999999988,
  "E2": 9899.999999999995,
  "G12": 7800.0,
  "nu12": 0.3500000000000001,
  "nu21": 0.01823684210526316,
  "eta16": 0.0,
  "eta26": 0.0,
  "eta61": 0.0,
  "eta62": 0.0,
  "E1_bend": 189999.99999999997,
  "E2_bend": 9900.000000000002,
  "G12_bend": 7800.0,
  "nu12_bend": 0.34999999999999987,
  "nu21_bend": 0.018236842105263155,
  "eng_compl": [
    [
      5.263157894736846e-06,
      -1.8421052631578959e-06,
      0.0
    ],
    [
      -1.8421052631578963e-06,
      0.00010101010101010106,
      0.0
    ],
    [
      0.0,
      0.0,
      0.0001282051282051282
    ]
  ],
  "eng_stiff": [
    [
      191220.5405820572,
      3487.258805878043,
      0.0
    ],
    [
      3487.2588058780443,
      9963.596588222981,
      0.0
    ],
    [
      0.0,
      0.0,
      7800.0
    ]
  ]
}