{
  "name": "MAT_CFRP_AS4_QI24",
  "plies": [
    "cfrp-as4--3501-6_t=0.125_ang=0",
    "cfrp-as4--3501-6_t=0.125_ang=45",
    "cfrp-as4--3501-6_t=0.125_ang=-45",
    "cfrp-as4--3501-6_t=0.125_ang=90",
    "cfrp-as4--3501-6_t=0.125_ang=0",
    "cfrp-as4--3501-6_t=0.125_ang=45",
    "cfrp-as4--3501-6_t=0.125_ang=-45",
    "cfrp-as4--3501-6_t=0.125_ang=90",
    "cfrp-as4--3501-6_t=0.125_ang=0",
    "cfrp-as4--3501-6_t=0.125_ang=45",
    "cfrp-as4--3501-6_t=0.125_ang=-45",
    "cfrp-as4--3501-6_t=0.125_ang=90",
    "cfrp-as4--3501-6_t=0.125_ang=90",
    "cfrp-as4--3501-6_t=0.125_ang=-45",
    "cfrp-as4--3501-6_t=0.125_ang=45",
    "cfrp-as4--3501-6_t=0.125_ang=0",
    "cfrp-as4--3501-6_t=0.125_ang=90",
    "cfrp-as4--3501-6_t=0.125_ang=-45",
    "cfrp-as4--3501-6_t=0.125_ang=45",
    "cfrp-as4--3501-6_t=0.125_ang=0",
    "cfrp-as4--3501-6_t=0.125_ang=90",
    "cfrp-as4--3501-6_t=0.125_ang=-45",
    "cfrp-as4--3501-6_t=0.125_ang=45",
    "cfrp-as4--3501-6_t=0.125_ang=0"
  ],
  "stacking_seq": "[0,45,-45,90,0,45,-45,90,0,45,-45,90]_s",
  "n_plies": 24,
  "thick": 3.0,
  "rho": 1.6e-09,
  "gsm": 4800.0,
  "stiff_A": [
    [
      190467.5167298431,
      55079.72857684691,
      0.0
    ],
    [
      55079.72857684691,
      190467.51672984308,
      5.4569682106375694e-12
    ],
    [
      0.0,
      5.4569682106375694e-12,
      67693.8940764981
    ]
  ],
  "stiff_B": [
    [
      -3.637978807091713e-12,
      -5.684341886080802e-14,
      0.0
    ],
    [
      -5.684341886080802e-14,
      1.8189894035458565e-12,
      0.0
    ],
    [
      0.0,
      0.0,
      -1.8189894035458565e-12
    ]
  ],
  "stiff_D": [
    [
      172563.430901371,
      40580.20433768988,
      4830.533543173899
    ],
    [
      40580.20433768988,
      114597.02838328423,
      4830.533543173902
    ],
    [
      4830.5335431738995,
      4830.533543173902,
      50040.82846242829
    ]
  ],
  "stiff_ABD": [
    [
      190467.5167298431,
      55079.72857684691,
      0.0,
      -3.637978807091713e-12,
      -5.684341886080802e-14,
      0.0
    ],
    [
      55079.72857684691,
      190467.51672984308,
      5.4569682106375694e-12,
      -5.684341886080802e-14,
      1.8189894035458565e-12,
      0.0
    ],
    [
      0.0,
      5.4569682106375694e-12,
      67693.8940764981,
      0.0,
      0.0,
      -1.8189894035458565e-12
    ],
    [
      -3.637978807091713e-12,
      -5.684341886080802e-14,
      0.0,
      172563.430901371,
      40580.20433768988,
      4830.533543173899
    ],
    [
      -5.684341886080802e-14,
      1.8189894035458565e-12,
      0.0,
      40580.20433768988,
      114597.02838328423,
      4830.533543173902
    ],
    [
      0.0,
      0.0,
      -1.8189894035458565e-12,
      4830.5335431738995,
      4830.533543173902,
      50040.82846242829
    ]
  ],
  "compl_a": [
    [
      5.729363277390737e-06,
      -1.6568272619653002e-06,
      1.3356084507186388e-22
    ],
    [
      -1.6568272619653e-06,
      5.729363277390739e-06,
      -4.618578041408624e-22
    ],
    [
      1.335608450718639e-22,
      -4.618578041408624e-22,
      1.4772381078712077e-05
    ]
  ],
  "compl_b": [
    [
      1.2389639348479943e-22,
      -1.4286601290312597e-23,
      -1.0580835572163419e-23
    ],
    [
      -1.2695034044542813e-23,
      -8.767650578668846e-23,
      9.689050018402701e-24
    ],
    [
      -1.0646996227931696e-23,
      -1.8985209558682907e-23,
      5.39838065063445e-22
    ]
  ],
  "compl_c": [
    [
      1.2389639348479943e-22,
      -1.2695034044542806e-23,
      -1.0646996227931693e-23
    ],
    [
      -1.428660129031259e-23,
      -8.767650578668845e-23,
      -1.898520955868291e-23
    ],
    [
      -1.0580835572163422e-23,
      9.689050018402701e-24,
      5.39838065063445e-22
    ]
  ],
  "compl_d": [
    [
      6.329187461915849e-06,
      -2.2245404254109084e-06,
      -3.9622915531091673e-07
    ],
    [
      -2.2245404254109084e-06,
      9.54374881848191e-06,
      -7.065366969045134e-07
    ],
    [
      -3.962291553109168e-07,
      -7.065366969045134e-07,
      2.0090133963193958e-05
    ]
  ],
  "compl_abcd": [
    [
      5.729363277390737e-06,
      -1.6568272619653002e-06,
      1.3356084507186388e-22,
      1.2389639348479943e-22,
      -1.4286601290312597e-23,
      -1.0580835572163419e-23
    ],
    [
      -1.6568272619653e-06,
      5.729363277390739e-06,
      -4.618578041408624e-22,
      -1.2695034044542813e-23,
      -8.767650578668846e-23,
      9.689050018402701e-24
    ],
    [
      1.335608450718639e-22,
      -4.618578041408624e-22,
      1.4772381078712077e-05,
      -1.0646996227931696e-23,
      -1.8985209558682907e-23,
      5.39838065063445e-22
    ],
    [
      1.2389639348479943e-22,
      -1.2695034044542806e-23,
      -1.0646996227931693e-23,
      6.329187461915849e-06,
      -2.2245404254109084e-06,
      -3.9622915531091673e-07
    ],
    [
      -1.428660129031259e-23,
      -8.767650578668845e-23,
      -1.898520955868291e-23,
      -2.2245404254109084e-06,
      9.54374881848191e-06,
      -7.065366969045134e-07
    ],
    [
      -1.0580835572163422e-23,
      9.689050018402701e-24,
      5.39838065063445e-22,
      -3.962291553109168e-07,
      -7.065366969045134e-07,
      2.0090133963193958e-05
    ]
  ],
  "E1": 58179.821595313435,
  "E2": 58179.821595313406,
  "G12": 22564.6313588327,
  "nu12": 0.2891817435461783,
  "nu21": 0.28918174354617826,
  "eta16": 0.0,
  "eta26": 0.0,
  "eta61": 0.0,
  "eta62": 0.0,
  "E1_bend": 70221.40632091672,
  "E2_bend": 46569.168247990485,
  "G12_bend": 22122.522689927653,
  "nu12_bend": 0.35147330345268973,
  "nu21_bend": 0.23308874402718804,
  "eng_compl": [
    [
      1.718808983217221e-05,
      -4.9704817858959e-06,
      4.006825352155916e-22
    ],
    [
      -4.970481785895899e-06,
      1.7188089832172217e-05,
      -1.385573412422587e-21
    ],
    [
      4.006825352155916e-22,
      -1.3855734124225872e-21,
      4.431714323613623e-05
    ]
  ],
  "eng_stiff": [
    [
      63489.17224328105,
      18359.90952561564,
      0.0
    ],
    [
      18359.909525615636,
      63489.17224328102,
      1.818989403545856e-12
    ],
    [
      -1.2454856611289964e-28,
      1.8189894035458563e-12,
      22564.6313588327
    ]
  ]
}