{
  "name": "MAT_CFRP_UD24",
  "plies": [
    "cfrp-as4--3501-6_t=0.125_ang=0",
    "cfrp-as4--3501-6_t=0.125_ang=0",
    "cfrp-as4--3501-6_t=0.125_ang=0",
    "cfrp-as4--3501-6_t=0.125_ang=0",
    "cfrp-as4--3501-6_t=0.125_ang=0",
    "cfrp-as4--3501-6_t=0.125_ang=0",
    "cfrp-as4--3501-6_t=0.125_ang=0",
    "cfrp-as4--3501-6_t=0.125_ang=0",
    "cfrp-as4--3501-6_t=0.125_ang=0",
    "cfrp-as4--3501-6_t=0.125_ang=0",
    "cfrp-as4--3501-6_t=0.125_ang=0",
    "cfrp-as4--3501-6_t=0.125_ang=0",
    "cfrp-as4--3501-6_t=0.125_ang=0",
    "cfrp-as4--3501-6_t=0.125_ang=0",
    "cfrp-as4--3501-6_t=0.125_ang=0",
    "cfrp-as4--3501-6_t=0.125_ang=0",
    "cfrp-as4--3501-6_t=0.125_ang=0",
    "cfrp-as4--3501-6_t=0.125_ang=0",
    "cfrp-as4--3501-6_t=0.125_ang=0",
    "cfrp-as4--3501-6_t=0.125_ang=0",
    "cfrp-as4--3501-6_t=0.125_ang=0",
    "cfrp-as4--3501-6_t=0.125_ang=0",
    "cfrp-as4--3501-6_t=0.125_ang=0",
    "cfrp-as4--3501-6_t=0.125_ang=0"
  ],
  "stacking_seq": "[0_12]_s",
  "n_plies": 24,
  "thick": 3.0,
  "rho": 1.6e-09,
  "gsm": 4800.0,
  "stiff_A": [
    [
      443264.1753150942,
      8385.834500348823,
      0.0
    ],
    [
      8385.834500348823,
      31058.64629758824,
      0.0
    ],
    [
      0.0,
      0.0,
      21000.0
    ]
  ],
  "stiff_B": [
    [
      7.275957614183426e-12,
      3.410605131648481e-13,
      0.0
    ],
    [
      3.410605131648481e-13,
      9.094947017729282e-13,
      0.0
    ],
    [
      0.0,
      0.0,
      0.0
    ]
  ],
  "stiff_D": [
    [
      332448.13148632064,
      6289.375875261617,
      0.0
    ],
    [
      6289.375875261617,
      23293.98472319117,
      0.0
    ],
    [
      0.0,
      0.0,
      15749.999999999998
    ]
  ],
  "stiff_ABD": [
    [
      443264.1753150942,
      8385.834500348823,
      0.0,
      7.275957614183426e-12,
      3.410605131648481e-13,
      0.0
    ],
    [
      8385.834500348823,
      31058.64629758824,
      0.0,
      3.410605131648481e-13,
      9.094947017729282e-13,
      0.0
    ],
    [
      0.0,
      0.0,
      21000.0,
      0.0,
      0.0,
      0.0
    ],
    [
      7.275957614183426e-12,
      3.410605131648481e-13,
      0.0,
      332448.13148632064,
      6289.375875261617,
      0.0
    ],
    [
      3.410605131648481e-13,
      9.094947017729282e-13,
      0.0,
      6289.375875261617,
      23293.98472319117,
      0.0
    ],
    [
      0.0,
      0.0,
      0.0,
      0.0,
      0.0,
      15749.999999999998
    ]
  ],
  "compl_a": [
    [
      2.2675736961451247e-06,
      -6.122448979591835e-07,
      0.0
    ],
    [
      -6.122448979591835e-07,
      3.236245954692556e-05,
      0.0
    ],
    [
      0.0,
      0.0,
      4.761904761904762e-05
    ]
  ],
  "compl_b": [
    [
      -4.9074799771930783e-23,
      3.953960874379547e-24,
      0.0
    ],
    [
      3.953960874379554e-24,
      -1.2556692738019874e-21,
      0.0
    ],
    [
      0.0,
      0.0,
      0.0
    ]
  ],
  "compl_c": [
    [
      -4.9074799771930783e-23,
      3.953960874379551e-24,
      0.0
    ],
    [
      3.953960874379544e-24,
      -1.2556692738019872e-21,
      0.0
    ],
    [
      0.0,
      0.0,
      0.0
    ]
  ],
  "compl_d": [
    [
      3.023431594860166e-06,
      -8.16326530612245e-07,
      0.0
    ],
    [
      -8.16326530612245e-07,
      4.314994606256743e-05,
      0.0
    ],
    [
      0.0,
      0.0,
      6.34920634920635e-05
    ]
  ],
  "compl_abcd": [
    [
      2.2675736961451247e-06,
      -6.122448979591835e-07,
      0.0,
      -4.9074799771930783e-23,
      3.953960874379547e-24,
      0.0
    ],
    [
      -6.122448979591835e-07,
      3.236245954692556e-05,
      0.0,
      3.953960874379554e-24,
      -1.2556692738019874e-21,
      0.0
    ],
    [
      0.0,
      0.0,
      4.761904761904762e-05,
      0.0,
      0.0,
      0.0
    ],
    [
      -4.9074799771930783e-23,
      3.953960874379551e-24,
      0.0,
      3.023431594860166e-06,
      -8.16326530612245e-07,
      0.0
    ],
    [
      3.953960874379544e-24,
      -1.2556692738019872e-21,
      0.0,
      -8.16326530612245e-07,
      4.314994606256743e-05,
      0.0
    ],
    [
      0.0,
      0.0,
      0.0,
      0.0,
      0.0,
      6.34920634920635e-05
    ]
  ],
  "E1": 147000.0,
  "E2": 10300.000000000002,
  "G12": 6999.999999999999,
  "nu12": 0.2699999999999999,
  "nu21": 0.018918367346938775,
  "eta16": 0.0,
  "eta26": 0.0,
  "eta61": 0.0,
  "eta62": 0.0,
  "E1_bend": 147000.00000000003,
  "E2_bend": 10300.0,
  "G12_bend": 6999.999999999998,
  "nu12_bend": 0.2700000000000001,
  "nu21_bend": 0.018918367346938775,
  "eng_compl": [
    [
      6.8027210884353745e-06,
      -1.8367346938775506e-06,
      0.0
    ],
    [
      -1.8367346938775504e-06,
      9.708737864077668e-05,
      0.0
    ],
    [
      0.0,
      0.0,
      0.00014285714285714287
    ]
  ],
  "eng_stiff": [
    [
      147754.7251050314,
      2795.2781667829404,
      0.0
    ],
    [
      2795.2781667829404,
      10352.882099196078,
      0.0
    ],
    [
      0.0,
      0.0,
      6999.999999999999
    ]
  ]
}