{
  "aircraft": "da62",
  "num_cond": 13,
  "cond_tags": [
    "VS1_n1pos",
    "VA_nMax",
    "VC_nMax",
    "VD_nMax",
    "VS2_n1neg",
    "VG_nMin",
    "VC_nMin",
    "VD_nzero",
    "VA_n1pos",
    "VC_n1pos",
    "VH_n1pos",
    "VH_nMax",
    "VCmin_n1pos"
  ],
  "velocity": [
    40.12666667,
    78.19555556,
    87.97,
    105.46111111,
    43.72777778,
    53.50222222,
    87.97,
    105.46111111,
    78.19555556,
    87.97,
    83.34,
    83.34,
    49.38666667
  ],
  "load_factor": [
    1.0,
    3.8,
    3.8,
    3.8,
    -1.0,
    -1.52,
    -1.52,
    0.0,
    1.0,
    1.0,
    1.0,
    3.8,
    1.0
  ],
  "altitude": [
    0.0,
    3048.0,
    4876.8,
    6096.0,
    0.0,
    3048.0,
    4876.8,
    4876.8,
    3048.0,
    4876.8,
    3048.0,
    4876.8,
    4876.8
  ],
  "T": [
    288.15,
    268.338,
    256.4508,
    248.526,
    288.15,
    268.338,
    256.4508,
    256.4508,
    268.338,
    256.4508,
    268.338,
    256.4508,
    256.4508
  ],
  "a": [
    340.29399054,
    328.38707623,
    321.03101866,
    316.0318713,
    340.29399054,
    328.38707623,
    321.03101866,
    321.03101866,
    328.38707623,
    321.03101866,
    328.38707623,
    321.03101866,
    321.03101866
  ],
  "P": [
    101325.0,
    69681.64200959,
    54915.19651944,
    46563.23977193,
    101325.0,
    69681.64200959,
    54915.19651944,
    54915.19651944,
    69681.64200959,
    54915.19651944,
    69681.64200959,
    54915.19651944,
    54915.19651944
  ],
  "rho": [
    1.225,
    0.9046369,
    0.74597897,
    0.65269376,
    1.225,
    0.9046369,
    0.74597897,
    0.74597897,
    0.9046369,
    0.74597897,
    0.9046369,
    0.74597897,
    0.74597897
  ],
  "nu": [
    1.461e-05,
    1.871e-05,
    2.188e-05,
    2.438e-05,
    1.461e-05,
    1.871e-05,
    2.188e-05,
    2.188e-05,
    1.871e-05,
    2.188e-05,
    1.871e-05,
    2.188e-05,
    2.188e-05
  ],
  "mu": [
    1.789e-05,
    1.692e-05,
    1.632e-05,
    1.592e-05,
    1.789e-05,
    1.692e-05,
    1.632e-05,
    1.632e-05,
    1.692e-05,
    1.632e-05,
    1.692e-05,
    1.632e-05,
    1.632e-05
  ],
  "input_units": [
    "kts",
    "ft"
  ],
  "output_units": "SI"
}