{
  "name": "MAT_CFRP_AP24",
  "plies": [
    "cfrp-as4--3501-6_t=0.125_ang=45",
    "cfrp-as4--3501-6_t=0.125_ang=-45",
    "cfrp-as4--3501-6_t=0.125_ang=45",
    "cfrp-as4--3501-6_t=0.125_ang=-45",
    "cfrp-as4--3501-6_t=0.125_ang=45",
    "cfrp-as4--3501-6_t=0.125_ang=-45",
    "cfrp-as4--3501-6_t=0.125_ang=45",
    "cfrp-as4--3501-6_t=0.125_ang=-45",
    "cfrp-as4--3501-6_t=0.125_ang=45",
    "cfrp-as4--3501-6_t=0.125_ang=-45",
    "cfrp-as4--3501-6_t=0.125_ang=45",
    "cfrp-as4--3501-6_t=0.125_ang=-45",
    "cfrp-as4--3501-6_t=0.125_ang=45",
    "cfrp-as4--3501-6_t=0.125_ang=-45",
    "cfrp-as4--3501-6_t=0.125_ang=45",
    "cfrp-as4--3501-6_t=0.125_ang=-45",
    "cfrp-as4--3501-6_t=0.125_ang=45",
    "cfrp-as4--3501-6_t=0.125_ang=-45",
    "cfrp-as4--3501-6_t=0.125_ang=45",
    "cfrp-as4--3501-6_t=0.125_ang=-45",
    "cfrp-as4--3501-6_t=0.125_ang=45",
    "cfrp-as4--3501-6_t=0.125_ang=-45",
    "cfrp-as4--3501-6_t=0.125_ang=45",
    "cfrp-as4--3501-6_t=0.125_ang=-45"
  ],
  "stacking_seq": "[45,-45,45,-45,45,-45,45,-45,45,-45,45,-45,45,-45,45,-45,45,-45,45,-45,45,-45,45,-45]",
  "n_plies": 24,
  "thick": 3.0,
  "rho": 1.6e-09,
  "gsm": 4800.0,
  "stiff_A": [
    [
      143773.622653345,
      101773.622653345,
      0.0
    ],
    [
      101773.622653345,
      143773.622653345,
      0.0
    ],
    [
      0.0,
      0.0,
      114387.7881529962
    ]
  ],
  "stiff_B": [
    [
      0.0,
      0.0,
      -6440.711390898534
    ],
    [
      0.0,
      0.0,
      -6440.711390898534
    ],
    [
      -6440.71139089853,
      -6440.71139089853,
      -5.4569682106375694e-12
    ]
  ],
  "stiff_D": [
    [
      107830.21699000875,
      76330.21699000873,
      0.0
    ],
    [
      76330.21699000873,
      107830.21699000875,
      0.0
    ],
    [
      0.0,
      0.0,
      85790.84111474713
    ]
  ],
  "stiff_ABD": [
    [
      143773.622653345,
      101773.622653345,
      0.0,
      0.0,
      0.0,
      -6440.711390898534
    ],
    [
      101773.622653345,
      143773.622653345,
      0.0,
      0.0,
      0.0,
      -6440.711390898534
    ],
    [
      0.0,
      0.0,
      114387.7881529962,
      -6440.71139089853,
      -6440.71139089853,
      -5.4569682106375694e-12
    ],
    [
      0.0,
      0.0,
      -6440.711390898534,
      107830.21699000875,
      76330.21699000873,
      0.0
    ],
    [
      0.0,
      0.0,
      -6440.711390898534,
      76330.21699000873,
      107830.21699000875,
      0.0
    ],
    [
      -6440.71139089853,
      -6440.71139089853,
      -5.4569682106375694e-12,
      0.0,
      0.0,
      85790.84111474713
    ]
  ],
  "compl_a": [
    [
      1.3949081294411576e-05,
      -9.860442515112238e-06,
      1.4701350358206634e-23
    ],
    [
      -9.860442515112238e-06,
      1.3949081294411574e-05,
      1.4701350358206634e-23
    ],
    [
      1.4701350358206628e-23,
      1.4701350358206625e-23,
      8.776758476772439e-06
    ]
  ],
  "compl_b": [
    [
      5.141557970262264e-25,
      5.141557970262267e-25,
      3.0695284038398403e-07
    ],
    [
      5.141557970262263e-25,
      5.141557970262264e-25,
      3.069528403839839e-07
    ],
    [
      3.069528403839837e-07,
      3.069528403839839e-07,
      5.604778515378487e-22
    ]
  ],
  "compl_c": [
    [
      5.141557970262265e-25,
      5.141557970262264e-25,
      3.06952840383984e-07
    ],
    [
      5.141557970262266e-25,
      5.141557970262265e-25,
      3.06952840383984e-07
    ],
    [
      3.0695284038398387e-07,
      3.069528403839838e-07,
      5.604778515378487e-22
    ]
  ],
  "compl_d": [
    [
      1.8598775059215423e-05,
      -1.314725668681631e-05,
      1.9601800477608843e-23
    ],
    [
      -1.3147256686816311e-05,
      1.8598775059215427e-05,
      1.9601800477608846e-23
    ],
    [
      1.960180047760883e-23,
      1.9601800477608837e-23,
      1.1702344635696589e-05
    ]
  ],
  "compl_abcd": [
    [
      1.3949081294411576e-05,
      -9.860442515112238e-06,
      1.4701350358206634e-23,
      5.141557970262264e-25,
      5.141557970262267e-25,
      3.0695284038398403e-07
    ],
    [
      -9.860442515112238e-06,
      1.3949081294411574e-05,
      1.4701350358206634e-23,
      5.141557970262263e-25,
      5.141557970262264e-25,
      3.069528403839839e-07
    ],
    [
      1.4701350358206628e-23,
      1.4701350358206625e-23,
      8.776758476772439e-06,
      3.069528403839837e-07,
      3.069528403839839e-07,
      5.604778515378487e-22
    ],
    [
      5.141557970262265e-25,
      5.141557970262264e-25,
      3.06952840383984e-07,
      1.8598775059215423e-05,
      -1.314725668681631e-05,
      1.9601800477608843e-23
    ],
    [
      5.141557970262266e-25,
      5.141557970262265e-25,
      3.06952840383984e-07,
      -1.3147256686816311e-05,
      1.8598775059215427e-05,
      1.9601800477608846e-23
    ],
    [
      3.0695284038398387e-07,
      3.069528403839838e-07,
      5.604778515378487e-22,
      1.960180047760883e-23,
      1.9601800477608837e-23,
      1.1702344635696589e-05
    ]
  ],
  "E1": 23896.43635289994,
  "E2": 23896.436352899942,
  "G12": 37979.09378678872,
  "nu12": 0.7068883109214246,
  "nu21": 0.7068883109214247,
  "eta16": 0.0,
  "eta26": 0.0,
  "eta61": 0.0,
  "eta62": 0.0,
  "E1_bend": 23896.436352899957,
  "E2_bend": 23896.43635289995,
  "G12_bend": 37979.093786788704,
  "nu12_bend": 0.7068883109214246,
  "nu21_bend": 0.7068883109214245,
  "eng_compl": [
    [
      4.184724388323473e-05,
      -2.9581327545336716e-05,
      4.4104051074619897e-23
    ],
    [
      -2.9581327545336716e-05,
      4.184724388323472e-05,
      4.4104051074619897e-23
    ],
    [
      4.4104051074619885e-23,
      4.410405107461988e-23,
      2.6330275430317314e-05
    ]
  ],
  "eng_stiff": [
    [
      47763.362982930965,
      33763.36298293097,
      -1.3655986605460219e-13
    ],
    [
      33763.36298293097,
      47763.36298293098,
      -1.365598660546022e-13
    ],
    [
      -1.365598660546021e-13,
      -1.3655986605460214e-13,
      37979.09378678872
    ]
  ]
}