{
  "name": "MAT_GFRP_CRS16",
  "plies": [
    "gfrp-scotchply-1002_t=0.125_ang=0",
    "gfrp-scotchply-1002_t=0.125_ang=90",
    "gfrp-scotchply-1002_t=0.125_ang=0",
    "gfrp-scotchply-1002_t=0.125_ang=90",
    "gfrp-scotchply-1002_t=0.125_ang=0",
    "gfrp-scotchply-1002_t=0.125_ang=90",
    "gfrp-scotchply-1002_t=0.125_ang=0",
    "gfrp-scotchply-1002_t=0.125_ang=90",
    "gfrp-scotchply-1002_t=0.125_ang=0",
    "gfrp-scotchply-1002_t=0.125_ang=90",
    "gfrp-scotchply-1002_t=0.125_ang=0",
    "gfrp-scotchply-1002_t=0.125_ang=90",
    "gfrp-scotchply-1002_t=0.125_ang=0",
    "gfrp-scotchply-1002_t=0.125_ang=90",
    "gfrp-scotchply-1002_t=0.125_ang=0",
    "gfrp-scotchply-1002_t=0.125_ang=90"
  ],
  "stacking_seq": "[0,90,0,90,0,90,0,90,0,90,0,90,0,90,0,90]",
  "n_plies": 16,
  "thick": 2.0,
  "rho": 1.8e-09,
  "gsm": 3600.0,
  "stiff_A": [
    [
      47558.804265340616,
      4363.5989302895405,
      1.2676705153652294e-13
    ],
    [
      4363.5989302895405,
      47558.80426534061,
      1.7577029994466624e-12
    ],
    [
      1.2676705153652294e-13,
      1.7577029994466624e-12,
      8280.0
    ]
  ],
  "stiff_B": [
    [
      -1923.483216033419,
      0.0,
      7.92294072103269e-15
    ],
    [
      0.0,
      1923.4832160334204,
      1.098564374654164e-13
    ],
    [
      7.92294072103269e-15,
      1.098564374654164e-13,
      0.0
    ]
  ],
  "stiff_D": [
    [
      15852.934755113534,
      1454.5329767631802,
      4.225568384550765e-14
    ],
    [
      1454.5329767631802,
      15852.934755113536,
      5.859009998155542e-13
    ],
    [
      4.225568384550765e-14,
      5.859009998155542e-13,
      2760.0
    ]
  ],
  "stiff_ABD": [
    [
      47558.804265340616,
      4363.5989302895405,
      1.2676705153652294e-13,
      -1923.483216033419,
      0.0,
      7.92294072103269e-15
    ],
    [
      4363.5989302895405,
      47558.80426534061,
      1.7577029994466624e-12,
      0.0,
      1923.4832160334204,
      1.098564374654164e-13
    ],
    [
      1.2676705153652294e-13,
      1.7577029994466624e-12,
      8280.0,
      7.92294072103269e-15,
      1.098564374654164e-13,
      0.0
    ],
    [
      -1923.483216033419,
      0.0,
      7.92294072103269e-15,
      15852.934755113534,
      1454.5329767631802,
      4.225568384550765e-14
    ],
    [
      0.0,
      1923.4832160334204,
      1.098564374654164e-13,
      1454.5329767631802,
      15852.934755113536,
      5.859009998155542e-13
    ],
    [
      7.92294072103269e-15,
      1.098564374654164e-13,
      0.0,
      4.225568384550765e-14,
      5.859009998155542e-13,
      2760.0
    ]
  ],
  "compl_a": [
    [
      2.131057706018357e-05,
      -1.955280682517888e-06,
      8.633303745151074e-23
    ],
    [
      -1.9552806825178884e-06,
      2.131057706018357e-05,
      -4.45963128092549e-21
    ],
    [
      8.633303745151068e-23,
      -4.45963128092549e-21,
      0.00012077294685990338
    ]
  ],
  "compl_b": [
    [
      2.585675014276329e-06,
      7.295067665277783e-23,
      -2.2935411117014338e-23
    ],
    [
      1.8392503992016787e-22,
      -2.585675014276331e-06,
      -2.9371845186986407e-22
    ],
    [
      -2.293541111701433e-23,
      -2.9371845186986416e-22,
      2.3996169546727114e-37
    ]
  ],
  "compl_c": [
    [
      2.5856750142763287e-06,
      2.1994049107472753e-22,
      -2.2935411117014335e-23
    ],
    [
      1.1962049087350484e-22,
      -2.585675014276331e-06,
      -2.9371845186986416e-22
    ],
    [
      -2.2935411117014326e-23,
      -2.9371845186986416e-22,
      2.399616954672711e-37
    ]
  ],
  "compl_d": [
    [
      6.393173118055074e-05,
      -5.865842047553668e-06,
      2.589991123545322e-22
    ],
    [
      -5.865842047553668e-06,
      6.393173118055073e-05,
      -1.3378893842776471e-20
    ],
    [
      2.589991123545322e-22,
      -1.337889384277647e-20,
      0.00036231884057971015
    ]
  ],
  "compl_abcd": [
    [
      2.131057706018357e-05,
      -1.955280682517888e-06,
      8.633303745151074e-23,
      2.585675014276329e-06,
      7.295067665277783e-23,
      -2.2935411117014338e-23
    ],
    [
      -1.9552806825178884e-06,
      2.131057706018357e-05,
      -4.45963128092549e-21,
      1.8392503992016787e-22,
      -2.585675014276331e-06,
      -2.9371845186986407e-22
    ],
    [
      8.633303745151068e-23,
      -4.45963128092549e-21,
      0.00012077294685990338,
      -2.293541111701433e-23,
      -2.9371845186986416e-22,
      2.3996169546727114e-37
    ],
    [
      2.5856750142763287e-06,
      2.1994049107472753e-22,
      -2.2935411117014335e-23,
      6.393173118055074e-05,
      -5.865842047553668e-06,
      2.589991123545322e-22
    ],
    [
      1.1962049087350484e-22,
      -2.585675014276331e-06,
      -2.9371845186986416e-22,
      -5.865842047553668e-06,
      6.393173118055073e-05,
      -1.3378893842776471e-20
    ],
    [
      -2.2935411117014326e-23,
      -2.9371845186986416e-22,
      2.399616954672711e-37,
      2.589991123545322e-22,
      -1.337889384277647e-20,
      0.00036231884057971015
    ]
  ],
  "E1": 23462.52748519861,
  "E2": 23462.52748519861,
  "G12": 4140.0,
  "nu12": 0.09175165350970771,
  "nu21": 0.09175165350970768,
  "eta16": 0.0,
  "eta26": 0.0,
  "eta61": 0.0,
  "eta62": 0.0,
  "E1_bend": 23462.5274851986,
  "E2_bend": 23462.527485198603,
  "G12_bend": 4140.0,
  "nu12_bend": 0.09175165350970771,
  "nu21_bend": 0.09175165350970772,
  "eng_compl": [
    [
      4.262115412036714e-05,
      -3.910561365035776e-06,
      1.7266607490302148e-22
    ],
    [
      -3.910561365035777e-06,
      4.262115412036714e-05,
      -8.91926256185098e-21
    ],
    [
      1.7266607490302136e-22,
      -8.91926256185098e-21,
      0.00024154589371980676
    ]
  ],
  "eng_stiff": [
    [
      23661.720506763086,
      2171.0019813800714,
      6.325158359593196e-14
    ],
    [
      2171.001981380072,
      23661.720506763082,
      8.721747914232789e-13
    ],
    [
      6.325158359593199e-14,
      8.721747914232789e-13,
      4140.0
    ]
  ]
}