{
  "name": "MAT_CFRP_APHARD16",
  "plies": [
    "cfrp-as4--3501-6_t=0.125_ang=45",
    "cfrp-as4--3501-6_t=0.125_ang=-45",
    "cfrp-as4--3501-6_t=0.125_ang=0",
    "cfrp-as4--3501-6_t=0.125_ang=0",
    "cfrp-as4--3501-6_t=0.125_ang=0",
    "cfrp-as4--3501-6_t=0.125_ang=0",
    "cfrp-as4--3501-6_t=0.125_ang=-45",
    "cfrp-as4--3501-6_t=0.125_ang=45",
    "cfrp-as4--3501-6_t=0.125_ang=45",
    "cfrp-as4--3501-6_t=0.125_ang=-45",
    "cfrp-as4--3501-6_t=0.125_ang=0",
    "cfrp-as4--3501-6_t=0.125_ang=0",
    "cfrp-as4--3501-6_t=0.125_ang=0",
    "cfrp-as4--3501-6_t=0.125_ang=0",
    "cfrp-as4--3501-6_t=0.125_ang=-45",
    "cfrp-as4--3501-6_t=0.125_ang=45"
  ],
  "stacking_seq": "[45,-45,0_4,-45,45]_s",
  "n_plies": 16,
  "thick": 2.0,
  "rho": 1.6e-09,
  "gsm": 3200.0,
  "stiff_A": [
    [
      195679.26598947973,
      36719.81905123128,
      0.0
    ],
    [
      36719.81905123128,
      58277.422983644414,
      0.0
    ],
    [
      0.0,
      0.0,
      45129.262717665406
    ]
  ],
  "stiff_B": [
    [
      -3.637978807091713e-12,
      -9.094947017729282e-13,
      0.0
    ],
    [
      -9.094947017729282e-13,
      0.0,
      0.0
    ],
    [
      0.0,
      0.0,
      0.0
    ]
  ],
  "stiff_D": [
    [
      58987.03548270681,
      14185.51860359784,
      1610.177847724632
    ],
    [
      14185.51860359784,
      21774.036335293065,
      1610.177847724632
    ],
    [
      1610.177847724632,
      1610.177847724632,
      16988.66649240922
    ]
  ],
  "stiff_ABD": [
    [
      195679.26598947973,
      36719.81905123128,
      0.0,
      -3.637978807091713e-12,
      -9.094947017729282e-13,
      0.0
    ],
    [
      36719.81905123128,
      58277.422983644414,
      0.0,
      -9.094947017729282e-13,
      0.0,
      0.0
    ],
    [
      0.0,
      0.0,
      45129.262717665406,
      0.0,
      0.0,
      0.0
    ],
    [
      -3.637978807091713e-12,
      -9.094947017729282e-13,
      0.0,
      58987.03548270681,
      14185.51860359784,
      1610.177847724632
    ],
    [
      -9.094947017729282e-13,
      0.0,
      0.0,
      14185.51860359784,
      21774.036335293065,
      1610.177847724632
    ],
    [
      0.0,
      0.0,
      0.0,
      1610.177847724632,
      1610.177847724632,
      16988.66649240922
    ]
  ],
  "compl_a": [
    [
      5.79567007900124e-06,
      -3.651773631810859e-06,
      0.0
    ],
    [
      -3.6517736318108592e-06,
      1.9460237068039814e-05,
      0.0
    ],
    [
      0.0,
      0.0,
      2.215857161806811e-05
    ]
  ],
  "compl_b": [
    [
      2.8841954135334382e-22,
      5.659972676775528e-23,
      -3.270076452527828e-23
    ],
    [
      1.3211225573178966e-22,
      -2.3935461537077764e-22,
      1.0164380583112407e-23
    ],
    [
      0.0,
      0.0,
      0.0
    ]
  ],
  "compl_c": [
    [
      2.8841954135334382e-22,
      1.3211225573178968e-22,
      0.0
    ],
    [
      5.659972676775521e-23,
      -2.3935461537077764e-22,
      0.0
    ],
    [
      -3.270076452527827e-23,
      1.0164380583112405e-23,
      0.0
    ]
  ],
  "compl_d": [
    [
      2.010993042871536e-05,
      -1.305190499147398e-05,
      -6.689563429125488e-07
    ],
    [
      -1.305190499147398e-05,
      5.472147168946348e-05,
      -3.94942200150706e-06
    ],
    [
      -6.689563429125487e-07,
      -3.94942200150706e-06,
      5.930049959793682e-05
    ]
  ],
  "compl_abcd": [
    [
      5.79567007900124e-06,
      -3.651773631810859e-06,
      0.0,
      2.8841954135334382e-22,
      5.659972676775528e-23,
      -3.270076452527828e-23
    ],
    [
      -3.6517736318108592e-06,
      1.9460237068039814e-05,
      0.0,
      1.3211225573178966e-22,
      -2.3935461537077764e-22,
      1.0164380583112407e-23
    ],
    [
      0.0,
      0.0,
      2.215857161806811e-05,
      0.0,
      0.0,
      0.0
    ],
    [
      2.8841954135334382e-22,
      1.3211225573178968e-22,
      0.0,
      2.010993042871536e-05,
      -1.305190499147398e-05,
      -6.689563429125488e-07
    ],
    [
      5.659972676775521e-23,
      -2.3935461537077764e-22,
      0.0,
      -1.305190499147398e-05,
      5.472147168946348e-05,
      -3.94942200150706e-06
    ],
    [
      -3.270076452527827e-23,
      1.0164380583112405e-23,
      0.0,
      -6.689563429125487e-07,
      -3.94942200150706e-06,
      5.930049959793682e-05
    ]
  ],
  "E1": 86271.30136540905,
  "E2": 25693.417724143063,
  "G12": 22564.631358832703,
  "nu12": 0.6300865270164179,
  "nu21": 0.1876530907122548,
  "eta16": 0.0,
  "eta26": 0.0,
  "eta61": 0.0,
  "eta62": 0.0,
  "E1_bend": 74590.01438702746,
  "E2_bend": 27411.54347076565,
  "G12_bend": 25294.896504585064,
  "nu12_bend": 0.6490278540614398,
  "nu21_bend": 0.23851524070006144,
  "eng_compl": [
    [
      1.159134015800248e-05,
      -7.303547263621718e-06,
      0.0
    ],
    [
      -7.3035472636217184e-06,
      3.892047413607963e-05,
      0.0
    ],
    [
      0.0,
      0.0,
      4.431714323613622e-05
    ]
  ],
  "eng_stiff": [
    [
      97839.63299473985,
      18359.909525615636,
      0.0
    ],
    [
      18359.90952561564,
      29138.711491822207,
      0.0
    ],
    [
      0.0,
      0.0,
      22564.631358832703
    ]
  ]
}