{
  "name": "MAT_CFRP_CRS24",
  "plies": [
    "cfrp-as4--3501-6_t=0.125_ang=0",
    "cfrp-as4--3501-6_t=0.125_ang=90",
    "cfrp-as4--3501-6_t=0.125_ang=0",
    "cfrp-as4--3501-6_t=0.125_ang=90",
    "cfrp-as4--3501-6_t=0.125_ang=0",
    "cfrp-as4--3501-6_t=0.125_ang=90",
    "cfrp-as4--3501-6_t=0.125_ang=0",
    "cfrp-as4--3501-6_t=0.125_ang=90",
    "cfrp-as4--3501-6_t=0.125_ang=0",
    "cfrp-as4--3501-6_t=0.125_ang=90",
    "cfrp-as4--3501-6_t=0.125_ang=0",
    "cfrp-as4--3501-6_t=0.125_ang=90",
    "cfrp-as4--3501-6_t=0.125_ang=0",
    "cfrp-as4--3501-6_t=0.125_ang=90",
    "cfrp-as4--3501-6_t=0.125_ang=0",
    "cfrp-as4--3501-6_t=0.125_ang=90",
    "cfrp-as4--3501-6_t=0.125_ang=0",
    "cfrp-as4--3501-6_t=0.125_ang=90",
    "cfrp-as4--3501-6_t=0.125_ang=0",
    "cfrp-as4--3501-6_t=0.125_ang=90",
    "cfrp-as4--3501-6_t=0.125_ang=0",
    "cfrp-as4--3501-6_t=0.125_ang=90",
    "cfrp-as4--3501-6_t=0.125_ang=0",
    "cfrp-as4--3501-6_t=0.125_ang=90"
  ],
  "stacking_seq": "[0,90,0,90,0,90,0,90,0,90,0,90,0,90,0,90,0,90,0,90,0,90,0,90]",
  "n_plies": 24,
  "thick": 3.0,
  "rho": 1.6e-09,
  "gsm": 4800.0,
  "stiff_A": [
    [
      237161.4108063412,
      8385.834500348823,
      5.917244792257311e-13
    ],
    [
      8385.834500348823,
      237161.4108063412,
      1.202843006332752e-11
    ],
    [
      5.917244792257311e-13,
      1.202843006332752e-11,
      21000.0
    ]
  ],
  "stiff_B": [
    [
      -12881.422781797039,
      3.410605131648481e-13,
      3.698277995160822e-14
    ],
    [
      3.410605131648481e-13,
      12881.42278179705,
      7.517768789579712e-13
    ],
    [
      3.698277995160822e-14,
      7.517768789579712e-13,
      0.0
    ]
  ],
  "stiff_D": [
    [
      177871.05810475594,
      6289.375875261617,
      4.437933594192983e-13
    ],
    [
      6289.375875261617,
      177871.0581047559,
      9.021322547495639e-12
    ],
    [
      4.437933594192983e-13,
      9.021322547495639e-12,
      15749.999999999998
    ]
  ],
  "stiff_ABD": [
    [
      237161.4108063412,
      8385.834500348823,
      5.917244792257311e-13,
      -12881.422781797039,
      3.410605131648481e-13,
      3.698277995160822e-14
    ],
    [
      8385.834500348823,
      237161.4108063412,
      1.202843006332752e-11,
      3.410605131648481e-13,
      12881.42278179705,
      7.517768789579712e-13
    ],
    [
      5.917244792257311e-13,
      1.202843006332752e-11,
      21000.0,
      3.698277995160822e-14,
      7.517768789579712e-13,
      0.0
    ],
    [
      -12881.422781797039,
      3.410605131648481e-13,
      3.698277995160822e-14,
      177871.05810475594,
      6289.375875261617,
      4.437933594192983e-13
    ],
    [
      3.410605131648481e-13,
      12881.42278179705,
      7.517768789579712e-13,
      6289.375875261617,
      177871.0581047559,
      9.021322547495639e-12
    ],
    [
      3.698277995160822e-14,
      7.517768789579712e-13,
      0.0,
      4.437933594192983e-13,
      9.021322547495639e-12,
      15749.999999999998
    ]
  ],
  "compl_a": [
    [
      4.238509008842778e-06,
      -1.4987022954344267e-07,
      -3.4127520507826784e-23
    ],
    [
      -1.4987022954344264e-07,
      4.238509008842778e-06,
      -2.4125317739899907e-21
    ],
    [
      -3.4127520507826767e-23,
      -2.412531773989991e-21,
      4.761904761904762e-05
    ]
  ],
  "compl_b": [
    [
      3.069528403839832e-07,
      3.6572633593273094e-24,
      -1.1448032050753082e-23
    ],
    [
      -1.830920828808184e-24,
      -3.0695284038398345e-07,
      -2.6142849295790798e-23
    ],
    [
      -1.1448032050753081e-23,
      -2.6142849295790792e-23,
      1.3053151583674984e-37
    ]
  ],
  "compl_c": [
    [
      3.0695284038398313e-07,
      1.223908046519273e-24,
      -1.1448032050753078e-23
    ],
    [
      5.8408406012127344e-24,
      -3.069528403839835e-07,
      -2.6142849295790815e-23
    ],
    [
      -1.1448032050753082e-23,
      -2.6142849295790792e-23,
      1.3053151583674986e-37
    ]
  ],
  "compl_d": [
    [
      5.651345345123703e-06,
      -1.9982697272459016e-07,
      -4.550336067710238e-23
    ],
    [
      -1.9982697272459016e-07,
      5.651345345123704e-06,
      -3.216709031986655e-21
    ],
    [
      -4.5503360677102383e-23,
      -3.216709031986655e-21,
      6.34920634920635e-05
    ]
  ],
  "compl_abcd": [
    [
      4.238509008842778e-06,
      -1.4987022954344267e-07,
      -3.4127520507826784e-23,
      3.069528403839832e-07,
      3.6572633593273094e-24,
      -1.1448032050753082e-23
    ],
    [
      -1.4987022954344264e-07,
      4.238509008842778e-06,
      -2.4125317739899907e-21,
      -1.830920828808184e-24,
      -3.0695284038398345e-07,
      -2.6142849295790798e-23
    ],
    [
      -3.4127520507826767e-23,
      -2.412531773989991e-21,
      4.761904761904762e-05,
      -1.1448032050753081e-23,
      -2.6142849295790792e-23,
      1.3053151583674984e-37
    ],
    [
      3.0695284038398313e-07,
      1.223908046519273e-24,
      -1.1448032050753078e-23,
      5.651345345123703e-06,
      -1.9982697272459016e-07,
      -4.550336067710238e-23
    ],
    [
      5.8408406012127344e-24,
      -3.069528403839835e-07,
      -2.6142849295790815e-23,
      -1.9982697272459016e-07,
      5.651345345123704e-06,
      -3.216709031986655e-21
    ],
    [
      -1.1448032050753082e-23,
      -2.6142849295790792e-23,
      1.3053151583674986e-37,
      -4.5503360677102383e-23,
      -3.216709031986655e-21,
      6.34920634920635e-05
    ]
  ],
  "E1": 78644.00727659227,
  "E2": 78644.00727659227,
  "G12": 6999.999999999999,
  "nu12": 0.03535918626827717,
  "nu21": 0.03535918626827718,
  "eta16": 0.0,
  "eta26": 0.0,
  "eta61": 0.0,
  "eta62": 0.0,
  "E1_bend": 78644.00727659228,
  "E2_bend": 78644.00727659228,
  "G12_bend": 6999.999999999998,
  "nu12_bend": 0.03535918626827717,
  "nu21_bend": 0.035359186268277165,
  "eng_compl": [
    [
      1.2715527026528334e-05,
      -4.4961068863032806e-07,
      -1.0238256152348036e-22
    ],
    [
      -4.4961068863032795e-07,
      1.2715527026528334e-05,
      -7.237595321969973e-21
    ],
    [
      -1.0238256152348031e-22,
      -7.237595321969973e-21,
      0.00014285714285714287
    ]
  ],
  "eng_stiff": [
    [
      78742.45676971969,
      2784.269196142282,
      1.9749287693688202e-13
    ],
    [
      2784.2691961422815,
      78742.45676971969,
      3.991337681584525e-12
    ],
    [
      1.9749287693688197e-13,
      3.991337681584526e-12,
      6999.999999999999
    ]
  ]
}