{
  "name": "MAT_CFRPHM_UD16",
  "plies": [
    "cfrp-t300--5208_t=0.125_ang=0",
    "cfrp-t300--5208_t=0.125_ang=0",
    "cfrp-t300--5208_t=0.125_ang=0",
    "cfrp-t300--5208_t=0.125_ang=0",
    "cfrp-t300--5208_t=0.125_ang=0",
    "cfrp-t300--5208_t=0.125_ang=0",
    "cfrp-t300--5208_t=0.125_ang=0",
    "cfrp-t300--5208_t=0.125_ang=0",
    "cfrp-t300--5208_t=0.125_ang=0",
    "cfrp-t300--5208_t=0.125_ang=0",
    "cfrp-t300--5208_t=0.125_ang=0",
    "cfrp-t300--5208_t=0.125_ang=0",
    "cfrp-t300--5208_t=0.125_ang=0",
    "cfrp-t300--5208_t=0.125_ang=0",
    "cfrp-t300--5208_t=0.125_ang=0",
    "cfrp-t300--5208_t=0.125_ang=0"
  ],
  "stacking_seq": "[0_8]_s",
  "n_plies": 16,
  "thick": 2.0,
  "rho": 1.6e-09,
  "gsm": 3200.0,
  "stiff_A": [
    [
      363622.2776888358,
      5793.848888699461,
      0.0
    ],
    [
      5793.848888699461,
      20692.31745964093,
      0.0
    ],
    [
      0.0,
      0.0,
      14340.0
    ]
  ],
  "stiff_B": [
    [
      -7.275957614183426e-12,
      0.0,
      0.0
    ],
    [
      5.684341886080802e-14,
      -6.821210263296962e-13,
      0.0
    ],
    [
      0.0,
      0.0,
      0.0
    ]
  ],
  "stiff_D": [
    [
      121207.42589627861,
      1931.2829628998204,
      0.0
    ],
    [
      1931.2829628998204,
      6897.439153213644,
      0.0
    ],
    [
      0.0,
      0.0,
      4780.0
    ]
  ],
  "stiff_ABD": [
    [
      363622.2776888358,
      5793.848888699461,
      0.0,
      -7.275957614183426e-12,
      0.0,
      0.0
    ],
    [
      5793.848888699461,
      20692.31745964093,
      0.0,
      5.684341886080802e-14,
      -6.821210263296962e-13,
      0.0
    ],
    [
      0.0,
      0.0,
      14340.0,
      0.0,
      0.0,
      0.0
    ],
    [
      -7.275957614183426e-12,
      0.0,
      0.0,
      121207.42589627861,
      1931.2829628998204,
      0.0
    ],
    [
      5.684341886080802e-14,
      -6.821210263296962e-13,
      0.0,
      1931.2829628998204,
      6897.439153213644,
      0.0
    ],
    [
      0.0,
      0.0,
      0.0,
      0.0,
      0.0,
      4780.0
    ]
  ],
  "compl_a": [
    [
      2.762430939226519e-06,
      -7.734806629834255e-07,
      0.0
    ],
    [
      -7.734806629834255e-07,
      4.854368932038836e-05,
      0.0
    ],
    [
      0.0,
      0.0,
      6.97350069735007e-05
    ]
  ],
  "compl_b": [
    [
      1.6815768886622893e-22,
      -1.2357738637987855e-22,
      0.0
    ],
    [
      -1.4634322968265668e-22,
      4.841695682333868e-21,
      0.0
    ],
    [
      0.0,
      0.0,
      0.0
    ]
  ],
  "compl_c": [
    [
      1.6815768886622895e-22,
      -1.2357738637987855e-22,
      0.0
    ],
    [
      -1.4634322968265663e-22,
      4.841695682333867e-21,
      0.0
    ],
    [
      0.0,
      0.0,
      0.0
    ]
  ],
  "compl_d": [
    [
      8.287292817679558e-06,
      -2.320441988950276e-06,
      0.0
    ],
    [
      -2.3204419889502766e-06,
      0.00014563106796116506,
      0.0
    ],
    [
      0.0,
      0.0,
      0.00020920502092050208
    ]
  ],
  "compl_abcd": [
    [
      2.762430939226519e-06,
      -7.734806629834255e-07,
      0.0,
      1.6815768886622893e-22,
      -1.2357738637987855e-22,
      0.0
    ],
    [
      -7.734806629834255e-07,
      4.854368932038836e-05,
      0.0,
      -1.4634322968265668e-22,
      4.841695682333868e-21,
      0.0
    ],
    [
      0.0,
      0.0,
      6.97350069735007e-05,
      0.0,
      0.0,
      0.0
    ],
    [
      1.6815768886622895e-22,
      -1.2357738637987855e-22,
      0.0,
      8.287292817679558e-06,
      -2.320441988950276e-06,
      0.0
    ],
    [
      -1.4634322968265663e-22,
      4.841695682333867e-21,
      0.0,
      -2.3204419889502766e-06,
      0.00014563106796116506,
      0.0
    ],
    [
      0.0,
      0.0,
      0.0,
      0.0,
      0.0,
      0.00020920502092050208
    ]
  ],
  "E1": 181000.0,
  "E2": 10299.999999999998,
  "G12": 7170.0,
  "nu12": 0.28,
  "nu21": 0.01593370165745856,
  "eta16": 0.0,
  "eta26": 0.0,
  "eta61": 0.0,
  "eta62": 0.0,
  "E1_bend": 181000.0,
  "E2_bend": 10300.0,
  "G12_bend": 7170.0,
  "nu12_bend": 0.27999999999999997,
  "nu21_bend": 0.01593370165745856,
  "eng_compl": [
    [
      5.524861878453038e-06,
      -1.5469613259668508e-06,
      0.0
    ],
    [
      -1.546961325966851e-06,
      9.708737864077672e-05,
      0.0
    ],
    [
      0.0,
      0.0,
      0.0001394700139470014
    ]
  ],
  "eng_stiff": [
    [
      181811.1388444179,
      2896.92444434973,
      0.0
    ],
    [
      2896.9244443497305,
      10346.158729820465,
      0.0
    ],
    [
      0.0,
      0.0,
      7170.0
    ]
  ]
}