{
  "name": "MAT_SAND_CRS_H100",
  "plies": [
    "cfrp-as4--3501-6_t=0.125_ang=0",
    "cfrp-as4--3501-6_t=0.125_ang=90",
    "cfrp-as4--3501-6_t=0.125_ang=90",
    "cfrp-as4--3501-6_t=0.125_ang=0",
    "divinycell-h100_t=5.0_ang=0",
    "cfrp-as4--3501-6_t=0.125_ang=0",
    "cfrp-as4--3501-6_t=0.125_ang=90",
    "cfrp-as4--3501-6_t=0.125_ang=90",
    "cfrp-as4--3501-6_t=0.125_ang=0"
  ],
  "stacking_seq": "[0,90_2,0_3,90_2,0]",
  "n_plies": 9,
  "thick": 6.0,
  "rho": 3.5000000000000003e-10,
  "gsm": 2100.0000000000005,
  "stiff_A": [
    [
      79053.80360211374,
      2795.278166782941,
      1.972414930752437e-13
    ],
    [
      2795.278166782941,
      79053.80360211374,
      4.00947668777584e-12
    ],
    [
      1.972414930752437e-13,
      4.00947668777584e-12,
      7000.0
    ]
  ],
  "stiff_B": [
    [
      -7.275957614183426e-12,
      2.2737367544323206e-13,
      -2.524354896707238e-29
    ],
    [
      2.2737367544323206e-13,
      0.0,
      0.0
    ],
    [
      -2.524354896707238e-29,
      0.0,
      0.0
    ]
  ],
  "stiff_D": [
    [
      600564.7958811789,
      21197.52609810397,
      1.4926660908246306e-12
    ],
    [
      21197.52609810397,
      598417.8920842127,
      3.0342550142386955e-11
    ],
    [
      1.4926660908246306e-12,
      3.0342550142386955e-11,
      53083.33333333332
    ]
  ],
  "stiff_ABD": [
    [
      79053.80360211374,
      2795.278166782941,
      1.972414930752437e-13,
      -7.275957614183426e-12,
      2.2737367544323206e-13,
      -2.524354896707238e-29
    ],
    [
      2795.278166782941,
      79053.80360211374,
      4.00947668777584e-12,
      2.2737367544323206e-13,
      0.0,
      0.0
    ],
    [
      1.972414930752437e-13,
      4.00947668777584e-12,
      7000.0,
      -2.524354896707238e-29,
      0.0,
      0.0
    ],
    [
      -7.275957614183426e-12,
      2.2737367544323206e-13,
      -2.524354896707238e-29,
      600564.7958811789,
      21197.52609810397,
      1.4926660908246306e-12
    ],
    [
      2.2737367544323206e-13,
      0.0,
      0.0,
      21197.52609810397,
      598417.8920842127,
      3.0342550142386955e-11
    ],
    [
      -2.524354896707238e-29,
      0.0,
      0.0,
      1.4926660908246306e-12,
      3.0342550142386955e-11,
      53083.33333333332
    ]
  ],
  "compl_a": [
    [
      1.2665447980593288e-05,
      -4.47839934316973e-07,
      -1.0036401338001185e-22
    ],
    [
      -4.4783993431697295e-07,
      1.2665447980593286e-05,
      -7.24192654301757e-21
    ],
    [
      -1.0036401338001189e-22,
      -7.24192654301757e-21,
      0.00014285714285714287
    ]
  ],
  "compl_b": [
    [
      1.539762510412186e-22,
      -1.026657982604641e-23,
      7.561694330846817e-39
    ],
    [
      -1.0239610270387106e-23,
      5.328741370118912e-25,
      -2.2962971113354497e-40
    ],
    [
      7.538658071430845e-39,
      -2.2890486467960382e-40,
      -1.2886692292858943e-55
    ]
  ],
  "compl_c": [
    [
      1.5397625104121857e-22,
      -1.0239610270387104e-23,
      7.538658071430845e-39
    ],
    [
      -1.026657982604641e-23,
      5.328741370118911e-25,
      -2.289048646796038e-40
    ],
    [
      7.561694330846815e-39,
      -2.2962971113354492e-40,
      -1.2886692292858949e-55
    ]
  ],
  "compl_d": [
    [
      1.6671837045331321e-06,
      -5.905600510053175e-08,
      -1.312349363190051e-23
    ],
    [
      -5.905600510053175e-08,
      1.6731649478630003e-06,
      -9.547241525414924e-22
    ],
    [
      -1.3123493631900515e-23,
      -9.547241525414924e-22,
      1.883830455259027e-05
    ]
  ],
  "compl_abcd": [
    [
      1.2665447980593288e-05,
      -4.47839934316973e-07,
      -1.0036401338001185e-22,
      1.539762510412186e-22,
      -1.026657982604641e-23,
      7.561694330846817e-39
    ],
    [
      -4.4783993431697295e-07,
      1.2665447980593286e-05,
      -7.24192654301757e-21,
      -1.0239610270387106e-23,
      5.328741370118912e-25,
      -2.2962971113354497e-40
    ],
    [
      -1.0036401338001189e-22,
      -7.24192654301757e-21,
      0.00014285714285714287,
      7.538658071430845e-39,
      -2.2890486467960382e-40,
      -1.2886692292858943e-55
    ],
    [
      1.5397625104121857e-22,
      -1.0239610270387104e-23,
      7.538658071430845e-39,
      1.6671837045331321e-06,
      -5.905600510053175e-08,
      -1.312349363190051e-23
    ],
    [
      -1.026657982604641e-23,
      5.328741370118911e-25,
      -2.289048646796038e-40,
      -5.905600510053175e-08,
      1.6731649478630003e-06,
      -9.547241525414924e-22
    ],
    [
      7.561694330846815e-39,
      -2.2962971113354492e-40,
      -1.2886692292858949e-55,
      -1.3123493631900515e-23,
      -9.547241525414924e-22,
      1.883830455259027e-05
    ]
  ],
  "E1": 13159.160806790467,
  "E2": 13159.160806790467,
  "G12": 1166.6666666666665,
  "nu12": 0.035359186268277165,
  "nu21": 0.03535918626827717,
  "eta16": 0.0,
  "eta26": 0.0,
  "eta61": 0.0,
  "eta62": 0.0,
  "E1_bend": 33322.99578294702,
  "E2_bend": 33203.8724732503,
  "G12_bend": 2949.0740740740735,
  "nu12_bend": 0.03542261416060891,
  "nu21_bend": 0.03529598511847816,
  "eng_compl": [
    [
      7.599268788355972e-05,
      -2.6870396059018384e-06,
      -6.021840802800711e-22
    ],
    [
      -2.6870396059018375e-06,
      7.599268788355972e-05,
      -4.345155925810542e-20
    ],
    [
      -6.0218408028007135e-22,
      -4.345155925810542e-20,
      0.0008571428571428572
    ]
  ],
  "eng_stiff": [
    [
      13175.633933685624,
      465.87969446382345,
      3.287358217920728e-14
    ],
    [
      465.87969446382334,
      13175.633933685624,
      6.682461146293068e-13
    ],
    [
      3.287358217920728e-14,
      6.682461146293068e-13,
      1166.6666666666665
    ]
  ]
}