{
  "name": "MAT_SAND_AP_HC",
  "plies": [
    "cfrp-as4--3501-6_t=0.125_ang=45",
    "cfrp-as4--3501-6_t=0.125_ang=-45",
    "cfrp-as4--3501-6_t=0.125_ang=-45",
    "cfrp-as4--3501-6_t=0.125_ang=45",
    "al-honeycomb-pamg-5052_t=5.0_ang=0",
    "cfrp-as4--3501-6_t=0.125_ang=45",
    "cfrp-as4--3501-6_t=0.125_ang=-45",
    "cfrp-as4--3501-6_t=0.125_ang=-45",
    "cfrp-as4--3501-6_t=0.125_ang=45"
  ],
  "stacking_seq": "[45,-45_2,45,0,45,-45_2,45]",
  "n_plies": 9,
  "thick": 6.0,
  "rho": 3.75e-10,
  "gsm": 2250.0,
  "stiff_A": [
    [
      47924.54088444833,
      33924.54088444833,
      0.0
    ],
    [
      33924.54088444833,
      47924.54088444833,
      0.0
    ],
    [
      0.0,
      0.0,
      38129.2627176654
    ]
  ],
  "stiff_B": [
    [
      -1.8189894035458565e-11,
      0.0,
      0.0
    ],
    [
      0.0,
      -1.8189894035458565e-11,
      0.0
    ],
    [
      0.0,
      0.0,
      0.0
    ]
  ],
  "stiff_D": [
    [
      363427.7683737332,
      257261.10170706647,
      536.7259492415469
    ],
    [
      257261.10170706647,
      363427.7683737332,
      536.7259492415469
    ],
    [
      536.7259492415469,
      536.7259492415469,
      289146.9089422959
    ]
  ],
  "stiff_ABD": [
    [
      47924.54088444833,
      33924.54088444833,
      0.0,
      -1.8189894035458565e-11,
      0.0,
      0.0
    ],
    [
      33924.54088444833,
      47924.54088444833,
      0.0,
      0.0,
      -1.8189894035458565e-11,
      0.0
    ],
    [
      0.0,
      0.0,
      38129.2627176654,
      0.0,
      0.0,
      0.0
    ],
    [
      -1.8189894035458565e-11,
      0.0,
      0.0,
      363427.7683737332,
      257261.10170706647,
      536.7259492415469
    ],
    [
      0.0,
      -1.8189894035458565e-11,
      0.0,
      257261.10170706647,
      363427.7683737332,
      536.7259492415469
    ],
    [
      0.0,
      0.0,
      0.0,
      536.7259492415469,
      536.7259492415469,
      289146.9089422959
    ]
  ],
  "compl_a": [
    [
      4.1823089737423875e-05,
      -2.9605481691147553e-05,
      0.0
    ],
    [
      -2.9605481691147553e-05,
      4.182308973742387e-05,
      0.0
    ],
    [
      0.0,
      0.0,
      2.622657582982052e-05
    ]
  ],
  "compl_b": [
    [
      6.2980743980668376e-21,
      -5.940024302622926e-21,
      -6.646267741755879e-25
    ],
    [
      -5.940024302622924e-21,
      6.298074398066838e-21,
      -6.646267741755876e-25
    ],
    [
      0.0,
      0.0,
      0.0
    ]
  ],
  "compl_c": [
    [
      6.298074398066839e-21,
      -5.9400243026229256e-21,
      0.0
    ],
    [
      -5.9400243026229256e-21,
      6.2980743980668376e-21,
      0.0
    ],
    [
      -6.64626774175588e-25,
      -6.64626774175587e-25,
      0.0
    ]
  ],
  "compl_d": [
    [
      5.51513529869633e-06,
      -3.904016977598797e-06,
      -2.9906216649339765e-09
    ],
    [
      -3.904016977598796e-06,
      5.515135298696331e-06,
      -2.990621664933976e-09
    ],
    [
      -2.9906216649339765e-09,
      -2.9906216649339765e-09,
      3.458460662597197e-06
    ]
  ],
  "compl_abcd": [
    [
      4.1823089737423875e-05,
      -2.9605481691147553e-05,
      0.0,
      6.2980743980668376e-21,
      -5.940024302622926e-21,
      -6.646267741755879e-25
    ],
    [
      -2.9605481691147553e-05,
      4.182308973742387e-05,
      0.0,
      -5.940024302622924e-21,
      6.298074398066838e-21,
      -6.646267741755876e-25
    ],
    [
      0.0,
      0.0,
      2.622657582982052e-05,
      0.0,
      0.0,
      0.0
    ],
    [
      6.298074398066839e-21,
      -5.9400243026229256e-21,
      0.0,
      5.51513529869633e-06,
      -3.904016977598797e-06,
      -2.9906216649339765e-09
    ],
    [
      -5.9400243026229256e-21,
      6.2980743980668376e-21,
      0.0,
      -3.904016977598796e-06,
      5.515135298696331e-06,
      -2.990621664933976e-09
    ],
    [
      -6.64626774175588e-25,
      -6.64626774175587e-25,
      0.0,
      -2.9906216649339765e-09,
      -2.9906216649339765e-09,
      3.458460662597197e-06
    ]
  ],
  "E1": 3985.039549039607,
  "E2": 3985.039549039608,
  "G12": 6354.8771196109,
  "nu12": 0.707874092445546,
  "nu21": 0.7078740924455461,
  "eta16": 0.0,
  "eta26": 0.0,
  "eta61": 0.0,
  "eta62": 0.0,
  "E1_bend": 10073.289692219843,
  "E2_bend": 10073.289692219842,
  "G12_bend": 16063.665594459892,
  "nu12_bend": 0.7078732916165501,
  "nu21_bend": 0.70787329161655,
  "eng_compl": [
    [
      0.00025093853842454326,
      -0.00017763289014688532,
      0.0
    ],
    [
      -0.00017763289014688534,
      0.0002509385384245432,
      0.0
    ],
    [
      0.0,
      0.0,
      0.00015735945497892312
    ]
  ],
  "eng_stiff": [
    [
      7987.423480741389,
      5654.090147408054,
      0.0
    ],
    [
      5654.090147408055,
      7987.423480741389,
      0.0
    ],
    [
      0.0,
      0.0,
      6354.8771196109
    ]
  ]
}